Table 6: Average Employment Incomes by Area and Economic Sector,,,,,,,,,,,,,,,,,,,,,,,,,,,,,,,,,,,,,,,,,,,,,,,,,,
Source: BC Stats,,,,,,,,,,,,,,,,,,,,,,,,,,,,,,,,,,,,,,,,,,,,,,,,,,
,,,,,,,,,,,,,,,,,,,,,,,,,,,,,,,,,,,,,,,,,,,,,,,,,,
,,,,,,,Sector Aggregations,,,,,,,,,,,,,,,,,,,,,,,,,,,,,,,,,,,,,,,,,,,
,,,,,,Total,Forestry,,,Mining,Oil and Gas,"Fishing, Hunting and Trapping",Agriculture and Food,,,Tourism,,,,,,,Public Sector,,,,,,,,Construction,Film and TV,High Tech Manufacturing,Other Manufacturing,Utilities,Truck Transport,Water Transport,Rail Transport,Other Transport,Retail Trade,Wholesale Trade,Business Services,FIRE,Information and Communications Technology,Other Services,,,,,
Key,Region Name,Ref_Year,Statistic,Geo_Type,Parent_RD,Total,Forestry Total,Forestry: Logging,Forestry: Wood Manufacturing,Mining Total,Oil and Gas Total,Fishing Total,Agriculture Total,"Agriculture: Farming, Greenhouses and Aquaculture",Agriculture: Food Processing,Tourism Total,Tourism: Transportation,Tourism: Accommodation,Tourism: Food and beverage,Tourism: Recreation and entertainment,Tourism: Retail,Tourism: Other,Public Sector Total,Public Sector: Federal Government,Public Sector: Provincial Government,Public Sector: Health,Public Sector: Social Services,Public Sector: Education,Public Sector: Local Government,Public Sector: Indigenous Government,Construction Total,Film and TV Total,High Tech Manufacturing Total,Other Manufacturing Total,Utilities Total,Truck Transport Total,Water Transport Total,Rail Transport Total,Other Transport Total,Retail Trade Total,Wholesale Trade Total,Business Services Total,FIRE Total,ICT Total,Other Services Total,Other Services: Accommodation,Other Services: Food Services,Other Services: Recreation and Entertainment,Other Services: Other,
1,British Columbia,2010,Average Employment Income,PROV,NA,"45,320","57,200","53,500","59,100","86,600","40,800","30,500","30,500","22,300","42,000","32,700","49,200","32,800","21,600","28,400","32,300","37,200","51,100","61,400","59,800","50,000","34,700","48,300","58,900","34,200","45,200","40,500","61,000","47,200","84,500","43,400","65,800","65,900","53,200","30,600","54,200","42,300","60,400","59,200","26,300","32,700","18,100","28,300","32,800",
2,East Kootenay,2010,Average Employment Income,RD,East Kootenay,"47,920","61,000","50,900","66,700","113,500","35,400",0,"22,600","17,200","33,400","30,200","37,500","32,300","20,800","26,800","29,700","48,200","46,400","52,900","43,800","46,200","29,300","48,600","53,800","36,000","41,900","12,800","70,900","57,600","54,900","56,300",0,"73,500","42,300","28,400","73,100","35,000","38,600","47,500","26,200","32,300","17,700","27,300","30,200",
3,Cranbrook,2010,Average Employment Income,EDA,East Kootenay,"42,120","63,000","56,700","65,800","83,300",0,"26,000","21,500","20,400","26,000","31,100","33,400","40,000","20,100","20,600","26,400","53,700","47,000","56,800","50,800","44,900","31,600","50,200","48,000","36,000","42,000","8,500","85,900","62,900","52,000","44,400","51,000","74,900","39,100","28,400","61,500","35,100","37,000","61,900","26,500","40,000","15,500","21,700","33,400",
4,Fernie,2010,Average Employment Income,EDA,East Kootenay,"58,450","57,500","48,000","70,000","98,000","35,100",0,"2,600","2,600",0,"26,900","35,200","29,600","18,900","22,000","18,000","60,000","47,500","56,000","27,600","52,700","19,000","47,900","56,400","40,000","56,000",0,"66,000","43,400","25,000","113,900","24,000","24,000","75,800","24,600","99,600","34,600","36,400","34,800","21,600","29,600","17,400","22,800","20,600",
5,Invermere,2010,Average Employment Income,EDA,East Kootenay,"51,950","54,200","44,000","58,000","667,400",0,0,"24,500","23,800","25,000","36,500","42,800","32,000","38,200","37,600","29,700","82,200","44,800","50,000","70,000","38,200","37,000","50,400","54,000","31,000","37,800","34,100",0,0,"73,300","42,000",0,0,"80,000","31,500","82,200","37,300","41,000","39,800","33,100","32,200","25,600","37,900","34,100",
6,Kimberley,2010,Average Employment Income,EDA,East Kootenay,"39,280","70,500","56,000","75,700","86,200","39,300",0,0,0,0,"26,700","37,300","27,200","26,900","19,700","36,500","52,100","45,300","44,000","45,000","46,100","16,000","44,400","55,000",0,"30,300","44,100",0,0,0,"52,000",0,0,0,"35,100","52,100","26,400","24,300","26,900","24,600","27,200","18,200","22,900","31,100",
7,Central Kootenay,2010,Average Employment Income,RD,Central Kootenay,"39,080","55,300","44,100","60,400","76,800","10,600",0,"22,100","9,700","42,500","26,700","40,700","23,900","19,100","22,700","24,600","37,800","45,000","48,900","56,800","40,700","35,200","47,500","47,600","28,000","37,100","60,000","32,000","38,300","76,800","45,500","48,000","70,000","63,200","27,200","47,700","31,600","52,300","51,000","20,500","24,000","14,200","19,700","25,900",
8,Castlegar-Arrow Lakes,2010,Average Employment Income,EDA,Central Kootenay,"42,720","61,200","40,900","66,800","74,800",0,"11,000","5,600","4,800","11,000","24,400","35,700","24,800","16,800","20,000","22,200","38,000","44,700","46,000","52,000","41,900","20,000","50,600","48,000",0,"45,100",0,"38,000","38,000","72,000","38,100",0,0,"40,000","28,000","55,900","36,500","47,200","79,400","20,500","24,800","14,100","20,000","29,400",
9,Creston,2010,Average Employment Income,EDA,Central Kootenay,"38,760","49,000","36,000","49,800","120,000",0,0,"42,300","26,400","52,200","25,500","35,000","16,500","31,200","17,500","23,800","60,000","42,800","74,000","52,000","34,300","30,400","47,500","44,000","28,000","43,700","20,000",0,"10,700","64,000","40,000",0,0,0,"29,600","60,000","34,300","64,900","28,400","18,500","16,500","16,900","17,500","19,400",
10,Nelson,2010,Average Employment Income,EDA,Central Kootenay,"39,160","46,200","43,600","50,000","81,600",0,0,"12,300","1,600","41,300","23,500","34,500","20,800","16,900","23,400","26,100","66,400","50,000","48,000","60,800","45,500","50,800","48,400","57,200",0,"35,100","68,000",0,"73,300","94,000","52,900",0,0,0,"26,200","62,700","32,000","63,700","51,700","21,400","20,800","14,300","19,700","32,600",
11,Slocan Valley,2010,Average Employment Income,EDA,Central Kootenay,"32,720","55,900","49,100","61,300","60,000",0,0,"3,500","3,500",0,"28,400","41,900","30,400","18,800","30,000","18,100","42,300","39,500","48,000","50,000","39,900","36,000","39,300","28,400",0,"27,800",0,0,"20,100","68,000","51,200","130,700","130,700","130,700","30,000","38,700","20,900","25,600","38,800","17,000","30,400","12,400","19,300","15,000",
12,Kootenay Boundary,2010,Average Employment Income,RD,Kootenay Boundary,"43,520","48,200","47,500","48,900","86,100","35,100",0,"12,400","12,400","12,000","27,500","43,000","16,000","19,100","32,900","17,100","22,800","48,100","59,200","53,600","46,900","31,100","44,600","60,000",0,"39,000",0,0,"77,200","74,400","44,800",0,0,"34,000","23,000","32,200","34,600","51,200","60,500","20,900","16,100","18,400","31,700","20,900",
13,Grand Forks-Greenwood,2010,Average Employment Income,EDA,Kootenay Boundary,"33,800","39,500","40,200","38,900","77,800",0,0,"11,100","11,100","11,200","25,600","33,400","12,000","21,700","26,000","19,600","26,900","41,500","63,000","41,000","40,400","15,600","37,600","60,000",0,"33,200",0,0,"56,800",0,"24,800",0,0,0,"27,800","33,600","22,800","43,600","38,000","19,200","12,000","17,300","21,600","20,700",
14,Rossland,2010,Average Employment Income,EDA,Kootenay Boundary,"49,960","53,700","22,000","120,000","94,800",0,0,0,0,0,"30,700","72,200","21,100","35,000","50,000","6,500","19,000","55,600",0,"66,000","64,800","32,000","48,000","52,000",0,"37,000",0,0,0,"70,000","56,000",0,0,0,"10,100",0,"31,500","59,800","61,600","37,200","21,100","29,400","50,000","39,800",
15,Trail,2010,Average Employment Income,EDA,Kootenay Boundary,"48,080","51,100","40,000","53,300","84,800","32,700",0,"28,500","28,500",0,"24,900","46,200","14,000","20,000","23,000","18,000","128,700","47,300","55,000","58,000","44,300","46,300","41,200","67,000",0,"48,100",0,0,"98,500","75,500","55,000",0,0,"32,000","23,600","38,400","31,500","53,200","83,400","19,200","14,000","15,600","23,000","23,100",
16,Okanagan-Similkameen,2010,Average Employment Income,RD,Okanagan-Similkameen,"37,040","55,900","58,900","55,100","65,500","29,600",0,"21,400","17,500","32,100","24,900","37,700","19,900","21,000","21,000","28,800","14,600","47,200","58,100","52,800","41,400","29,000","50,000","63,000","34,000","37,000","46,200","44,300","42,200","65,600","39,200",0,0,"50,000","28,600","40,100","27,900","50,300","48,100","22,100","19,900","17,600","20,500","27,800",
17,Keremeos,2010,Average Employment Income,EDA,Okanagan-Similkameen,"30,400","35,000","42,000","32,000","62,000",0,0,"11,400","11,400",0,"26,100","36,600",0,"19,800",0,"11,100",0,"40,000","48,000",0,"43,500","79,400","36,000","40,000","25,000","37,600","11,100",0,0,0,"27,000",0,0,0,"46,100",0,"18,600","32,000","27,900","10,400",0,"11,600",0,"19,100",
18,Oliver-Osoyoos,2010,Average Employment Income,EDA,Okanagan-Similkameen,"31,880","33,900","17,000","45,000","22,000","22,000",0,"27,000","19,900","42,000","23,200","17,400","19,300","26,200","24,600","26,100","83,600","50,100","60,800","56,000","40,800","23,000","56,900","65,000","32,000","28,700",0,"60,000","48,400","52,000","36,400",0,0,"14,000","24,000","20,600","20,600","31,500","49,000","21,500","19,400","17,800","25,700","23,800",
19,Penticton,2010,Average Employment Income,EDA,Okanagan-Similkameen,"38,320","63,700","74,800","60,700","79,000","31,000",0,"20,600","18,500","24,900","26,700","45,500","19,800","20,500","18,000","27,100","20,000","46,800","59,300","52,000","41,500","29,800","47,400","63,800","39,500","39,200","60,000","38,800","41,800","70,500","42,500",0,0,"60,100","29,000","44,600","30,700","55,200","51,500","22,000","19,800","17,900","19,700","27,400",
20,Princeton,2010,Average Employment Income,EDA,Okanagan-Similkameen,"42,560","51,800","48,000","52,300","68,000",0,0,"10,000","10,000",0,"22,800","30,000","24,000","13,900","28,000","40,100",0,"53,500","46,000",0,"41,400","20,000","65,500",0,0,"29,800","40,100",0,0,0,"32,000",0,0,0,"22,300","68,000","19,900","35,100","30,100","21,400","24,000","9,000","28,000","23,300",
21,Fraser Valley,2010,Average Employment Income,RD,Fraser Valley,"40,120","45,000","46,500","44,500","63,100","27,000","25,000","31,100","27,600","41,400","29,700","53,400","27,800","19,300","19,000","29,400","30,100","48,700","62,000","55,400","44,200","32,400","46,700","59,500","33,400","45,500","24,800","60,200","46,500","97,700","43,300","78,000","56,500","58,500","28,800","48,800","33,100","49,100","44,800","23,800","28,200","15,300","19,100","33,600",
22,Chilliwack,2010,Average Employment Income,EDA,Fraser Valley,"39,920","48,400","48,400","48,400","59,900","34,600","22,000","32,700","29,600","40,400","33,200","55,100","31,200","18,300","18,800","32,900","37,000","49,400","63,100","57,600","44,400","28,000","48,600","62,200","38,400","41,200","6,000","42,000","46,400","91,500","47,200","90,000","59,500","70,300","28,900","53,200","31,400","53,000","41,600","23,200","30,400","14,200","19,700","32,000",
23,Hope-Fraser Canyon,2010,Average Employment Income,EDA,Fraser Valley,"34,960","41,700","30,000","56,000",0,0,0,"31,900","8,000","34,500","24,100","35,400","27,700","18,800","5,600","37,600",0,"43,100","56,000","54,000","40,100","28,000","48,000","50,000","29,000","45,900",0,0,0,"20,000","56,300",0,"60,000",0,"33,900","18,000","35,800","21,200","33,000","16,100","28,200","12,500","5,600","17,000",
24,Kent-Harrison,2010,Average Employment Income,EDA,Fraser Valley,"40,080","44,700","44,500","45,000","30,000",0,"16,100","30,400","28,400","45,000","25,300","28,000","27,000","20,500","20,400","40,000","50,900","44,600","59,200","40,000","29,300","30,000","42,900","75,000","31,600","38,700",0,0,"48,800","60,000","44,000",0,0,0,"36,500","60,000","39,000","38,800","63,900","21,200","27,000","13,200","19,300","24,200",
25,Matsqui-Abbottsford,2010,Average Employment Income,EDA,Fraser Valley,"40,320","45,100","52,000","44,500","69,100",0,0,"29,900","26,500","41,300","32,000","55,100","21,000","20,300","20,900","29,000","33,400","48,700","60,800","59,200","45,500","38,100","44,800","57,100","34,000","47,400","39,500","66,700","45,000","127,000","41,300","83,500","53,000","57,600","28,500","48,800","34,000","48,600","45,100","25,400","21,000","16,500","17,700","36,700",
26,Mission,2010,Average Employment Income,EDA,Fraser Valley,"40,520","38,300","43,200","36,500","67,000",0,0,"33,500","30,100","43,200","28,500","43,100","42,200","19,800","22,100","27,600","39,500","48,700","66,000","46,400","41,100","33,600","50,000","58,800","15,000","47,300","15,200","71,200","48,800","63,100","38,900","72,300","66,000","44,100","28,200","44,200","33,400","43,500","50,400","22,800","38,400","14,400","22,300","31,000",
27,Metro Vancouver,2010,Average Employment Income,RD,Metro Vancouver,"48,160","58,100","59,700","57,800","122,500","50,300","31,900","36,500","25,900","42,300","34,900","51,300","39,800","22,800","31,000","34,900","38,700","53,100","61,900","61,300","54,300","36,200","48,800","60,500","50,200","47,400","43,500","61,700","48,300","87,200","41,700","70,800","65,500","54,500","31,800","55,300","47,600","65,000","62,500","28,100","39,500","19,100","31,100","34,800",
28,Burnaby - New Westminster,2010,Average Employment Income,EDA,Metro Vancouver,"43,520","55,600","50,800","56,700","68,200","51,100","34,400","40,600","31,700","42,400","31,500","43,400","35,400","23,400","30,400","31,500","29,300","48,300","53,800","55,800","47,700","34,600","45,700","54,500","190,000","42,700","40,400","53,700","44,200","79,200","39,800","77,800","62,000","50,300","28,800","49,800","39,000","52,100","58,600","27,600","35,200","20,000","29,500","33,300",
29,Coquitlam,2010,Average Employment Income,EDA,Metro Vancouver,"48,840","59,400","59,700","59,400","90,700","63,200","49,600","42,000","38,800","42,500","35,200","50,500","47,100","22,000","31,500","34,500","41,100","53,100","64,500","56,700","51,600","38,300","49,900","61,600",0,"49,400","45,400","61,200","51,800","85,900","44,600","70,500","60,600","55,600","31,500","57,400","45,500","61,200","67,500","27,200","47,500","17,100","28,700","33,600",
30,Delta - Tsawwassen,2010,Average Employment Income,EDA,Metro Vancouver,"49,840","69,700","48,000","71,300","112,000","37,400","35,400","36,100","25,000","45,500","40,200","62,400","38,400","22,000","30,400","35,300","35,100","53,400","59,800","66,400","51,000","39,700","47,900","70,300","60,000","50,000","37,200","74,200","50,900","80,700","45,500","64,000","84,400","62,200","32,400","60,300","46,500","61,300","71,100","27,900","37,500","17,600","29,800","36,000",
31,Greater Vancouver,2010,Average Employment Income,EDA,Metro Vancouver,"50,960","61,800","66,600","60,700","165,300","47,600","30,800","39,700","28,400","41,400","36,300","53,200","41,900","23,200","33,000","39,800","44,300","56,100","61,600","66,800","61,600","36,700","51,400","57,200","33,200","46,500","43,200","65,600","43,800","97,000","41,900","68,600","56,300","53,600","33,300","54,600","55,400","71,800","60,500","30,300","41,500","20,500","35,400","37,800",
32,Langley,2010,Average Employment Income,EDA,Metro Vancouver,"47,080","52,300","43,000","53,700","67,800","17,800","45,700","35,600","28,600","53,100","39,200","57,300","43,500","22,800","32,500","36,700","45,800","52,400","71,000","55,300","47,600","38,700","47,100","63,700","45,000","50,100","33,800","66,200","50,900","87,200","49,900","71,800","75,000","67,100","33,800","62,900","43,300","60,100","61,400","27,100","45,200","18,100","31,900","34,000",
33,North Shore,2010,Average Employment Income,EDA,Metro Vancouver,"65,400","101,500","109,100","96,600","222,900","83,000","42,700","55,800","78,000","52,400","41,000","55,700","53,700","25,400","33,000","41,100","43,000","63,600","69,300","81,200","75,300","35,900","54,600","62,900","38,400","60,000","61,800","91,200","67,800","98,300","48,900","67,500","97,600","71,500","35,400","75,500","73,500","102,400","79,800","32,500","51,300","20,700","31,100","39,900",
34,Pitt Meadows-Maple Ridge,2010,Average Employment Income,EDA,Metro Vancouver,"46,240","51,300","40,200","53,600","70,700","62,300","36,000","35,000","23,600","49,000","40,000","63,900","42,400","27,200","26,400","32,000","45,800","52,600","66,900","67,600","47,100","35,500","48,900","64,100","36,000","49,500","38,400","56,500","53,200","70,200","46,100","96,000","76,800","64,900","31,900","54,300","41,700","57,400","60,100","25,800","42,400","18,400","26,600","31,000",
35,Richmond,2010,Average Employment Income,EDA,Metro Vancouver,"42,240","65,100","68,400","64,800","82,300","43,000","29,000","32,900","26,600","35,300","32,200","46,800","34,600","20,700","27,800","31,800","33,100","50,300","62,000","57,600","48,800","33,800","45,000","63,300","60,000","39,000","23,200","54,200","47,000","84,900","41,100","64,100",0,"48,400","29,900","46,100","37,900","52,100","55,900","25,600","34,300","17,800","28,400","32,900",
36,Surrey,2010,Average Employment Income,EDA,Metro Vancouver,"42,640","52,800","53,300","52,700","61,400","31,600","28,200","32,000","22,000","41,200","33,100","50,600","34,700","22,000","26,800","31,300","31,200","48,300","60,100","54,600","46,600","35,000","43,700","58,800","24,000","45,400","38,400","55,300","46,700","84,200","38,400","71,100","59,900","51,900","30,700","53,100","37,400","51,700","58,000","25,000","34,600","17,700","26,000","31,100",
37,Capital,2010,Average Employment Income,RD,Capital,"44,160","45,200","43,500","47,800","37,100","61,000","27,400","23,900","18,000","31,100","31,800","48,900","30,700","21,600","24,300","30,600","31,600","53,300","63,200","63,000","47,400","33,300","48,500","60,000","23,800","41,900","22,300","63,100","47,700","71,200","35,100","59,600","70,000","48,900","30,000","55,700","38,700","56,800","54,300","26,400","30,600","18,700","24,800","33,800",
38,Central and North Saanich,2010,Average Employment Income,EDA,Capital,"47,800","56,000","56,000",0,0,"35,900","100,000","24,500","22,900","27,800","39,800","58,300","29,000","22,500","19,700","36,200","40,500","53,400","64,200","68,000","46,900","33,000","46,700","61,600","21,000","44,500","30,000","78,400","51,200","60,500","37,700","61,000",0,"58,200","31,400","51,000","49,700","66,500","70,800","26,000","28,500","16,600","21,300","37,000",
39,Greater Victoria,2010,Average Employment Income,EDA,Capital,"42,760","36,200","35,400","38,000",0,"73,900","12,000","28,700","25,000","29,800","27,500","41,400","29,400","20,900","27,200","29,300","24,000","52,300","58,500","62,400","49,400","31,300","47,400","61,900","22,000","37,900","22,400","60,500","60,100","70,500","39,000","57,300",0,"43,600","27,600","47,900","35,700","56,000","50,600","27,100","28,900","19,000","25,000","36,500",
40,Gulf Islands,2010,Average Employment Income,EDA,Capital,"31,200","26,000","26,000",0,0,0,0,"17,100","9,900","36,000","28,400","58,500","25,000","22,000","16,000","36,900","5,200","39,100","58,000","48,000","38,300","32,800","39,200","32,000",0,"31,900","48,000",0,"19,600","60,000",0,"54,200",0,"85,000","27,700","56,900","23,300","33,100","29,200","19,100","25,000","18,100","16,600","18,100",
41,Saanich,2010,Average Employment Income,EDA,Capital,"45,600","44,500","38,200","48,800","35,000","35,000","40,000","23,900","17,100","30,800","32,900","49,800","34,100","22,200","23,100","31,900","34,500","54,400","59,400","65,100","48,500","37,100","51,700","57,500",0,"42,100","13,700","59,800","50,600","76,000","30,100","63,200",0,"47,900","29,900","71,900","39,900","61,700","54,300","26,200","34,200","18,600","24,000","33,700",
42,Sooke-Port Renfrew,2010,Average Employment Income,EDA,Capital,"42,400","29,100","25,000","32,000","40,000","40,000","30,100","18,900","18,900",0,"30,200","48,600","29,500","21,600","39,700","28,500","21,100","52,500","67,100","60,000","47,000","29,200","42,200","56,000","26,000","38,900",0,"40,300","42,500","40,000","43,000","61,400","56,000","38,400","27,900","30,900","29,400","72,800","51,000","29,600","29,700","21,000","45,400","33,800",
43,Westshore Communities,2010,Average Employment Income,EDA,Capital,"45,360","52,800","47,200","60,000",0,"103,300","24,000","33,200","25,200","37,900","32,700","43,600","35,700","23,000","25,100","32,000","37,500","54,900","69,200","58,100","44,000","35,800","47,800","63,000","30,000","46,700","19,000","60,400","50,900","68,300","31,100","56,600",0,"42,900","33,100","50,600","38,600","49,200","61,800","26,700","35,400","19,300","27,000","31,000",
44,Cowichan Valley,2010,Average Employment Income,RD,Cowichan Valley,"40,800","61,900","59,300","63,900","30,100","76,400","25,400","25,600","24,200","30,300","28,400","39,600","27,500","17,900","29,200","28,700","41,900","47,100","63,300","55,000","44,900","36,600","43,300","52,800","31,400","43,900","24,000","61,600","44,400","89,700","45,500","77,900",0,"40,700","28,000","66,900","32,000","49,600","57,300","21,100","27,900","14,800","24,800","26,100",
45,Duncan,2010,Average Employment Income,EDA,Cowichan Valley,"39,560","64,200","60,900","66,400",0,"83,000","16,000","28,900","25,400","38,500","28,800","42,700","26,900","20,500","26,900","27,900","26,800","45,200","56,300","50,400","44,700","35,600","42,900","49,600","33,600","39,900",0,0,"41,300","83,500","47,300","51,100",0,"39,600","29,300","44,600","32,900","53,700","62,700","20,100","27,800","15,700","22,600","23,200",
46,Ladysmith,2010,Average Employment Income,EDA,Cowichan Valley,"38,960","64,400","57,000","68,600",0,"120,000","26,200","16,800","16,800",0,"30,200","41,400","19,500","18,400","30,400","35,800","82,900","40,400","67,000","54,000","35,500","32,700","40,200","40,000","30,000","42,500",0,"40,000","54,100","100,000","39,000","88,100",0,"52,000","25,200","54,300","28,900","43,800","48,700","24,500","19,500","14,800","26,400","34,500",
47,Lake Cowichan,2010,Average Employment Income,EDA,Cowichan Valley,"34,440","57,100","57,200","56,800",0,0,0,"26,000","26,000",0,"21,500","21,700","14,000","21,700","18,000","34,900","61,300","43,800","32,000","50,000","50,800",0,"35,500","54,000","26,000","28,800",0,0,"59,900",0,"38,000",0,0,0,"27,400","61,500","31,200","21,300",0,"20,200","14,000","15,500","18,000","30,300",
48,Malahat - South Cowichan,2010,Average Employment Income,EDA,Cowichan Valley,"46,480","48,900","60,000","42,000","87,700",0,"26,800","21,200","20,600","24,000","31,000","48,600","20,000","17,700","34,200","35,500","95,900","54,300","72,300","60,200","47,900","44,000","48,600","65,000","18,000","56,500",0,"100,000","45,900","104,000","50,000","83,100",0,"58,300","29,200","53,900","35,400","55,400","60,700","21,700","20,000","13,200","29,400","29,500",
49,Nanaimo RD,2010,Average Employment Income,RD,Nanaimo,"38,400","54,700","57,500","52,300","50,000","38,800","30,200","20,600","20,300","21,800","28,900","47,700","22,300","17,700","23,600","28,700","34,700","47,700","61,700","58,600","44,200","35,800","46,800","55,200","30,400","39,800","20,400","53,100","41,300","83,100","40,500","57,700","50,000","48,900","29,700","47,300","32,700","46,200","44,700","21,500","22,300","15,200","22,600","28,700",
50,Nanaimo,2010,Average Employment Income,EDA,Nanaimo,"38,920","59,400","57,800","60,700","52,000","42,100","29,100","23,000","24,000","19,200","29,400","46,200","24,500","18,300","24,200","28,500","35,800","47,500","60,600","59,200","44,400","33,800","46,400","54,600","32,000","40,200","19,000","41,800","44,200","90,100","41,900","57,400","50,000","46,700","29,100","47,800","33,800","46,900","45,100","21,600","24,400","15,400","22,500","28,500",
51,Parksville-Qualicum,2010,Average Employment Income,EDA,Nanaimo,"36,640","43,900","56,000","33,400","59,400",0,"37,000","18,700","15,800","27,500","29,300","54,700","19,600","17,800","23,200","33,500","32,200","48,000","65,600","57,200","43,300","45,000","47,800","57,200","20,000","38,700","24,000","34,900","30,500","60,600","36,300","58,200",0,"62,200","31,800","55,200","29,100","43,900","43,300","20,900","19,600","14,300","22,400","28,900",
52,Alberni-Clayoquot,2010,Average Employment Income,RD,Alberni-Clayoquot,"35,640","61,200","51,300","68,500","36,100",0,"27,700","28,600","28,600",0,"27,300","35,400","25,800","21,200","27,700","21,000","29,600","42,900","59,800","50,000","42,200","37,400","42,700","48,400","28,800","32,700","3,400",0,"81,500","31,400","48,100","50,500",0,"40,900","25,000","37,000","29,800","40,500","43,400","24,600","25,600","19,800","24,400","30,100",
53,Alberni,2010,Average Employment Income,EDA,Alberni-Clayoquot,"37,040","64,700","56,000","70,100","42,300",0,"30,500","22,200","22,200",0,"29,800","41,600","26,400","21,900","18,100","24,800","27,300","43,300","63,200","57,000","41,500","37,600","42,600","45,600","30,000","32,300",0,0,"56,000","28,000","48,700","60,400",0,"43,400","26,600","39,800","27,000","44,000","48,400","23,400","26,400","19,600","20,100","28,600",
54,Clayoquot,2010,Average Employment Income,EDA,Alberni-Clayoquot,"30,800","20,000","20,000",0,0,0,"26,100","45,000","45,000",0,"23,600","14,800","26,100","21,400","45,100","33,600",0,"43,200","54,000","30,000","60,500",0,"42,900","58,000","27,600","38,000","36,200",0,0,"50,000","83,400","29,900","83,400","55,000","21,700","40,200","31,400","10,300","38,000","26,600","25,900","22,800","30,200","31,300",
55,Strathcona RD,2010,Average Employment Income,RD,Strathcona,"39,560","53,300","55,000","44,600","78,700","48,000","39,500","40,900","40,900",0,"27,800","37,400","24,300","22,100","25,000","19,800","27,500","44,200","59,600","55,200","44,200","35,600","41,500","45,200","32,800","48,000","16,000",0,"42,600","79,600","44,100","60,300",0,"44,000","23,400","45,400","34,800","40,800","49,000","21,400","24,300","13,900","22,900","26,600",
56,Bute Inlet,2010,Average Employment Income,EDA,Strathcona,"34,920","22,600","22,600",0,0,0,"40,000","24,900","24,900",0,"30,600","52,000","38,500","20,000","26,500","11,600","15,300","43,200",0,0,"64,000","20,000","28,600",0,"60,000","42,800",0,0,0,0,0,"52,000",0,0,"17,000","25,200","36,400","47,200","48,800","27,400","38,500","14,800","21,500","15,600",
57,Campbell River,2010,Average Employment Income,EDA,Strathcona,"40,400","56,800","59,200","46,600","80,000","46,700","38,800","46,300","46,300",0,"26,100","38,900","20,100","18,400","25,500","18,800","33,800","45,200","59,600","60,800","43,900","30,400","44,300","50,000","28,000","49,900","16,000","28,000","41,400","80,400","45,300","63,600",0,"44,200","22,500","49,400","35,200","41,300","47,900","21,300","20,300","14,200","23,300","28,200",
58,Strathcona,2010,Average Employment Income,EDA,Strathcona,"35,720","50,300","50,300",0,"56,500","51,100","45,000","33,300","33,300",0,"24,800","22,300","16,000","63,100","12,000","39,000",0,"35,500","70,000",0,"48,000",0,"34,100","26,000","27,000","24,000",0,0,0,0,"35,900","35,900",0,"35,900","57,100","39,000","21,100","11,000","50,000","12,600","16,000","6,800","12,000","12,800",
59,Comox Valley,2010,Average Employment Income,RD,Comox Valley,"38,200","52,300","52,200","52,900","71,100","50,100","27,300","26,500","23,400","47,100","29,800","43,900","24,500","21,700","24,100","22,900","29,200","46,500","60,300","55,200","40,400","26,200","44,000","50,600","32,000","40,100","18,000","39,000","27,200","73,000","30,200","57,600",0,"47,800","25,900","47,000","30,100","51,600","51,200","22,100","24,300","16,300","23,100","26,200",
60,Comox,2010,Average Employment Income,EDA,Comox Valley,"41,800","67,800","69,800","65,000",0,"130,400","32,500","26,800","26,000","31,300","35,900","58,600","30,000","16,800","21,000","24,500","24,100","52,000","62,300","68,000","47,500","31,200","45,500","63,000","45,000","42,200","20,000","50,000","41,600","84,000","16,000","64,000",0,"58,300","22,600","57,600","30,700","50,300","48,500","24,500","30,000","14,200","21,500","30,300",
61,Courtenay,2010,Average Employment Income,EDA,Comox Valley,"36,440","47,600","48,400","41,600","59,400","36,200","23,300","27,100","23,200","51,400","29,100","41,300","23,800","24,200","25,500","23,100","30,700","43,400","58,500","49,600","37,100","23,500","43,200","45,400",0,"39,000",0,"31,600","29,400","62,900","33,100","55,400",0,"39,900","27,200","41,900","30,100","52,000","52,500","21,300","23,700","17,000","23,500","24,200",
62,Powell River RD,2010,Average Employment Income,RD,Powell River,"38,520","66,300","52,300","71,900","45,000",0,"20,800","18,400","18,400",0,"27,600","40,600","26,800","18,900","30,000","26,300","24,000","46,600","44,300","58,000","45,300","44,000","44,100","59,000","32,000","40,700",0,0,"71,600","110,000","39,200","50,600",0,"41,900","23,700","56,300","26,500","40,500","48,700","21,700","26,800","13,000","30,500","25,700",
63,Powell River,2010,Average Employment Income,EDA,Powell River,"39,160","66,700","52,300","72,500","44,000",0,"21,800","18,200","18,200",0,"27,800","40,000","26,800","19,500","30,300","24,800","28,000","47,500","44,400","58,000","46,400","44,000","45,400","59,000","32,000","41,600",0,0,"73,100","110,000","40,000","50,700",0,"41,800","24,100","56,500","27,800","40,500","52,000","21,900","26,800","13,100","30,500","26,100",
64,Sunshine Coast RD,2010,Average Employment Income,RD,Sunshine Coast,"42,400","73,500","50,800","84,500","68,300",0,"29,000","18,500","21,000","16,500","35,700","56,200","30,800","25,800","22,800","24,100","23,800","46,600","68,500","53,000","42,100","26,000","46,700","64,000","32,000","42,800","34,000","44,000","50,000","80,700","49,000","53,700",0,"43,300","27,100","58,100","25,800","41,400","80,900","22,300","30,800","13,000","20,300","32,800",
65,Sunshine Coast,2010,Average Employment Income,EDA,Sunshine Coast,"42,400","73,500","50,800","84,500","68,300",0,"29,000","18,500","21,000","16,500","35,900","55,700","30,800","25,100","23,400","24,100","23,800","46,600","68,500","53,000","42,100","26,000","46,700","64,000","32,000","42,800","34,000","44,000","49,800","80,600","49,100","53,700",0,"43,300","27,100","58,400","25,800","41,400","80,900","22,300","30,800","13,000","20,300","32,800",
66,Squamish-Lillooet,2010,Average Employment Income,RD,Squamish-Lillooet,"43,560","51,300","46,100","71,400","38,500","29,300","19,500","20,700","20,200","23,100","35,100","47,900","41,300","23,600","36,200","38,700","38,500","47,700","69,200","41,000","45,700","27,000","49,500","51,400","27,000","38,600","46,000","60,000","44,100","59,300","58,200","75,700","72,000","44,500","37,600","55,800","37,000","92,100","58,200","33,000","40,400","22,200","34,300","37,100",
67,Squamish,2010,Average Employment Income,EDA,Squamish-Lillooet,"42,520","53,900","53,000","56,000","43,600","53,100",0,0,0,0,"36,000","57,800","43,200","24,000","37,500","25,800","44,500","48,800","68,000","54,000","42,200","28,800","50,700","50,200","37,000","39,900","44,000","57,100","47,500","85,000","62,200","76,600","80,000","68,600","33,100","66,800","28,900","46,000","62,700","32,500","43,200","20,800","32,500","33,300",
68,Upper Squamish - Lillooet Region,2010,Average Employment Income,EDA,Squamish-Lillooet,"36,160","33,900","37,000","26,700","10,000",0,0,"21,300","20,800","26,700","23,300","42,700","12,000","12,400","20,000","120,000","50,000","38,900","48,000","18,000","53,900","23,000","55,300","44,000","24,000","29,300",0,0,"50,000","50,000","64,000","64,000","67,400","47,000","36,900",0,"50,300","32,200","33,300","35,600","12,000","13,500","20,000","117,800",
69,Whistler - Pemberton,2010,Average Employment Income,EDA,Squamish-Lillooet,"45,960","45,000","45,000",0,"23,000","23,000","20,000","19,700","19,600","20,000","34,000","38,300","41,100","24,000","33,200","45,000","35,700","48,800","79,000","56,000","48,700","32,000","44,300","53,600","26,800","39,000","50,000",0,"9,000","48,900","38,000","38,000","38,000","35,000","36,700","50,800","47,100","138,400","53,200","32,800","41,100","23,600","32,800","36,000",
70,Thompson-Nicola,2010,Average Employment Income,RD,Thompson-Nicola,"42,960","57,100","46,000","63,200","76,900","18,900","27,000","28,400","26,900","35,900","29,200","43,600","19,800","17,400","40,100","33,900","42,400","49,200","55,400","57,800","47,200","36,800","52,100","51,000","32,600","46,600","16,000","63,700","52,600","76,900","48,100",0,"65,200","42,500","32,600","51,300","36,300","50,600","54,700","21,200","19,000","14,600","32,200","25,000",
71,Ashcroft - Copper Desert Country,2010,Average Employment Income,EDA,Thompson-Nicola,"35,560","60,900","47,100","66,700","70,200","31,200",0,"14,900","14,900",0,"21,100","40,300","11,800","17,600","19,900","24,000","32,100","35,100","42,000","50,000","38,000","26,000","36,900","32,000","28,400","35,500",0,0,"105,800","70,000","44,300",0,"52,000",0,"21,100","24,000","39,000","33,700","16,000","15,900","11,900","16,200","15,200","17,700",
72,Kamloops,2010,Average Employment Income,EDA,Thompson-Nicola,"43,920","61,200","44,500","69,300","78,600","16,600",0,"28,400","24,400","36,700","32,700","44,700","22,700","16,800","41,400","38,600","48,200","51,400","55,200","60,000","48,500","38,000","54,500","52,600","41,200","46,100","16,000","63,400","52,600","75,500","48,700",0,"65,700","44,900","34,500","52,000","36,600","53,000","55,400","21,800","23,300","14,200","33,700","26,000",
73,Logan Lake,2010,Average Employment Income,EDA,Thompson-Nicola,"48,720","51,000","52,000","50,000","85,700",0,0,"10,800","10,800",0,"22,300","24,300","17,000","17,800","24,000","52,000","40,000","37,900","48,000","40,000","46,500",0,"24,000","34,000","30,000","46,700",0,0,0,0,"50,000",0,0,0,"20,000","52,000","48,100","45,800",0,"19,900","17,000","12,000","24,000","26,100",
74,Merritt,2010,Average Employment Income,EDA,Thompson-Nicola,"42,960","54,400","57,400","53,000","70,200",0,0,"38,000","38,000",0,"25,600","56,800","14,000","24,500","27,000","24,400","40,000","43,400","56,000","35,500","38,400","22,900","53,500","50,000","25,200","55,600",0,0,"45,000","60,000","65,600",0,"71,500",0,"23,400","40,000","38,400","24,000","61,300","25,500","14,000","23,100","25,900","29,900",
75,North Thompson,2010,Average Employment Income,EDA,Thompson-Nicola,"38,160","45,300","44,000","47,000","77,100",0,0,"45,000","45,000",0,"23,800","26,600","18,200","17,800","52,000","59,500","50,300","43,000","74,000","52,000","32,100","45,000","43,600","44,000","26,000","55,300",0,0,0,0,"26,500",0,"60,000","11,000","32,500","50,300","27,500","39,100","30,000","20,800","18,200","10,200","52,000","26,500",
76,Shuswap East,2010,Average Employment Income,EDA,Thompson-Nicola,"37,920","52,500",0,"52,500","33,000",0,0,"38,000","38,000",0,"26,900","48,100","23,000","17,900","32,000","25,800",0,"46,000","56,000","70,000","44,600","9,100","44,000","60,000","40,000","40,400",0,0,"33,000","80,000","46,000",0,"70,000",0,"28,300","46,200","39,400","40,800","60,400","16,700","17,300","7,200","32,000","12,100",
77,Central Okanagan,2010,Average Employment Income,RD,Central Okanagan,"41,640","58,500","66,600","56,200","56,200","42,300",0,"40,800","17,000","65,600","33,300","48,800","29,600","22,900","22,300","29,600","40,400","50,200","58,100","54,300","48,900","33,300","49,700","60,500","50,000","43,200","19,600","48,400","40,700","76,600","44,900",0,0,"56,700","30,300","51,400","35,000","55,000","50,900","24,700","29,400","16,600","22,500","31,600",
78,Kelowna,2010,Average Employment Income,EDA,Central Okanagan,"41,480","59,200","52,500","60,800","63,600","47,600",0,"41,700","16,200","73,100","34,000","49,800","32,000","22,700","21,900","29,300","38,500","50,200","57,500","54,800","48,300","32,600","52,000","56,500","54,000","42,000","17,400","45,900","39,200","73,300","44,400",0,0,"57,500","30,300","47,700","35,400","55,600","50,600","25,200","31,700","16,900","21,700","32,400",
79,Peachland,2010,Average Employment Income,EDA,Central Okanagan,"41,320","57,200","40,000","64,000","46,400",0,"45,000","49,000","8,800","116,700","37,900","58,500","30,000","24,200","40,000","43,500",0,"45,100","52,000","60,000","40,000","38,000","39,400","60,000",0,"49,200",0,0,"32,000",0,"44,000",0,0,"70,000","33,700","112,000","42,700","60,200","26,000","27,200","30,000","15,300","40,000","32,900",
80,West Bank - West Kelowna,2010,Average Employment Income,EDA,Central Okanagan,"42,360","64,100","111,700","47,800","45,900","30,300",0,"43,300","29,400","49,800","33,400","55,500","21,700","24,600","25,400","28,500","48,900","51,100","62,000","50,000","52,500","36,900","40,800","74,000","46,000","46,900","30,000","55,300","46,800","88,600","48,300",0,0,"55,700","30,200","59,400","32,800","52,700","54,600","21,800","21,700","15,300","24,300","27,700",
81,North Okanagan,2010,Average Employment Income,RD,North Okanagan,"39,240","56,100","44,100","62,200","44,300","54,600",0,"23,500","16,300","43,800","30,400","45,000","29,800","19,900","24,400","23,300","31,300","47,000","73,300","44,400","43,900","26,800","47,400","63,600","29,200","46,200","12,200","46,000","42,900","82,900","39,400","86,700","36,000","52,300","29,300","47,800","34,100","47,800","46,700","21,900","29,800","14,900","22,500","25,500",
82,Enderby,2010,Average Employment Income,EDA,North Okanagan,"37,160","44,600","26,000","47,700","44,000","44,000","40,000","19,600","19,000","40,000","30,000","48,600","20,000","16,700","22,000","25,300","64,500","41,400","56,000","40,000","41,700","19,000","35,500","80,000","28,000","54,300","15,000","64,500","57,400","92,000","28,100","30,800","30,800","30,800","28,800","56,300","28,700","44,300","31,400","17,300","20,000","13,200","22,000","17,500",
83,Lumby,2010,Average Employment Income,EDA,North Okanagan,"32,800","44,700","41,600","49,000","40,000","40,000",0,"12,200","8,300","21,400","24,300","33,800","12,000","27,900","28,100","38,200","49,600","34,800",0,"18,400","31,700","23,000","53,000","70,000",0,"37,900","29,100",0,"92,900",0,"42,500",0,0,0,"27,400","39,100","24,400","33,300","29,100","21,100","12,000","10,400","28,100","29,600",
84,Spallumcheen,2010,Average Employment Income,EDA,North Okanagan,"36,600","53,900","50,700","55,700","71,400",0,0,"24,500","19,600","31,600","25,400","31,500","8,000","27,600","21,300","26,100","57,800","43,900","54,000","52,000","35,400","20,000","47,200","54,000",0,"39,300",0,0,"41,600","80,000","33,800",0,0,0,"27,300","54,900","29,000","39,300","41,900","19,200","8,000","10,800","23,000","25,300",
85,Vernon,2010,Average Employment Income,EDA,North Okanagan,"40,560","63,000","44,500","69,900","43,000","57,600",0,"29,100","15,000","55,900","30,700","47,800","32,500","19,500","22,600","24,400","32,000","48,700","76,600","54,800","45,100","26,400","49,000","62,200","30,000","41,700","12,800","42,100","43,200","83,200","44,600","82,900","40,000","57,000","30,300","47,800","36,200","52,200","47,600","22,400","32,600","15,700","21,400","26,400",
86,Columbia-Shuswap,2010,Average Employment Income,RD,Columbia-Shuswap,"36,080","50,900","51,300","50,600","44,100","47,800",0,"13,000","11,500","25,100","25,300","38,500","18,800","18,200","33,000","27,200","32,500","43,200","44,000","48,800","42,100","34,000","43,600","49,000","26,000","33,800",0,"68,900","36,400","72,300","47,000","60,000","76,000","30,100","28,700","34,900","23,700","46,600","48,000","22,200","18,900","15,100","32,700","25,100",
87,Columbia - Shuswap,2010,Average Employment Income,EDA,Columbia-Shuswap,"32,200","53,100","56,000","51,500","64,500",0,0,"16,200","16,200",0,"20,500","30,900","16,300","15,300","18,900","21,800",0,"35,700","50,000","48,000","30,400","30,000","28,800","32,000","34,000","33,600",0,"44,000","28,000","50,000","60,900",0,0,"32,000","24,100","56,000","20,100","40,100","50,300","18,200","16,800","10,900","18,800","22,200",
88,Golden,2010,Average Employment Income,EDA,Columbia-Shuswap,"43,600","55,200","39,000","65,200","64,400","87,200",0,"16,000","16,000",0,"28,600","66,900","18,000","21,800","48,400","60,400","26,900","51,000","54,000","44,000","47,300","36,000","59,000","49,000",0,"42,900",0,0,0,0,"59,200","60,100","60,000","61,400","51,900","60,400","26,300","55,400","32,100","26,700","18,000","16,800","44,700","24,900",
89,Revelstoke,2010,Average Employment Income,EDA,Columbia-Shuswap,"42,040","48,300","53,100","46,300",0,0,0,"16,000","16,000",0,"28,300","48,700","18,800","25,400","33,200","22,800","36,300","53,200","58,000","42,000","63,900","39,200","46,900","42,000",0,"41,000",0,0,0,"84,000","50,300",0,"90,000","63,600","31,600","36,300","25,300","27,400","23,600","24,200","18,800","23,800","37,000","18,700",
90,Salmon Arm,2010,Average Employment Income,EDA,Columbia-Shuswap,"32,640","52,600","56,700","49,700","41,900","36,400","44,000","11,700","9,500","44,000","24,900","37,800","17,100","16,200","22,300","34,800","22,100","41,900","34,000","56,000","37,900","31,400","43,900","57,000","20,000","34,800",0,"76,300","40,700","68,000","30,500",0,"70,000","25,000","30,000","39,300","22,500","49,000","67,000","18,600","16,700","13,100","19,400","24,900",
91,Sicamous,2010,Average Employment Income,EDA,Columbia-Shuswap,"35,700","36,000",0,"36,000","71,700","97,100",0,"16,000","16,000",0,"23,000","22,300","22,300","18,000","36,000","16,100","19,300","37,700",0,0,"59,200","18,000","28,000","44,000",0,"34,000",0,0,"19,000",0,"20,000",0,0,0,"23,700","20,100","31,300","40,000","32,000","26,500","22,800","9,000","36,000","56,900",
92,Cariboo,2010,Average Employment Income,RD,Cariboo,"40,320","56,700","50,800","59,100","69,300","3,500","9,000","6,600","5,600","28,000","23,700","37,300","18,200","18,500","21,500","25,700","27,000","44,500","50,800","55,800","43,400","35,300","46,200","55,200","26,900","41,300","20,000","32,000","38,700","96,900","36,900",0,"52,000","41,700","29,300","43,800","31,600","42,000","46,400","20,000","18,200","17,000","23,500","23,600",
93,Chilcotin,2010,Average Employment Income,EDA,Cariboo,"23,520","22,400","20,300","24,000",0,0,0,500,500,0,"10,800","18,500","12,100","3,900","12,200",0,0,"27,600","45,000","20,000","24,000","40,000","28,000",0,"24,800","29,300",0,0,0,0,"44,000",0,0,0,"16,500",0,"9,300",0,0,"18,600","11,500","12,000","12,200","23,500",
94,One Hundred Mile House,2010,Average Employment Income,EDA,Cariboo,"37,520","54,300","52,100","55,600","33,500","33,500",0,"11,100","7,300","26,000","21,900","31,500","11,600","24,400","35,000","29,000","27,000","41,500","28,000","63,000","42,000","24,000","43,200","48,000","29,000","41,600",0,"32,000","32,000","110,000","41,400",0,0,"13,000","30,700","70,000","29,100","35,800","35,600","21,700","11,600","20,200","35,000","22,500",
95,Quesnel,2010,Average Employment Income,EDA,Cariboo,"41,400","60,600","53,300","62,500","58,300",0,0,"5,500","5,500",0,"26,800","35,600","23,600","16,600","48,500","26,600","40,000","44,100","51,000","50,000","40,800","35,200","46,800","60,000","26,000","38,700",0,"56,000","62,100","70,000","36,200",0,"80,000","40,000","28,200","41,000","34,200","31,400","55,600","18,700","24,200","11,900","31,700","20,500",
96,Williams Lake,2010,Average Employment Income,EDA,Cariboo,"41,640","53,600","51,000","55,100","71,400",0,"10,000","6,900","6,900",0,"24,800","36,100","18,000","20,000","15,800","23,400","52,400","47,000","61,000","58,000","48,100","37,400","47,500","56,000","27,000","42,900",0,0,"69,900","108,000","35,600",0,0,"33,300","29,100","49,500","32,200","49,500","42,500","21,300","18,000","18,300","17,700","28,300",
97,Mount Waddington,2010,Average Employment Income,RD,Mount Waddington,"42,680","60,400","58,000","67,600","53,600",0,"34,800","46,900","46,900",0,"31,200","30,300","48,900","24,200","23,000","31,300",0,"45,400","55,000","56,000","44,100","38,000","48,800","42,000","34,400","46,200",0,0,0,"48,000","41,600","53,700",0,"30,000","25,500","73,600","29,900","31,200","41,600","30,000","51,300","16,700","20,300","32,600",
98,Alert Bay - Port McNeill,2010,Average Employment Income,EDA,Mount Waddington,"44,200","65,200","63,800","74,500","22,700","22,700","29,300","52,000","52,000",0,"38,200","55,200","14,000","21,600","32,000","45,600",0,"50,500","48,000","64,000","61,700","32,000","50,500","38,000","34,000","38,900",0,0,0,0,"41,500","53,300","64,000","64,000","25,300","71,600","27,600","26,700","48,600","27,000","14,000","24,000","32,000","29,200",
99,Port Alice,2010,Average Employment Income,EDA,Mount Waddington,"54,200","62,100","38,000","75,000",0,0,0,0,0,0,"54,200",0,"84,800","35,300",0,0,0,"48,400","60,200",0,"39,400",0,"44,000","60,200","60,200",0,0,0,0,0,0,0,0,0,"28,000",0,"36,600",0,0,"84,800","84,800","84,800",0,0,
100,Port Hardy,2010,Average Employment Income,EDA,Mount Waddington,"39,440","56,000","57,700","46,000","60,000",0,"36,200","54,700","54,700",0,"22,800","29,700","17,000","17,900","21,000","10,000",0,"44,600","54,000","48,000","41,100","44,000","47,000","60,000","35,000","59,500",0,0,0,"52,000","51,600","51,300","45,000","25,700","27,700","44,000","33,600","24,700","46,500","22,500","17,000","14,500","21,000","33,400",
101,Central Coast RD,2010,Average Employment Income,RD,Central Coast RD,"33,000","63,400","63,400",0,0,0,"25,400","56,000","56,000",0,"24,300","27,400","25,800","24,000","6,000","22,000",0,"36,100","52,000","50,000","40,200","24,000","35,100",0,"28,400","18,400","24,400",0,0,"90,000","36,000",0,0,"40,000","24,100",0,"27,100","18,000","27,400","21,000","26,000","18,000","7,200","28,000",
102,Bella Coola,2010,Average Employment Income,EDA,Central Coast,"35,100",0,0,0,0,0,"22,000","56,000","56,000",0,"24,100","44,200","24,000","26,900","3,600","22,000",0,"41,600","52,000","50,000","55,400",0,"36,000",0,"29,000","19,300",0,0,0,0,"40,000",0,0,0,"24,300",0,"23,000","1,800","24,000","22,300","24,000","29,300","3,600","34,100",
103,Central Coast,2010,Average Employment Income,EDA,Central Coast RD,"29,000",0,0,0,0,0,"10,800",0,0,0,"20,100","25,000",0,"19,300",0,"16,000",0,"30,100",0,0,"30,000","20,000","35,000",0,"28,400","8,000",0,0,0,"60,000","16,000","16,000","16,000","16,000","22,600",0,0,0,"40,000","15,200",0,"16,800",0,"11,300",
104,Skeena-Queen Charlotte,2010,Average Employment Income,RD,Skeena-Queen Charlotte,"41,320","38,700","39,900","24,000",0,0,"27,400","60,000","60,000",0,"27,800","36,700","20,300","22,600","28,000","18,200","22,000","52,300","60,200","57,000","51,200","49,100","50,400","64,000","35,600","30,800",0,0,"100,000","93,300","19,200","59,400",0,"42,600","31,200","45,000","34,300","50,300","61,900","25,900","20,300","19,100","28,500","32,700",
105,Haida Gwaii,2010,Average Employment Income,EDA,Skeena-Queen Charlotte,"39,040","34,600","34,600",0,0,0,"40,000",0,0,0,"27,400","60,000","17,500","35,500","60,200","50,200",0,"53,900","56,000","56,000","55,600",0,"51,000","60,000","46,000","26,400",0,0,0,"120,000","40,000",0,0,0,"37,000",0,"11,000","56,000","55,800","28,800","17,500","33,000","60,200","25,300",
106,Haida Nation,2010,Average Employment Income,EDA,Skeena-Queen Charlotte,-,-,-,-,-,-,-,-,-,-,-,-,-,-,-,-,-,-,-,-,-,-,-,-,-,-,-,-,-,-,-,-,-,-,-,-,-,-,-,-,-,-,-,-,
107,Prince Rupert,2010,Average Employment Income,EDA,Skeena-Queen Charlotte,"42,560","50,000","50,000",0,0,0,"29,100",0,0,0,"32,600","46,400","21,600","23,300","27,700","18,400","28,000","53,900","62,400","58,000","49,800","49,400","51,100","67,000","33,000","42,900",0,0,"100,000","45,000","15,800","59,600",0,"48,500","28,200","45,000","35,600","50,400","70,000","26,500","21,600","16,000","33,800","30,700",
108,Kitimat-Stikine,2010,Average Employment Income,RD,Kitimat-Stikine,"43,960","50,800","51,200","49,700","85,600","12,800","23,600","31,700","24,400","60,500","25,200","33,100","18,400","19,400","22,100","23,600","36,700","45,800","54,000","53,600","45,000","36,000","48,500","56,000","33,800","43,900",0,"79,800","53,400","60,100","49,700","32,000","74,000","33,800","27,600","36,600","34,800","39,100","50,400","21,100","18,200","15,600","22,500","28,100",
109,Cassiar Corridor,2010,Average Employment Income,EDA,Kitimat-Stikine,"47,400","60,000","60,000",0,"34,500",0,0,0,0,0,"22,000","29,800","16,900","37,800",0,0,"30,000","39,400",0,0,"32,000","20,000","52,000",0,"32,000","96,900",0,0,0,0,"58,500",0,0,0,"44,000",0,"26,000",0,"18,000","18,700","16,900","16,900",0,"29,800",
110,Hazelton,2010,Average Employment Income,EDA,Kitimat-Stikine,"32,280","36,400","34,800","40,000","45,300",0,0,0,0,0,"23,200","28,500","19,000","19,500","12,000",0,0,"35,200","28,000","52,000","34,600","28,400","44,100","18,000","27,400","33,200",0,0,0,"20,000","25,400","27,700","27,700","27,900","25,700",0,"30,000",0,"40,000","24,500","19,000","11,900","12,000","40,300",
111,Kitimat,2010,Average Employment Income,EDA,Kitimat-Stikine,"53,300","48,400","15,000","64,000","96,500",0,"15,700","26,000","26,000",0,"23,200","34,700","16,000","24,400","24,500","12,000",0,"47,100","72,000","52,000","36,000","44,000","53,400","69,000","24,000","43,600",0,0,"50,000",0,"45,000","36,000","91,000","28,000","26,200","45,000","34,000","41,700","40,000","20,900","16,000","15,700","25,200","24,600",
112,Nisga'a,2010,Average Employment Income,EDA,Kitimat-Stikine,-,-,-,-,-,-,-,-,-,-,-,-,-,-,-,-,-,-,-,-,-,-,-,-,-,-,-,-,-,-,-,-,-,-,-,-,-,-,-,-,-,-,-,-,
113,Terrace,2010,Average Employment Income,EDA,Kitimat-Stikine,"42,680","57,900","60,600","30,000","75,400","46,100","79,100","50,000","32,000","79,100","27,600","41,200","19,200","20,600","21,900","21,300","37,800","49,900","55,600","55,200","48,700","38,700","48,600","57,600","60,000","41,600",0,"38,000","37,100","75,000","50,200",0,"76,000","41,100","27,500","36,300","34,000","40,700","47,600","20,900","19,200","16,100","23,300","27,600",
114,Bulkley-Nechako,2010,Average Employment Income,RD,Bulkley-Nechako,"43,440","57,800","58,400","57,400","64,400","8,100","36,000","14,100","13,800","16,900","26,100","47,200","16,100","16,600","31,700","27,100","13,500","42,300","48,400","57,000","42,700","31,000","40,000","43,200","31,500","59,700","6,000","40,000","41,000","90,900","62,500","58,000","78,000","46,500","26,800","51,300","31,100","44,000","44,000","20,300","16,400","15,300","27,700","25,900",
115,Burns Lake,2010,Average Employment Income,EDA,Bulkley-Nechako,"40,920","54,200","53,900","54,300","67,700",0,0,"11,000","11,000",0,"41,700","54,800","14,000","17,300",0,"24,200",0,"40,700","27,000","56,000","41,100","20,000","42,000","58,000","32,500","22,700",0,0,0,"100,000","104,000","72,000",0,0,"31,100","45,000","20,100","50,200","24,200","20,900","14,000","14,400",0,"28,400",
116,Fort St. James - Stuart,2010,Average Employment Income,EDA,Bulkley-Nechako,"39,520","47,900","52,100","45,900","28,800",0,0,"22,000","22,000",0,"30,200","28,600",0,"23,200","52,300","46,200",0,"39,100","68,000","56,000","36,600","35,000","40,800","50,000","27,600","43,400",0,0,0,0,"30,000",0,0,"45,000","24,700",0,"18,500","25,000","50,000","33,000",0,"24,000","52,300","30,000",
117,Houston,2010,Average Employment Income,EDA,Bulkley-Nechako,"53,550","66,400","70,200","65,400","57,400",0,0,"12,000","12,000",0,"34,400","39,500","32,000","30,300","48,000","17,000","12,000","39,500","50,000","58,000","50,000","14,000","33,200","26,000","60,000","146,600",0,0,0,"60,000","36,000","56,200",0,0,"22,100","76,000","32,700","28,100","30,000","29,600","32,000","23,700","48,000","14,000",
118,Nechako Valley,2010,Average Employment Income,EDA,Bulkley-Nechako,"45,960","59,100","64,200","55,600","70,300",0,0,"21,200","21,200",0,"23,100","40,200","10,400","20,100","22,000","24,100","52,000","43,100","56,000","62,000","35,500","28,000","50,300","42,000","17,500","72,500",0,0,"56,000","108,000","56,600",0,0,0,"30,100","54,600","19,800","27,300","48,600","20,300","10,400","15,700","22,000","28,500",
119,Telkwa - Smithers,2010,Average Employment Income,EDA,Bulkley-Nechako,"40,120","57,700","51,700","61,600","68,700",0,"32,000","9,400","7,500","16,700","28,400","53,700","18,000","13,200","25,100","32,000","71,500","44,800","54,000","54,800","52,400","35,000","33,100","42,000","60,000","41,300","6,000",0,0,0,"60,500",0,"79,000","52,100","27,700","55,200","41,300","50,200","38,200","18,700","18,000","11,600","21,200","29,500",
120,Fraser-Fort George,2010,Average Employment Income,RD,Fraser-Fort George,"45,080","63,600","58,800","65,800","48,400","53,900","40,000","7,800",900,"54,400","31,300","47,300","25,500","19,800","28,200","29,700","29,600","51,600","61,000","59,400","49,700","34,900","50,900","56,400","37,500","49,900","15,600","60,000","51,200","81,300","45,300",0,"61,100","46,600","29,600","56,000","39,300","44,400","51,100","24,600","25,300","16,800","25,300","33,000",
121,Mackenzie,2010,Average Employment Income,EDA,Fraser-Fort George,"42,560","51,900","46,000","53,000","62,700",0,0,0,0,0,"29,100","29,400","45,000","27,600",0,"49,200","49,200","51,400","46,000","54,000","76,000","28,000","47,000","48,000","34,000","67,800",0,0,0,0,"35,200","32,000","32,000","32,000","26,700","49,200","32,700","26,000","36,000","18,200","45,000","13,000",0,"25,100",
122,McBride-Valemount,2010,Average Employment Income,EDA,Fraser-Fort George,"28,720","46,400","52,000","44,800","76,000",0,0,0,0,0,"24,400","33,100","16,800","22,100","36,500","14,600","21,600","37,800","30,000","42,000","35,200","38,000","39,500","50,000",0,"43,500",0,0,0,"42,000","56,000",0,"46,000","35,600","18,900","44,300","19,100","40,000",0,"22,800","16,800","18,800","36,500","9,700",
123,Prince George,2010,Average Employment Income,EDA,Fraser-Fort George,"45,920","66,400","58,100","70,300","42,200","55,000","45,000","36,600","9,500","55,900","32,800","48,900","27,200","18,900","27,200","29,600","37,000","52,500","62,700","59,400","49,700","33,000","52,800","59,700","44,000","51,000","17,000","53,900","53,600","92,500","46,200",0,"63,600","48,200","29,900","54,900","39,400","44,000","51,700","24,600","27,300","16,600","24,400","33,500",
124,Prince George rural (northwest),2010,Average Employment Income,EDA,Fraser-Fort George,"48,880","74,200","76,000","73,000",0,0,0,"8,600","8,600",0,"33,800","32,400",0,"36,700",0,"37,500","36,000","50,500","60,000","66,000","55,500","42,000","41,900","37,000",0,"46,200",0,0,"306,800","90,000","55,800","379,000","379,000","102,800","40,800","71,200","41,100","44,900","54,000","29,800",0,"15,800","7,200","48,500",
125,Prince George rural (southeast),2010,Average Employment Income,EDA,Fraser-Fort George,"43,160","56,000","48,700","59,700","34,000","34,000",0,"11,600","11,600",0,"36,500","47,400","36,000","27,000","24,100","16,400",0,"52,700","75,000","72,000","48,200","44,000","41,900","48,000",0,"51,800","35,900",0,"80,000",0,"48,000","48,000","48,000","33,000","35,400","80,400","32,700","31,400","56,200","22,500","36,000","19,700","24,000","25,800",
126,Peace River,2010,Average Employment Income,RD,Peace River,"52,050","58,100","55,800","59,300","43,500","59,100",0,"20,300","18,700","52,000","37,300","55,000","33,000","23,800","24,100","35,000","56,100","50,100","57,200","58,400","48,900","36,500","50,400","57,000","38,400","58,100","9,500",0,"73,600","115,400","60,000",0,"72,000","64,900","33,500","62,600","52,100","43,800","60,500","27,100","33,100","24,100","26,200","28,900",
127,Dawson Creek,2010,Average Employment Income,EDA,Peace River,"46,560","63,200",0,"63,200","42,400","67,000","64,000","17,700","14,400","64,000","34,200","51,400","33,000","27,200","19,800","28,700",0,"50,600","59,000","57,200","47,700","32,400","52,200","71,500",0,"53,400",0,0,"34,000","85,000","68,400",0,0,"100,400","32,900","49,100","42,800","56,600","49,700","26,900","33,000","27,200","20,300","27,300",
128,North Peace,2010,Average Employment Income,EDA,Peace River,"54,200","58,600","54,000","62,300","5,000","77,600","245,700","28,000","20,900","245,700","40,100","58,200","30,000","24,600","25,300","35,700","67,400","52,500","62,000","59,200","51,500","54,000","50,600","55,200","42,800","61,500","9,500",0,"71,200","117,700","56,900",0,"72,000","60,500","35,000","72,500","51,300","43,000","61,600","25,900","30,000","22,900","27,100","27,900",
129,South Peace,2010,Average Employment Income,EDA,Peace River,"54,850","56,700","61,000","55,300","67,900","54,800",0,"24,000","24,000",0,"35,500","37,100","44,000","27,600","30,000","12,000",0,"39,900","28,000",0,"43,000","29,200","45,200","40,000","37,000","49,800",0,0,"84,000","146,900","61,500",0,"85,000","22,000","26,900","32,000","64,200","20,600","67,500","28,700","44,000","23,000","30,000","27,200",
130,Stikine Region,2010,Average Employment Income,RD,Stikine Region,"35,200",0,0,0,"69,300",0,"30,000",0,0,0,"20,000","29,300","20,000",0,0,"29,300","18,000","33,800","44,000",0,0,0,"38,600",0,"29,000","30,000",0,0,0,0,"50,000",0,0,0,"29,300",0,"15,200",0,0,"14,800","20,000",0,0,"11,900",
131,Stikine,2010,Average Employment Income,EDA,Stikine Region,"35,200",0,0,0,"71,600",0,"30,000",0,0,0,"18,600",0,"20,000","12,000",0,0,"18,000","30,800","44,000",0,"12,000",0,"38,600",0,"28,000","36,000",0,0,0,0,"50,000",0,0,0,0,0,"14,700",0,0,"13,800","20,000","10,700",0,"12,000",
132,Northern Rockies RD,2010,Average Employment Income,RD,Northern Rockies RD,"54,550","45,000",0,"45,000",0,"91,500","80,200",0,0,0,"35,600","50,700","23,200","28,000","63,000","154,500",0,"55,900","90,000","73,000","52,000","24,500","44,000","88,000","34,000","49,000","8,500",0,0,"119,700","43,400",0,0,"79,000","51,700","72,000","39,800","93,400","72,600","27,000","21,500","24,700","68,000","12,100",
133,Northern Rockies,2010,Average Employment Income,EDA,Northern Rockies RD,"54,550","45,000",0,"45,000",0,"91,500",0,0,0,0,"38,700","53,200","23,200","34,400","63,500","154,500",0,"55,900","90,000","73,000","52,000","24,600","44,000","88,000","34,000","49,100","8,500",0,0,"119,700","43,400",0,0,"81,000","51,700","72,000","39,800","93,300","72,600","27,100","21,500","24,700","68,000","13,000",
134,British Columbia,2015,Average Employment Income,PROV,NA,"50,080","68,500","64,200","70,900","89,000","74,000","36,800","33,800","26,800","43,500","36,000","57,900","34,600","23,600","32,300","35,000","39,500","54,800","70,500","67,000","53,700","36,000","49,700","70,100","40,700","50,900","50,200","71,500","55,500","95,900","48,900","84,100","82,500","59,000","34,900","62,300","44,900","69,500","67,800","28,000","34,500","20,500","31,500","34,500",
135,East Kootenay,2015,Average Employment Income,RD,East Kootenay,"52,500","76,800","69,100","82,200","106,200","79,800","28,000","21,200","17,200","30,500","32,700","53,600","32,500","23,000","27,100","31,500","34,000","50,100","64,000","68,400","50,400","35,800","44,800","58,000","43,000","52,500","9,000","71,500","53,900","73,600","52,900",0,"75,400","54,300","32,700","74,800","41,500","54,800","58,400","27,200","32,900","20,600","29,500","29,900",
136,Cranbrook,2015,Average Employment Income,EDA,East Kootenay,"49,400","76,900","63,900","85,900","94,000","83,600",0,"20,900","20,900",0,"29,900","49,500","29,200","24,000","18,400","27,100",0,"54,000","76,000","71,500","53,600","38,900","48,000","61,200","42,000","54,300","2,000","48,100","57,200","81,500","47,300",0,"75,600","60,000","34,200","61,000","42,000","62,700","60,500","24,600","28,900","18,400","23,800","31,000",
137,Fernie,2015,Average Employment Income,EDA,East Kootenay,"63,950","60,100","60,200","60,000","109,500","90,500",0,"14,700","10,000","24,000","29,900","52,100","30,900","23,400","22,900","32,500","32,000","46,400","38,000","62,000","52,100","26,600","39,500","54,000","45,000","53,700","14,000","85,000","82,300","80,000","69,600",0,0,"43,900","31,600","102,800","45,500","40,200","61,600","25,800","32,000","22,000","25,700","25,200",
138,Invermere,2015,Average Employment Income,EDA,East Kootenay,"45,880","89,300","86,000","92,300","122,700","58,400",0,"28,500","17,900","36,200","34,400","40,900","35,100","24,600","38,500","33,100","46,800","48,300","78,000","72,000","50,700","32,000","36,700","62,000","36,000","45,900",0,"37,700","47,700","37,700","46,200",0,"55,000","55,000","29,800","83,500","39,800","56,200","60,000","32,500","35,300","23,600","39,000","31,000",
139,Kimberley,2015,Average Employment Income,EDA,East Kootenay,"47,040","74,400","61,700","80,000","92,400","78,500",0,"15,900","10,700","46,200","33,300","61,600","30,400","24,300","29,100","35,500","32,000","46,500","48,000","62,000","41,800","36,700","48,700","58,000","59,100","53,200",0,0,"46,200","90,000","55,200",0,"72,000","64,400","30,000","74,300","36,100","44,300","40,800","27,600","30,400","21,400","29,700","32,400",
140,Central Kootenay,2015,Average Employment Income,RD,Central Kootenay,"41,520","58,900","47,700","66,500","79,000","72,700",0,"22,300","15,900","37,400","26,800","42,400","24,700","22,600","22,600","21,700","27,200","45,800","70,000","59,600","40,900","28,700","46,800","58,000","28,000","50,100","25,400","43,500","40,300","95,600","52,600","60,300","80,000","37,100","29,000","50,600","29,800","49,300","51,500","23,700","24,500","20,400","21,700","28,000",
141,Castlegar-Arrow Lakes,2015,Average Employment Income,EDA,Central Kootenay,"48,080","71,700","48,700","78,400","91,900",0,0,"18,400","19,500","15,700","28,000","42,100","23,000","21,100","31,100","26,500","25,000","48,300","80,000","66,000","39,200","26,800","53,800","64,000",0,"53,600","16,000",0,"40,800","100,700","56,300","50,000","80,000","53,900","31,400","59,100","35,500","46,200","65,000","24,500","23,000","18,700","29,200","31,500",
142,Creston,2015,Average Employment Income,EDA,Central Kootenay,"36,800","51,300","54,400","48,900","66,800","80,400",0,"28,200","17,700","52,800","24,200","38,600","17,500","29,100","22,100","20,200","43,200","40,700","66,000","72,000","36,700","27,900","38,600","56,000","24,000","39,800",0,0,"67,200",0,"46,600",0,"45,300","50,100","26,700","63,500","29,400","39,100","44,400","21,800","17,500","22,100","21,600","22,700",
143,Nelson,2015,Average Employment Income,EDA,Central Kootenay,"40,640","48,800","33,300","69,800","67,400","49,600",0,"17,000","12,000","22,000","27,800","40,300","27,100","26,100","19,600","21,700","31,700","49,000","65,000","61,600","45,000","29,100","49,200","62,000",0,"40,000","38,000","28,000","45,300","112,000","51,900","68,000","72,000","33,800","29,100","44,200","30,700","54,500","51,400","26,200","27,200","22,200","20,600","31,900",
144,Slocan Valley,2015,Average Employment Income,EDA,Central Kootenay,"37,840","47,900","54,200","40,400","71,800","88,500",0,"8,800","8,700","9,000","25,100","36,900","25,800","20,300","20,300","21,200","22,500","38,300","84,000","38,000","37,300","25,100","37,400","37,000",0,"73,200","13,800","22,000","37,700","59,200","43,500","60,000","68,900","18,000","29,100","31,600","27,100","49,800","33,400","19,700","25,100","17,000","19,900","17,800",
145,Kootenay Boundary,2015,Average Employment Income,RD,Kootenay Boundary,"47,880","66,700","52,800","75,300","96,300","45,100",0,"21,800","21,300","32,000","31,500","34,800","34,400","26,600","23,400","30,000","32,300","48,500","64,200","54,000","46,100","28,500","47,200","63,200",0,"50,300","42,700","70,200","60,400","85,000","47,600",0,0,"39,300","30,200","55,400","33,100","56,200","51,400","22,800","31,700","15,900","24,600","26,100",
146,Grand Forks-Greenwood,2015,Average Employment Income,EDA,Kootenay Boundary,"39,160","62,300","58,500","65,400","60,300","79,300",0,"25,500","23,400","79,100","27,400","29,600","28,000","26,000","23,500","33,700","28,000","48,700","66,000","60,000","42,400","29,000","48,700","66,000",0,"41,300",0,0,"61,100","72,000","39,500",0,0,"66,700","24,900","41,800","28,500","49,500","45,000","18,700","25,400","13,400","24,200","18,600",
147,Rossland,2015,Average Employment Income,EDA,Kootenay Boundary,"54,000","62,600","34,000","85,000","104,500",0,0,"3,200","3,200",0,"36,600","46,400","42,000","23,000","35,300","29,700",0,"54,500","64,100","44,000","59,100","36,000","47,200","56,000",0,"54,800",0,0,"78,100","80,700","60,000",0,0,0,"27,200","72,000","26,200","48,800","52,600","33,200","42,000","22,200","33,500","41,000",
148,Trail,2015,Average Employment Income,EDA,Kootenay Boundary,"51,850","83,700","10,400","89,400","95,000","40,600",0,"4,800","4,800",0,"34,000","46,400","31,000","27,700","40,000","27,100","43,700","45,900","63,000","56,000","40,900","27,000","46,800","64,500",0,"57,400",0,"78,500","56,200","89,000","55,500",0,0,"28,000","33,500","58,500","39,000","62,700","52,700","21,200","31,000","15,000","14,200","27,900",
149,Okanagan-Similkameen,2015,Average Employment Income,RD,Okanagan-Similkameen,"42,040","58,400","44,600","64,400","89,300","68,800","45,000","25,600","21,500","38,700","30,000","50,000","26,200","21,700","22,300","29,800","30,700","52,300","65,200","71,000","49,700","34,800","49,700","65,800","39,000","50,100","29,400","25,700","51,700","90,700","46,200","73,800","113,000","52,100","31,700","48,000","32,800","50,000","51,700","23,800","25,800","18,700","23,800","29,800",
150,Keremeos,2015,Average Employment Income,EDA,Okanagan-Similkameen,"34,600","49,300","48,800","50,000","92,000",0,"72,400","22,500","17,900","72,400","29,800","28,600","35,400","32,700","20,000","1,900","48,000","42,300","12,000","76,200","41,500","38,000","43,200","72,000","36,000","51,400",0,0,"55,000",0,"53,700",0,0,0,"19,500","32,000","27,600","33,100","31,000","18,300","32,800","10,800","20,000","17,900",
151,Oliver-Osoyoos,2015,Average Employment Income,EDA,Okanagan-Similkameen,"35,160","38,500","34,000","41,100","75,900","180,000",0,"24,300","21,600","34,700","26,800","39,900","24,800","22,500","24,300","33,300","47,300","45,700","60,000","68,000","40,400","20,000","50,100","55,000","40,000","42,100","20,500","83,700","62,100","68,000","48,900",0,0,"39,000","30,600","50,200","33,800","43,200","33,000","22,800","24,700","19,000","22,200","26,600",
152,Penticton,2015,Average Employment Income,EDA,Okanagan-Similkameen,"43,520","51,700","36,600","59,400","77,100","74,000","45,000","29,500","23,300","41,100","31,100","53,700","26,400","22,300","23,400","30,000","28,400","54,500","69,000","71,000","52,200","36,000","50,500","67,600","40,000","52,500","27,400","31,500","50,300","81,300","45,500",0,0,"52,600","32,400","49,700","33,600","52,000","55,300","24,600","26,100","19,000","24,000","31,800",
153,Princeton,2015,Average Employment Income,EDA,Okanagan-Similkameen,"51,350","77,100","69,200","78,700","103,200",0,0,"23,900","23,900",0,"28,100","33,600","29,000","22,000","30,000","39,300",0,"40,900","32,000",0,"38,100","28,100","42,000","64,000",0,"53,000",0,0,"162,900",0,"56,900",0,0,"70,700","36,700","36,300","28,300","49,200","48,300","24,100","29,000","18,500","30,000","26,400",
154,Fraser Valley,2015,Average Employment Income,RD,Fraser Valley,"44,560","48,700","50,000","48,300","65,200","57,800","33,100","35,000","32,200","42,500","33,400","58,300","28,500","22,300","26,400","38,200","37,100","52,500","73,300","62,300","48,400","36,900","46,900","71,500","39,200","51,300","35,500","66,500","54,400","94,000","47,200","95,900","75,700","56,400","34,100","58,300","38,600","54,300","50,400","24,000","28,100","18,400","26,100","29,600",
155,Chilliwack,2015,Average Employment Income,EDA,Fraser Valley,"45,600","50,900","56,000","49,200","58,100","51,500","48,000","38,100","34,400","49,100","35,200","66,000","33,300","20,700","27,700","35,100","43,900","53,200","76,000","62,600","46,100","35,900","48,200","72,800","42,000","54,500","32,600","85,500","52,800","107,000","54,100","93,600","89,300","69,800","35,300","57,900","38,300","56,400","49,400","23,300","33,000","16,500","29,200","27,900",
156,Hope-Fraser Canyon,2015,Average Employment Income,EDA,Fraser Valley,"39,600","43,300","37,500","56,000","72,300","88,500","31,700","40,000","30,000","52,000","32,500","52,600","31,100","24,400","26,700","33,400","25,100","49,200","64,000","50,000","42,300","63,600","46,000","56,000","44,000","40,100",0,"52,200","42,200","100,000","47,600",0,"85,000","87,700","28,800","76,300","28,300","47,500","36,100","24,800","30,500","20,700","25,300","31,100",
157,Kent-Harrison,2015,Average Employment Income,EDA,Fraser Valley,"41,080","52,300","50,000","60,000","60,000","100,000",0,"38,000","35,500","46,000","32,200","58,500","30,200","21,000","34,400","38,100","45,700","48,100","72,000","74,200","41,400","32,600","43,800","59,000","32,500","51,800","28,000","39,500","44,700","70,000","52,900",0,"93,800","41,500","29,400","67,200","39,100","64,600","51,600","25,200","30,200","17,000","37,000","25,500",
158,Matsqui-Abbottsford,2015,Average Employment Income,EDA,Fraser Valley,"43,920","47,300","51,900","46,800","68,900","55,600",0,"33,700","31,700","38,900","34,700","52,800","23,800","24,200","26,800","35,900","36,800","53,300","71,700","64,400","52,600","34,600","46,300","72,000","40,000","48,900","33,900","66,400","54,800","94,200","45,400","94,200","67,500","51,700","33,300","58,900","38,200","52,600","50,800","24,600","20,800","19,600","24,400","30,600",
159,Mission,2015,Average Employment Income,EDA,Fraser Valley,"46,120","49,000","46,300","49,700","72,500","62,000",0,"34,100","27,700","51,700","32,100","55,000","22,800","25,400","26,000","32,300","25,500","50,500","70,900","58,000","42,700","44,400","46,900","74,000","40,000","53,000","40,000","62,800","59,900","80,500","45,400","92,200","76,000","61,600","35,600","56,800","41,600","55,700","53,000","23,400","23,500","17,400","24,100","30,100",
160,Metro Vancouver,2015,Average Employment Income,RD,Metro Vancouver,"52,350","70,100","89,500","67,000","91,800","67,500","39,000","39,600","29,300","45,500","38,300","59,200","42,100","24,500","35,200","37,500","42,000","56,400","70,400","67,700","57,500","37,800","50,000","73,000","55,200","50,700","53,200","73,500","56,900","95,500","45,800","92,800","80,200","59,700","36,400","63,500","49,300","73,800","71,600","29,500","41,800","21,100","33,600","36,700",
161,Burnaby - New Westminster,2015,Average Employment Income,EDA,Metro Vancouver,"48,400","64,600","56,900","65,700","79,700","62,700","41,500","42,000","33,900","43,800","34,400","50,100","39,700","23,800","34,400","34,600","36,000","53,400","66,000","66,000","53,600","39,100","48,200","66,200","40,000","47,800","49,900","65,000","49,800","92,000","43,200","93,200","80,700","57,600","33,000","54,900","41,700","60,400","67,300","28,900","39,900","20,400","32,400","36,300",
162,Coquitlam,2015,Average Employment Income,EDA,Metro Vancouver,"52,850","65,700","61,900","66,600","88,400","74,300","44,100","46,500","35,500","49,000","38,200","57,600","42,900","24,200","36,300","37,400","43,500","55,800","70,500","62,900","53,900","38,600","50,200","72,500","70,000","53,700","48,500","80,100","58,700","89,700","48,000","98,500","80,700","61,500","36,700","66,300","46,700","65,400","74,500","28,900","42,100","19,600","33,900","36,400",
163,Delta - Tsawwassen,2015,Average Employment Income,EDA,Metro Vancouver,"54,700","76,900","67,200","78,600","76,700","50,900","55,900","44,400","31,500","59,200","42,500","62,500","40,600","24,900","36,000","46,500","35,200","56,500","66,100","71,600","55,200","40,500","49,800","79,800","60,000","52,900","57,000","85,000","83,000","96,300","49,200","92,400","74,700","61,800","36,700","66,900","47,200","73,200","76,800","30,000","40,100","21,000","31,600","37,800",
164,Greater Vancouver,2015,Average Employment Income,EDA,Metro Vancouver,"55,050","76,400","62,700","82,000","106,500","66,500","36,000","40,700","31,600","42,800","39,200","60,700","43,700","25,300","36,700","43,200","43,900","60,100","72,300","75,400","65,300","37,700","53,400","72,600","50,000","49,900","56,000","76,100","52,200","93,700","43,500","88,800","80,200","59,200","38,600","68,000","57,200","79,300","70,600","31,800","43,400","22,900","34,900","40,700",
165,Langley,2015,Average Employment Income,EDA,Metro Vancouver,"52,050","61,600","60,900","61,700","64,800","61,400","58,800","37,700","29,300","55,500","44,100","69,400","41,000","25,400","37,700","40,500","31,400","56,700","81,300","63,000","52,800","41,000","49,100","76,900","45,000","57,900","46,800","74,800","63,800","103,000","54,400","93,900","82,500","78,700","40,200","69,100","44,600","61,500","62,600","27,200","39,900","19,400","31,900","34,100",
166,North Shore,2015,Average Employment Income,EDA,Metro Vancouver,"72,300","190,600","270,000","152,300","157,700","101,900","93,400","53,500","47,400","55,600","45,000","77,900","52,900","25,600","36,900","53,700","44,100","64,800","85,600","80,200","69,400","38,000","54,900","83,000","60,000","59,000","57,600","94,200","81,700","109,500","45,000","102,700","101,600","89,300","42,700","91,700","77,900","132,900","96,300","35,200","51,600","21,900","42,800","43,000",
167,Pitt Meadows-Maple Ridge,2015,Average Employment Income,EDA,Metro Vancouver,"52,700","61,000","56,300","62,000","78,600","87,600","46,300","39,200","33,500","45,200","40,100","60,700","33,300","25,700","25,000","38,800","50,600","56,300","71,000","62,800","52,900","32,200","49,000","81,800","36,000","57,800","46,000","72,800","61,700","101,300","54,200","95,900","84,000","65,900","36,900","68,000","46,100","67,000","72,300","26,000","31,900","18,800","23,800","34,200",
168,Richmond,2015,Average Employment Income,EDA,Metro Vancouver,"46,000","61,100","62,500","61,000","66,800","50,400","32,100","38,900","34,700","40,600","36,400","52,200","41,500","24,200","32,200","33,600","36,100","51,700","66,600","60,400","53,800","36,000","45,100","68,600","60,600","42,700","41,200","76,800","51,300","90,600","48,000","74,300","63,300","55,300","33,300","48,800","41,700","58,900","64,900","27,500","41,100","21,400","30,700","32,700",
169,Surrey,2015,Average Employment Income,EDA,Metro Vancouver,"45,680","56,000","57,800","55,900","69,700","58,100","29,600","35,800","24,800","44,200","37,600","58,000","36,500","23,200","31,100","33,600","51,600","51,100","65,600","61,000","50,100","37,300","44,400","67,800","70,000","46,100","44,400","63,400","51,700","96,100","43,500","91,700","76,500","53,200","33,600","57,400","39,400","59,900","63,300","25,500","36,900","19,400","29,200","30,900",
170,Capital,2015,Average Employment Income,RD,Capital,"48,520","50,200","48,400","52,200","53,800","105,400","43,900","28,400","20,600","37,200","34,700","55,500","33,300","22,800","27,600","37,300","31,100","58,400","71,600","70,100","52,600","33,600","51,300","71,200","41,000","45,500","23,300","67,400","60,300","92,100","38,000","69,700","100,700","55,500","33,100","53,500","38,700","70,600","64,500","27,600","33,300","20,100","28,600","34,900",
171,Central and North Saanich,2015,Average Employment Income,EDA,Capital,"52,000","38,000","35,800","40,000","51,000","75,400","80,000","25,300","21,500","36,000","39,100","62,100","28,800","22,100","32,000","34,600","30,300","59,500","74,500","72,600","56,500","35,700","50,200","71,200","36,000","48,800","30,000","76,300","69,200","108,000","45,300","63,600",0,"63,900","34,800","56,900","46,700","85,300","67,600","28,900","28,700","18,700","37,600","36,000",
172,Greater Victoria,2015,Average Employment Income,EDA,Capital,"47,120","38,300","36,900","40,600","43,500","85,500","36,900","31,800","26,000","33,900","33,000","55,000","34,400","22,900","28,600","29,900","33,700","58,400","70,600","70,000","54,700","33,300","51,500","64,400","28,000","41,900","22,300","59,100","51,600","86,200","32,800","65,700",0,"56,500","30,200","48,100","36,600","68,900","60,900","28,300","34,000","21,200","27,400","36,100",
173,Gulf Islands,2015,Average Employment Income,EDA,Capital,"38,440","79,600","63,500","108,000","150,000",0,"47,900","22,400","20,600","27,500","29,800","65,500","25,400","22,800","21,600","27,400","32,600","45,100","84,000","70,000","37,800","24,000","44,100","70,000",0,"33,300","18,000","53,500","98,000","50,000","38,700","65,400",0,"53,100","30,200","60,600","28,400","47,700","60,800","21,800","25,400","20,400","15,500","28,300",
174,Saanich,2015,Average Employment Income,EDA,Capital,"49,440","53,300","33,800","66,400","23,200","145,100","61,600","31,900","19,600","46,500","32,600","52,000","33,000","23,100","28,500","31,800","23,500","58,900","68,800","72,300","53,600","34,300","52,500","75,400","121,200","45,500","19,200","65,400","58,900","103,300","31,400","78,200",0,"49,700","31,700","56,300","39,000","76,900","71,800","27,500","32,800","19,300","29,200","36,500",
175,Sooke-Port Renfrew,2015,Average Employment Income,EDA,Capital,"46,040","41,600","44,000","37,600","52,900","117,500","3,500","24,300","14,000","36,500","30,900","57,500","24,900","18,600","33,400","32,400","60,100","56,700","70,800","74,400","45,900","30,200","52,700","68,000","40,000","45,000","45,000","85,100","72,800","72,300","40,000","95,000",0,"58,500","32,800","44,400","33,700","53,000","52,200","23,200","26,200","17,700","26,900","26,300",
176,Westshore Communities,2015,Average Employment Income,EDA,Capital,"50,040","67,100","81,400","56,500","51,900","110,400","39,000","28,300","20,800","35,200","39,600","56,800","37,800","24,900","28,700","69,300","35,400","58,900","73,700","64,400","48,600","35,800","50,300","73,200","32,000","49,800","24,800","72,900","56,000","81,400","43,700","73,300",0,"59,700","38,800","57,500","41,500","65,700","61,300","27,500","37,500","20,100","30,300","32,200",
177,Cowichan Valley,2015,Average Employment Income,RD,Cowichan Valley,"44,720","72,400","65,900","76,600","60,700","80,100","27,000","23,200","21,200","29,200","33,600","62,600","23,300","21,300","28,300","27,900","33,200","50,700","73,700","64,800","47,000","31,600","46,600","59,900","33,600","44,700","29,000","48,500","54,700","82,200","47,700","86,700","31,400","73,700","33,000","55,900","35,800","61,000","53,600","23,600","23,600","18,400","28,000","27,500",
178,Duncan,2015,Average Employment Income,EDA,Cowichan Valley,"43,000","74,000","63,800","79,200","55,600","68,000","25,900","25,300","23,700","30,300","32,500","55,600","21,600","22,600","29,200","27,400","30,900","47,900","67,800","59,200","47,400","31,700","43,800","58,800","34,000","43,800","50,000","48,900","57,300","85,800","47,500","69,900",0,"63,500","33,400","57,700","35,100","58,400","46,900","23,200","21,700","18,400","29,800","26,200",
179,Ladysmith,2015,Average Employment Income,EDA,Cowichan Valley,"46,840","78,400","73,700","80,900","75,000","178,500","34,400","20,100","20,300","19,300","30,300","52,300","20,500","18,300","12,200","35,700","18,800","53,200","80,500","72,000","44,600","34,000","53,600","60,000","28,000","40,700","44,000","65,400","55,300","97,500","49,200","96,000",0,"61,600","32,400","59,100","35,700","56,200","41,800","21,400","21,600","14,800","13,600","30,000",
180,Lake Cowichan,2015,Average Employment Income,EDA,Cowichan Valley,"39,880","66,000","69,000","61,700","100,000",0,"36,700","25,600","20,000","30,000","35,100","58,800","20,600","23,700","34,000","23,300","107,200","43,100","62,200","52,000","40,700","36,000","31,100","54,000","30,000","38,200",0,0,"58,100",0,"67,900","67,900","67,900","67,900","27,200","66,000","37,700","42,300","44,800","25,200","19,900","18,600","41,100","27,500",
181,Malahat - South Cowichan,2015,Average Employment Income,EDA,Cowichan Valley,"48,320","58,600","53,100","62,900",0,"64,400","37,000","19,300","17,000","28,800","39,800","74,400","30,800","23,600","33,700","31,000","58,200","56,700","77,700","71,500","49,200","27,700","51,000","66,000","50,000","50,600","29,900","61,700","61,800","45,000","55,900","90,000",0,"96,700","34,700","57,800","38,700","66,200","70,300","26,100","31,500","20,700","28,800","29,300",
182,Nanaimo RD,2015,Average Employment Income,RD,Nanaimo,"43,440","72,600","72,400","72,700","64,000","106,700","33,400","27,300","24,000","34,100","32,700","55,600","24,600","21,400","25,300","33,400","32,200","50,600","67,200","61,800","46,800","35,700","49,800","67,600","35,000","45,900","23,400","47,000","45,800","84,300","43,900","67,700","76,000","53,700","32,300","53,500","35,100","53,800","51,200","24,400","24,800","18,400","25,500","31,300",
183,Nanaimo,2015,Average Employment Income,EDA,Nanaimo,"43,640","75,200","72,200","77,400","62,300","111,000","33,700","28,500","24,500","36,000","34,600","58,900","26,700","22,000","22,800","31,500","38,100","50,600","64,900","60,800","47,200","36,500","50,100","68,000","33,000","47,000","23,000","50,800","48,500","79,600","44,500","67,900","64,000","51,400","31,400","55,700","35,700","51,900","51,500","24,800","27,100","18,600","23,700","33,200",
184,Parksville-Qualicum,2015,Average Employment Income,EDA,Nanaimo,"42,640","65,000","72,900","58,400","65,900","102,200","33,300","24,300","22,500","29,500","31,200","53,400","21,600","24,400","29,900","39,400","23,900","49,900","74,000","66,000","45,500","32,700","47,300","66,000","50,000","42,800","27,700","47,100","44,800","109,500","42,800","66,300","53,400","62,700","34,700","48,200","32,400","58,800","50,000","23,400","21,600","18,000","31,900","26,100",
185,Alberni-Clayoquot,2015,Average Employment Income,RD,Alberni-Clayoquot,"40,480","69,200","63,600","73,000","32,500","65,100","30,100","33,400","34,500","22,000","27,100","39,100","25,000","19,600","25,900","29,300","24,400","46,700","61,200","62,000","44,200","31,600","48,100","60,800","36,500","48,700","18,000","59,500","53,000","47,000","50,600","62,500",0,"49,200","28,900","51,400","29,100","49,800","45,300","23,100","25,200","17,400","28,700","25,000",
186,Alberni,2015,Average Employment Income,EDA,Alberni-Clayoquot,"42,080","70,500","65,200","73,800","23,700","67,400","24,000","23,000","23,200","22,000","28,300","47,200","20,000","17,500","25,300","27,400","34,000","47,000","58,000","64,000","43,400","32,400","50,800","62,400","38,000","52,800","18,000","91,000","59,500","70,000","49,600","71,200",0,"50,200","27,600","52,200","29,100","49,600","47,600","20,800","20,600","15,200","25,300","25,000",
187,Clayoquot,2015,Average Employment Income,EDA,Alberni-Clayoquot,"34,680","28,600","27,300","31,500",0,0,"34,800","55,000","55,000",0,"28,500","40,500","27,200","25,300","27,400","37,600","20,000","44,400","68,000","45,000","52,600","30,200","37,200","54,000","34,000","29,700",0,0,"31,500","32,400",0,"57,400",0,"32,100","37,800","60,000","27,900","44,600","30,800","27,100","27,400","22,800","33,500","26,000",
188,Strathcona RD,2015,Average Employment Income,RD,Strathcona,"45,640","70,900","70,800","72,200","95,400","132,100","41,600","45,900","49,000","26,700","29,000","48,000","22,700","21,200","26,900","30,100","10,300","48,200","72,100","60,400","45,500","39,500","43,000","65,000","35,000","53,100","16,000","37,300","42,800","98,000","44,600","52,500",0,"45,800","30,200","62,900","34,500","56,600","51,300","23,200","22,800","18,800","26,300","27,500",
189,Bute Inlet,2015,Average Employment Income,EDA,Strathcona,"30,120","32,000","32,000",0,0,0,"45,500","26,000","26,000",0,"19,800","41,700","17,900","17,400","22,400","21,600","11,700","34,800","40,000","115,300","32,600","24,000","26,900",0,"32,000","36,700",0,0,"37,900",0,"25,200","68,000",0,"32,000","20,600",0,"13,000",0,"50,500","19,300","18,500","17,500","20,000","21,500",
190,Campbell River,2015,Average Employment Income,EDA,Strathcona,"47,120","72,800","72,200","80,000","98,600","132,900","40,400","51,100","55,600","28,100","31,200","51,700","22,000","22,300","29,100","27,700","8,900","49,200","69,800","60,400","45,900","40,600","45,200","66,500","40,000","54,800","16,000","44,600","46,900","100,000","47,800","49,900",0,"49,000","31,200","65,300","36,500","56,500","52,600","23,500","22,000","18,900","28,200","28,100",
191,Strathcona,2015,Average Employment Income,EDA,Strathcona,"45,000","63,800","67,100","40,000",0,0,"15,300","48,000","48,000",0,"29,400","30,300","34,500","26,800","15,000","79,700",0,"49,400","140,000",0,"53,900","24,000","45,000","46,000","30,000","39,300",0,0,"5,400",0,"32,000","32,000",0,0,"24,800","79,700","26,800",0,"8,400","23,800","34,000","17,000","15,000","20,600",
192,Comox Valley,2015,Average Employment Income,RD,Comox Valley,"42,520","63,800","66,600","54,600","44,000","97,300","37,900","26,800","26,600","27,200","34,400","60,200","26,000","20,900","24,300","29,900","31,200","51,000","65,300","64,500","47,600","28,500","46,500","61,200","22,000","43,700","38,000","63,300","43,800","95,000","41,200","67,600",0,"70,300","29,500","58,100","33,000","52,700","57,500","24,300","26,400","18,800","23,400","30,600",
193,Comox,2015,Average Employment Income,EDA,Comox Valley,"46,280","69,800","70,500","67,800",0,"103,300","28,000","31,200","26,400","42,900","40,900","72,500","22,000","21,500","25,200","28,900","20,000","56,200","66,900","66,000","53,300","26,000","48,700","73,500","25,000","45,500","70,000","39,200","48,100","60,000","33,500","69,800",0,"82,900","29,400","53,700","33,900","51,600","60,400","25,700","22,000","18,200","28,600","33,900",
194,Courtenay,2015,Average Employment Income,EDA,Comox Valley,"40,800","61,000","65,300","45,700","54,500","93,500","40,000","25,600","26,600","22,000","33,100","56,800","27,100","21,300","21,100","30,900","41,600","47,700","63,700","64,000","44,500","29,500","45,600","51,600",0,"43,400","27,000","82,600","48,800","120,000","43,900","67,600",0,"61,700","29,400","64,000","32,700","53,600","55,200","24,000","27,600","19,100","21,300","29,600",
195,Powell River RD,2015,Average Employment Income,RD,Powell River,"41,520","72,400","64,700","76,300","57,600","55,900","28,900","29,100","28,900","32,400","27,800","39,600","27,600","18,700","19,800","30,600","36,000","45,700","55,000","53,000","46,500","29,300","43,400","57,600","48,000","40,300","20,700","32,400","54,000","73,800","48,000","57,000",0,"39,200","26,800","58,000","30,300","57,900","38,700","21,000","27,600","15,400","21,300","25,500",
196,Powell River,2015,Average Employment Income,EDA,Powell River,"41,880","72,400","64,700","76,300","58,000","55,900","28,900","32,300","31,900","38,600","28,500","40,900","27,600","20,600","20,000","29,000","36,000","45,900","55,000","53,000","46,900","29,300","43,900","57,600","48,000","41,400","18,600","38,600","57,400","73,800","48,000","57,000",0,"39,200","26,800","58,000","30,800","57,900","37,500","21,000","27,600","15,400","21,300","25,500",
197,Sunshine Coast RD,2015,Average Employment Income,RD,Sunshine Coast,"44,160","87,000","70,100","97,000","78,400","37,500","51,500","18,000","16,900","20,500","30,000","63,800","20,100","21,800","23,100","39,500","19,200","49,400","63,000","52,000","48,800","26,900","50,900","55,200","26,000","40,300","26,000","62,700","58,600","141,000","41,600","71,400",0,"55,400","30,200","67,600","30,000","42,800","59,700","23,900","19,800","19,900","21,400","31,700",
198,Sunshine Coast,2015,Average Employment Income,EDA,Sunshine Coast,"44,160","87,000","70,100","97,000","78,400","37,500","51,500","18,000","16,900","20,500","30,900","64,400","20,100","23,800","23,200","39,600","19,400","49,400","63,000","52,000","48,800","26,900","50,900","55,200","26,000","40,300","26,000","62,700","58,600","141,000","41,600","71,400",0,"55,400","30,200","67,600","30,000","42,800","59,700","23,900","19,800","19,900","21,400","31,700",
199,Squamish-Lillooet,2015,Average Employment Income,RD,Squamish-Lillooet,"48,280","52,500","50,600","56,300","60,900","63,900","24,000","24,000","20,000","30,000","36,200","56,300","41,000","25,000","39,200","44,000","38,500","54,400","66,900","64,000","53,000","31,800","49,300","70,600","42,000","49,400","58,200","64,900","56,800","90,700","45,500","95,700","83,100","64,800","35,500","69,200","43,900","113,300","63,900","33,200","40,700","22,900","36,400","36,600",
200,Squamish,2015,Average Employment Income,EDA,Squamish-Lillooet,"50,680","56,500","53,000","63,700","53,800","66,800",0,"14,700",0,"19,500","37,300","58,400","41,700","24,100","41,900","41,800","37,200","57,500","70,000","70,000","54,000","32,600","53,300","77,200","40,000","51,600","70,000",0,"64,900","88,100","50,700","94,100","76,000","78,100","34,700","86,300","47,900","69,000","65,500","32,100","41,300","21,300","37,700","34,700",
201,Upper Squamish - Lillooet Region,2015,Average Employment Income,EDA,Squamish-Lillooet,"38,720","44,200","37,200","52,000","60,000",0,0,"25,000","22,800","39,200","21,800","37,400","12,300","19,700","36,000","70,400",0,"43,300","64,000","52,000","42,400","28,000","46,000","45,000","37,500","42,300",0,0,"53,900","80,000","37,100",0,"70,000","32,000","28,100",0,"26,400","24,300","48,000","21,700","11,500","13,100","36,000","32,100",
202,Whistler - Pemberton,2015,Average Employment Income,EDA,Squamish-Lillooet,"47,080","55,000","57,100","47,000","58,200","47,300","25,000","28,400","24,300","34,900","35,500","53,000","41,400","26,100","34,400","41,200","39,000","53,100","66,000","58,000","53,600","30,000","44,800","64,800","50,000","47,400","22,000",0,"48,400","110,000","37,900","38,400",0,"55,500","37,200","56,400","43,800","138,300","63,700","34,500","41,100","24,400","35,500","39,900",
203,Thompson-Nicola,2015,Average Employment Income,RD,Thompson-Nicola,"49,320","69,400","62,200","74,200","106,400","48,800","42,900","24,800","23,700","29,300","33,900","51,700","26,400","20,800","49,800","32,200","32,800","52,800","66,500","64,700","50,000","35,600","52,000","69,000","38,400","54,100","29,000","54,900","53,200","95,600","58,600","42,900","89,400","57,500","32,000","63,900","40,000","57,500","62,300","27,000","26,900","18,300","41,300","31,600",
204,Ashcroft - Copper Desert Country,2015,Average Employment Income,EDA,Thompson-Nicola,"41,680","53,400","29,100","64,300","87,800","80,000","27,400","29,400","29,400","27,400","21,300","34,800","17,400","21,800","17,400","28,600","27,400","40,600","66,000","70,000","36,200","45,500","39,000","50,000","29,600","41,300",0,"27,400","44,000","50,000","64,900",0,"62,300",0,"25,100","47,900","34,400","30,200","32,500","19,900","17,000","20,000","17,900","24,100",
205,Kamloops,2015,Average Employment Income,EDA,Thompson-Nicola,"50,200","69,900","56,700","75,600","107,400","42,200","33,800","23,500","16,800","35,800","36,700","54,400","27,100","21,100","55,900","30,500","33,200","54,700","65,300","65,000","51,800","35,800","54,400","70,600","48,000","54,000","29,700","57,700","57,200","101,400","58,100","51,100","92,000","58,600","33,000","65,500","42,100","60,800","63,500","28,300","28,100","18,300","47,600","32,800",
206,Logan Lake,2015,Average Employment Income,EDA,Thompson-Nicola,"53,900","63,900","59,100","69,000","116,200",0,0,0,0,0,"26,500","31,700","24,000","44,100","18,600","33,300",0,"53,300","50,000","85,000","46,300","40,000","46,100","76,000","40,000","59,400",0,0,"60,000",0,"52,600","61,900","61,900","61,900","26,800","48,000","37,500","49,100","64,000","20,000","24,000","14,400","18,700","25,300",
207,Merritt,2015,Average Employment Income,EDA,Thompson-Nicola,"46,920","68,200","69,200","67,500","101,900",0,0,"34,500","34,500",0,"26,800","33,500","27,500","21,200","24,500","25,400","119,700","45,100","84,000","60,000","38,400","34,000","45,000","54,000","32,000","61,100",0,"119,700","63,900","95,000","52,400",0,"52,000","22,000","30,600","42,900","32,800","34,700","52,800","23,700","30,600","17,500","24,300","30,400",
208,North Thompson,2015,Average Employment Income,EDA,Thompson-Nicola,"45,400","76,500","71,500","83,500","92,100","83,600","96,500","27,000","21,200","86,200","24,000","29,400","21,600","25,300","19,000","24,000","36,100","42,000","64,000","60,000","40,500","23,000","38,600","48,000","36,000","59,000",0,0,"32,000","80,000","47,700",0,"90,000",0,"25,300","73,300","32,200","28,500","49,300","17,300","20,000","16,700","14,800","16,200",
209,Shuswap East,2015,Average Employment Income,EDA,Thompson-Nicola,"47,640","63,900","54,300","72,600","114,000","57,000","50,100","35,300","34,200","50,100","30,900","43,000","28,400","26,100","33,400","38,000","17,900","49,200","64,000","56,000","41,700","12,000","47,000","84,000","39,500","45,500",0,"50,100","50,100","50,000","77,400","31,400","83,600","57,300","31,600","66,700","31,300","52,700","70,500","26,800","28,400","24,800","25,900","29,400",
210,Central Okanagan,2015,Average Employment Income,RD,Central Okanagan,"47,840","65,300","60,900","67,300","57,200","106,600","28,000","36,600","22,500","53,900","37,900","64,500","30,600","22,900","27,700","35,600","39,500","53,900","74,900","65,800","52,000","36,000","52,200","68,000","55,000","50,700","32,000","62,100","50,300","109,600","50,500","65,000","84,400","66,000","36,000","62,500","41,000","66,100","62,800","27,400","30,900","19,700","31,900","34,500",
211,Kelowna,2015,Average Employment Income,EDA,Central Okanagan,"47,360","64,000","52,900","67,400","58,800","105,100","26,000","35,800","22,500","53,100","38,300","64,100","31,000","22,900","27,700","35,900","36,600","53,900","74,600","65,600","52,200","36,900","52,300","67,200","72,000","49,800","38,300","60,500","49,800","105,600","49,700","61,900","85,000","63,600","36,100","61,400","40,600","65,800","62,700","27,200","31,300","20,100","31,100","34,000",
212,Peachland,2015,Average Employment Income,EDA,Central Okanagan,"48,080","75,000","78,700","72,000","50,300","73,500",0,"46,300","37,200","52,000","36,900","70,200","28,000","21,600","24,000","57,700","23,300","51,500","60,000","64,000","45,700","24,000","62,700","72,000","57,000","49,300","48,000","75,000","79,600",0,"66,500","45,500","45,500","77,800","38,600","73,000","43,300","64,300","62,100","23,600","28,000","15,900","22,800","32,000",
213,West Bank - West Kelowna,2015,Average Employment Income,EDA,Central Okanagan,"49,640","66,100","65,000","67,000","55,200","111,900",0,"38,000","20,100","55,200","38,700","66,900","29,000","22,300","29,400","31,700","43,800","54,500","76,600","67,000","52,000","33,900","51,600","70,000","51,000","54,900","10,800","76,800","49,500","127,800","52,100","69,400",0,"75,100","35,400","68,400","41,900","67,600","64,900","28,600","29,600","18,300","37,300","36,800",
214,North Okanagan,2015,Average Employment Income,RD,North Okanagan,"44,520","68,100","62,200","70,200","54,000","80,500","11,200","25,900","20,100","41,200","35,400","62,200","29,800","20,800","25,200","35,200","34,400","49,400","81,700","60,400","47,400","36,300","47,500","58,400","34,000","49,500","22,600","67,000","48,000","98,400","52,000","133,000","69,300","69,100","35,000","57,000","36,600","50,500","59,600","24,500","30,100","17,400","24,100","31,700",
215,Enderby,2015,Average Employment Income,EDA,North Okanagan,"38,000","57,000","58,100","56,500","28,600","54,600","11,300","26,500","21,100","43,500","29,400","44,300","23,200","22,600","11,000","36,200","40,400","38,200","40,000","45,000","38,700","38,000","31,500","62,000","36,000","49,200",0,0,"52,700","130,000","42,400","56,000","76,600","54,100","28,300","56,400","27,600","40,700","42,300","19,400","22,900","14,500","11,000","30,600",
216,Lumby,2015,Average Employment Income,EDA,North Okanagan,"41,600","65,800","72,400","60,200","53,300","81,800",0,"21,600","21,300","22,900","30,800","44,200","38,000","17,300","16,000","33,000","55,200","44,400","81,800",0,"45,400",0,"40,000","40,000",0,"47,500",0,0,"43,200",0,"52,400",0,0,"76,600","22,900","55,000","40,800","39,300","49,800","19,200","38,000","16,400","16,000","18,400",
217,Spallumcheen,2015,Average Employment Income,EDA,North Okanagan,"41,120","66,100","58,600","69,100","44,500","57,200",0,"24,200","19,800","39,600","31,200","42,600","36,800","22,000","23,700","19,500","39,900","44,900","74,000","38,000","40,500","15,800","48,900","49,000",0,"48,600",0,"60,300","51,500","99,200","54,100","60,000",0,"48,000","32,000","59,000","31,400","37,900","51,100","25,300","37,900","17,400","22,400","30,500",
218,Vernon,2015,Average Employment Income,EDA,North Okanagan,"46,080","71,400","60,000","74,300","59,300","91,000",0,"30,400","19,900","48,300","37,100","65,600","28,800","22,400","27,300","33,300","35,200","51,300","87,600","64,000","49,200","38,600","49,500","62,200","33,000","49,900","24,400","67,000","50,400","98,300","53,800","173,200","57,900","73,200","36,500","58,300","38,100","53,600","60,600","25,200","29,000","17,800","25,600","33,100",
219,Columbia-Shuswap,2015,Average Employment Income,RD,Columbia-Shuswap,"43,120","58,500","47,800","64,600","49,200","66,200","17,600","23,900","19,400","38,400","30,400","50,900","25,800","21,500","30,100","29,600","47,200","46,700","51,800","67,000","45,400","31,000","44,000","62,000","37,000","48,900","19,000","69,600","58,500","95,900","51,000","54,800","83,300","63,700","32,000","49,700","33,600","55,300","49,800","25,700","25,600","19,200","32,500","28,800",
220,Columbia - Shuswap,2015,Average Employment Income,EDA,Columbia-Shuswap,"40,320","60,200","45,500","72,300","40,800","101,400",0,"24,200","10,600","71,600","27,800","39,000","19,900","30,400","28,500","32,700","50,900","42,400","30,000","60,000","37,200","28,000","50,400","58,000","34,000","47,100",0,"48,000","62,800","50,000","53,600","30,700","73,500","30,700","31,200","65,200","32,400","40,100","62,100","21,800","19,800","15,200","28,500","24,600",
221,Golden,2015,Average Employment Income,EDA,Columbia-Shuswap,"45,600","63,300","67,300","61,900","28,000","44,800","61,900","14,400","5,400","61,900","34,900","48,000","33,200","25,100","37,800","34,300","45,000","44,600","48,000","44,000","44,300","28,800","41,000","72,000",0,"53,600","28,000",0,"61,900",0,"48,600",0,"78,300","54,500","38,400","42,000","40,300","55,500","62,700","30,600","33,200","21,600","39,600","32,200",
222,Revelstoke,2015,Average Employment Income,EDA,Columbia-Shuswap,"45,000","59,000","48,000","65,300","36,000","36,000",0,"50,700",0,"50,700","30,000","48,100","26,300","22,600","36,600","31,200",0,"50,400","68,000","60,000","51,200","31,000","45,000","64,000",0,"46,200","36,000",0,"70,900","92,000","47,600","53,700","87,000","85,000","32,200","38,000","35,000","48,500","37,900","28,500","26,300","20,100","42,400","24,100",
223,Salmon Arm,2015,Average Employment Income,EDA,Columbia-Shuswap,"42,640","61,800","46,200","72,200","76,700",0,0,"27,400","25,600","34,500","30,400","57,100","20,300","22,000","19,100","22,700","46,800","47,300","54,300","71,000","46,400","30,900","45,600","63,000","40,000","49,800","24,400","71,200","60,700","102,300","53,700","75,100","66,800","60,000","31,200","52,900","33,600","60,300","48,200","23,100","20,500","18,800","16,700","31,100",
224,Sicamous,2015,Average Employment Income,EDA,Columbia-Shuswap,"42,200","47,800","27,000","57,800","120,000",0,0,"21,000","11,600","64,500","27,700","37,400","21,400","19,600","18,000","41,300","115,000","45,200","140,200",0,"38,500","24,000","28,500","44,000",0,"53,400",0,0,"56,400",0,"44,000","111,000","100,000",0,"35,200","64,400","36,800","49,100","36,000","21,300","21,200","17,600","18,000","29,400",
225,Cariboo,2015,Average Employment Income,RD,Cariboo,"47,520","70,500","56,600","76,200","88,000","71,200","54,200","14,400","12,400","31,000","28,600","50,000","20,500","21,100","25,200","26,300","27,000","47,800","66,500","56,800","50,400","33,600","43,700","55,000","35,600","47,400","19,000","54,900","50,800","88,400","51,300","101,000","80,600","55,400","31,600","57,700","36,900","43,700","49,000","22,700","20,900","18,200","26,600","27,900",
226,Chilcotin,2015,Average Employment Income,EDA,Cariboo,"31,700","31,600","33,000","25,300",0,0,0,"6,200","6,200",0,"14,000","25,300","5,000","23,000","10,300","8,000",0,"39,800","100,000","40,000","40,200","30,000","42,000",0,"31,000","30,400",0,0,0,0,"78,400","188,600","188,600","188,600","11,800",0,"22,000",0,0,"16,500","5,000","24,000","10,300","20,300",
227,One Hundred Mile House,2015,Average Employment Income,EDA,Cariboo,"42,800","68,300","52,200","75,900","85,400",0,0,"15,100","9,900","30,700","29,900","43,300","21,800","36,300","25,800","28,000",0,"49,800","68,000","68,000","55,300","24,800","41,400","60,000","40,000","44,300",0,0,"69,000","100,000","56,700",0,"81,600","50,800","33,200","53,800","31,300","35,400","38,500","23,500","22,700","16,200","29,500","28,600",
228,Quesnel,2015,Average Employment Income,EDA,Cariboo,"49,840","75,600","62,200","79,100","87,400","119,800",0,"19,900","16,200","60,000","25,600","44,600","20,500","20,000","29,200","25,400","14,200","45,800","66,200","58,000","47,000","32,200","41,500","51,000","30,000","48,900","20,700","60,000","57,100","76,700","51,300","94,300","72,100","42,800","30,500","57,200","38,100","43,100","55,300","21,200","20,400","15,200","31,400","25,100",
229,Williams Lake,2015,Average Employment Income,EDA,Cariboo,"48,600","66,400","58,300","71,100","88,300","51,400","55,900","16,500","14,000","52,300","33,900","52,900","17,200","24,600","24,700","26,800","32,000","49,500","64,000","54,000","51,500","38,200","47,200","58,000","38,500","48,900","58,200",0,"57,300","98,300","47,900",0,"79,700","58,400","32,300","58,600","37,200","45,700","52,300","23,900","18,300","20,800","18,400","31,200",
230,Mount Waddington,2015,Average Employment Income,RD,Mount Waddington,"46,840","78,000","79,800","61,600","68,300",0,"40,700","52,200","50,000","71,400","39,600","54,400","28,500","23,800","23,200","45,900","27,600","47,200","64,000","60,000","50,700","35,500","39,700","44,000","39,000","37,600",0,"27,600","27,600","32,000","51,200","55,800",0,"52,500","36,200","75,100","30,000","34,900","42,100","25,700","29,500","16,100","25,800","33,800",
231,Alert Bay - Port McNeill,2015,Average Employment Income,EDA,Mount Waddington,"48,280","76,100","78,600","40,000","70,000",0,"54,200","55,900","50,000","66,000","34,200","39,400","35,100","26,800","18,200","23,100",0,"49,200","80,000","62,000","59,000","36,100","37,800","34,000","34,000","37,000",0,0,"66,000","36,000","52,000","61,100",0,"37,000","24,900","82,000","21,300","32,000","53,800","28,600","36,200","16,000","22,500","39,100",
232,Port Alice,2015,Average Employment Income,EDA,Mount Waddington,"54,000","82,900","84,000","80,000",0,0,0,0,0,0,"19,500","40,000","18,000","43,900",0,0,0,"20,600","40,000",0,0,0,0,"40,000",0,0,0,0,0,0,0,0,0,0,"45,000",0,0,0,0,"16,400","18,000",0,0,0,
233,Port Hardy,2015,Average Employment Income,EDA,Mount Waddington,"45,040","78,600","81,200","56,000","90,000",0,"39,700","48,000","48,000",0,"41,100","59,700","29,300","21,300","24,000","51,300","38,000","46,000","56,000","60,000","49,500","31,500","38,000","60,000","44,000","43,200",0,"38,000","38,000",0,"48,000","48,600",0,"52,000","44,400","50,000","30,900","35,800","41,900","23,100","31,500","15,500","23,800","27,500",
234,Central Coast RD,2015,Average Employment Income,RD,Central Coast RD,"37,800","28,000","28,000",0,0,0,"20,900","8,000","8,000",0,"29,800","35,100","31,600","20,400","36,000","7,800","25,000","50,000","76,000","52,000","56,900","40,000","45,200","50,000","42,000","26,300",0,0,0,"140,000","16,400","38,700","16,400","30,000","23,300","28,000","32,200",0,"18,300","27,800","32,100","15,000","36,000","30,700",
235,Bella Coola,2015,Average Employment Income,EDA,Central Coast,"38,600","24,000","24,000",0,0,0,"4,500","40,100","40,100",0,"27,500","35,900","23,100","27,100",0,"16,700",0,"53,800","90,000","56,000","61,800","30,000","48,700","58,300","40,000","22,600",0,0,0,"140,000",0,0,0,"40,000","24,100","28,000","31,700",0,"21,200","19,300","22,800","14,000","5,900","28,600",
236,Central Coast,2015,Average Employment Income,EDA,Central Coast RD,"36,800","23,300",0,"23,300",0,0,"29,200","16,000","16,000",0,"27,400","23,900","36,000","20,200","40,000",0,"18,300","40,700","60,000","15,400","43,500","44,000","37,200",0,"44,000","31,000",0,0,0,0,"27,100","38,700","27,100","19,700","21,800",0,"36,700",0,"8,400","30,500","36,000","18,000","40,000","30,000",
237,Skeena-Queen Charlotte,2015,Average Employment Income,RD,Skeena-Queen Charlotte,"49,360","50,500","50,300","52,000","83,300",0,"28,600","42,500","44,200","36,000","30,100","44,300","24,600","23,200","27,000","30,100","12,800","50,900","72,400","59,000","48,100","41,200","45,800","60,000","34,000","52,000",0,0,"51,600","110,000","49,200","89,600","89,800","53,300","35,300","64,900","55,700","49,700","46,300","26,600","24,400","18,600","31,400","32,900",
238,Haida Gwaii,2015,Average Employment Income,EDA,Skeena-Queen Charlotte,"43,920","50,000","50,000","50,000",0,0,0,"60,200","60,200",0,"32,900","53,200","19,300","32,000","29,100",0,0,"48,600","80,000","64,700","50,900","22,000","40,300","40,000","32,000","54,600",0,0,"50,000",0,"40,000","44,000",0,"66,900","49,600","40,000","26,500","68,000","38,000","24,400","19,900","12,400","38,300",0,
239,Haida Nation,2015,Average Employment Income,EDA,Skeena-Queen Charlotte,-,-,-,-,-,-,-,-,-,-,-,-,-,-,-,-,-,-,-,-,-,-,-,-,-,-,-,-,-,-,-,-,-,-,-,-,-,-,-,-,-,-,-,-,
240,Prince Rupert,2015,Average Employment Income,EDA,Skeena-Queen Charlotte,"52,000","57,200","68,000","40,000","99,400",0,"29,900","60,700","59,300","64,700","31,400","43,500","26,800","25,000","26,700","30,700","64,700","53,300","70,900","61,000","47,900","48,900","48,100","63,600","34,000","52,700",0,0,"60,000","120,000","53,100","92,900","90,000","60,100","34,400","59,300","60,500","50,000","50,800","27,000","26,700","20,300","28,300","32,900",
241,Kitimat-Stikine,2015,Average Employment Income,RD,Kitimat-Stikine,"52,200","51,400","56,000","45,400","104,600","58,200","21,400","25,100","23,000","29,300","34,100","51,500","29,400","22,900","30,200","28,500","24,000","51,600","73,000","72,000","48,200","37,800","51,000","60,000","45,800","67,200","6,000","72,300","79,900","95,700","52,800","88,500","80,500","52,200","33,200","70,100","42,800","50,400","59,800","25,500","30,100","20,600","31,700","27,700",
242,Cassiar Corridor,2015,Average Employment Income,EDA,Kitimat-Stikine,"51,600",0,0,0,"63,800","5,500",0,"45,000","45,000",0,"36,700","79,400","33,900","25,500",0,0,0,"57,700","95,000","102,800","32,500","49,400","42,600",0,"56,000","58,900",0,0,0,"100,000","58,000",0,0,0,"54,600",0,"34,300",0,0,"33,000","32,400","14,000",0,"48,000",
243,Hazelton,2015,Average Employment Income,EDA,Kitimat-Stikine,"34,720","39,800","50,400","33,100","60,000",0,"16,200","6,700","4,600","19,300","26,700","28,000","40,600","18,600","5,000","25,800",0,"40,300","70,000","70,000","44,800","28,100","40,300","40,000","32,500","29,200","12,000",0,0,"32,000","42,000",0,"52,500","12,700","23,400","49,900","31,500","30,000","24,800","23,200","39,400","16,500","5,000","26,800",
244,Kitimat,2015,Average Employment Income,EDA,Kitimat-Stikine,"68,000","75,100","85,100","72,800","114,400","82,300","20,400","48,300","48,300",0,"25,000","52,300","19,100","22,400","25,600","11,500","107,000","56,200","68,000","68,000","47,200","42,000","55,900","72,000","46,000","96,400",0,"107,000","110,300","120,000","52,000","87,500",0,"40,000","30,600","83,300","48,900","40,900","73,600","21,200","21,500","20,800","25,400","20,200",
245,Nisga'a,2015,Average Employment Income,EDA,Kitimat-Stikine,-,-,-,-,-,-,-,-,-,-,-,-,-,-,-,-,-,-,-,-,-,-,-,-,-,-,-,-,-,-,-,-,-,-,-,-,-,-,-,-,-,-,-,-,
246,Terrace,2015,Average Employment Income,EDA,Kitimat-Stikine,"49,560","55,500","53,600","59,700","97,600","79,700","40,000","36,000","38,600","34,100","36,300","52,700","30,300","24,300","32,200","29,600",0,"53,800","69,000","73,500","50,500","37,100","53,500","61,600","60,000","57,700",0,"74,900","63,400","99,700","56,000","72,300","79,500","56,300","34,800","71,000","44,600","54,500","61,600","25,900","31,500","21,300","33,400","27,400",
247,Bulkley-Nechako,2015,Average Employment Income,RD,Bulkley-Nechako,"49,840","69,300","63,200","73,500","95,000","10,800","53,500","21,900","22,500","10,600","36,200","54,500","27,300","23,600","26,200","26,700","28,700","50,000","64,000","63,600","50,100","35,000","48,600","53,600","37,600","51,800",0,"35,200","50,400","88,900","62,200","85,000","104,300","58,100","32,400","55,800","37,500","45,800","47,400","25,100","28,400","19,100","23,200","29,900",
248,Burns Lake,2015,Average Employment Income,EDA,Bulkley-Nechako,"48,000","70,100","59,400","78,300","100,000",0,0,"15,800","15,800",0,"37,800","65,700","8,000","20,100","40,000","24,600",0,"45,300","52,000","52,000","40,700","48,000","42,600","64,000","44,000","58,300",0,0,0,"140,000","69,900","60,000",0,0,"29,700","25,300","50,200","44,900","60,000","21,400","8,000","16,400","40,000","24,400",
249,Fort St. James - Stuart,2015,Average Employment Income,EDA,Bulkley-Nechako,"50,920","65,600","47,400","74,400","78,400",0,"41,000","10,300","1,200","41,000","56,500","60,500","60,000","32,400",0,"50,000","41,000","45,600","72,000","64,000","40,400","28,000","50,200","40,000","31,600","60,300",0,"41,000","41,000",0,"38,800",0,0,"72,800","28,900","50,000","16,600","30,100","38,700","29,100","60,000","32,000","12,000","26,400",
250,Houston,2015,Average Employment Income,EDA,Bulkley-Nechako,"55,500","70,700","73,300","67,900","113,500",0,0,0,0,0,"47,800","59,200","50,000","33,600","26,000","62,400",0,"47,500","80,000","70,000","55,300","26,000","40,300","40,000","24,000","35,600",0,0,"24,000",0,"48,100",0,0,0,"50,100","95,000","41,300","65,300","30,000","28,300","53,900","14,000","26,000","28,300",
251,Nechako Valley,2015,Average Employment Income,EDA,Bulkley-Nechako,"49,240","71,400","66,000","74,000","105,900",0,"36,000","18,900","18,400","36,000","24,400","33,400","17,200","22,700",0,"37,700","107,000","50,100","54,000","60,000","58,700","29,900","48,800","50,000","39,000","62,800",0,"107,000","75,900","50,000","54,800",0,0,"25,200","24,200","57,700","32,800","33,100","39,600","25,500","19,100","20,400","12,000","33,100",
252,Telkwa - Smithers,2015,Average Employment Income,EDA,Bulkley-Nechako,"48,920","65,500","57,200","73,600","95,500",0,"85,100","35,000","38,100","7,200","32,800","52,000","26,700","22,700","21,800","29,200","30,000","53,900","68,000","65,500","45,400","42,500","55,200","56,000",0,"42,900",0,0,"47,500","72,000","75,000",0,"108,000","50,000","36,900","52,400","41,700","55,300","47,900","24,700","27,500","18,900","19,300","33,300",
253,Fraser-Fort George,2015,Average Employment Income,RD,Fraser-Fort George,"53,000","77,100","65,600","83,000","76,000","79,700","37,600","27,100","19,500","44,000","37,000","53,200","30,500","25,100","30,500","32,600","41,500","55,500","71,400","62,700","53,500","37,300","53,000","67,600","44,000","68,300","22,000","61,100","61,600","95,800","61,000","86,800","88,600","47,800","33,500","66,900","43,200","56,400","60,000","27,700","31,300","23,100","23,900","33,600",
254,Mackenzie,2015,Average Employment Income,EDA,Fraser-Fort George,"59,550","76,800","70,000","79,200","107,500","142,300",0,0,0,0,"32,600","59,100","26,000","37,900","24,400","24,000",0,"46,200","42,000","54,000","39,200","20,000","53,000","50,000","30,000","39,700","35,900",0,"132,300",0,"50,900",0,0,0,"26,600","60,000","64,900","42,500","49,000","28,600","26,000","28,800","24,000","32,100",
255,McBride-Valemount,2015,Average Employment Income,EDA,Fraser-Fort George,"46,960","37,700","25,300","53,400","80,000",0,0,"20,600","15,400","66,700","27,900","33,100","27,200","25,500","15,600","38,300","66,700","52,300","70,000","45,000","52,300","16,000","56,000","58,000",0,"174,800",0,"66,700","66,700",0,"51,400",0,"84,000","52,800","26,700","95,000","38,200","38,600","50,900","25,100","27,200","25,600","15,800","23,800",
256,Prince George,2015,Average Employment Income,EDA,Fraser-Fort George,"51,950","79,100","66,500","85,100","72,600","73,400","20,600","41,700","29,600","47,100","38,500","53,700","32,000","25,900","33,900","32,600","45,700","55,900","75,400","63,400","53,000","38,900","53,600","70,400","41,000","62,700","26,000","67,100","62,500","91,800","63,100","103,200","86,600","48,600","33,600","65,400","43,100","56,900","59,100","28,000","33,300","23,300","23,700","34,300",
257,Prince George rural (northwest),2015,Average Employment Income,EDA,Fraser-Fort George,"59,100","80,800","73,000","86,800","49,900","117,400",0,"20,100","14,600","51,100","51,000","54,900","39,500","46,500","78,800","44,000",0,"53,000","44,000","64,000","52,500","29,500","52,900","64,000",0,"77,200",0,"51,100","68,600","103,800","64,000",0,"87,500","43,200","41,300","78,300","45,000","59,900","72,000","26,900","39,500","19,000","36,000","29,400",
258,Prince George rural (southeast),2015,Average Employment Income,EDA,Fraser-Fort George,"57,800","77,900","87,300","72,400","49,600","73,800",0,"21,700","21,700",0,"34,400","50,800","20,000","27,600","16,000","25,300","62,700","64,100","70,000","62,000","72,400","64,000","47,100","84,000","122,300","80,000",0,"62,700","73,300",0,"55,900",0,"103,100","42,500","29,600","70,500","48,200","64,200","53,300","22,900","20,000","19,200","16,000","31,300",
259,Peace River,2015,Average Employment Income,RD,Peace River,"63,100","81,500","73,300","86,600","17,200","109,900","30,700","32,900","31,400","59,300","39,800","62,000","30,900","29,300","32,200","33,900","38,500","53,000","67,500","65,600","53,600","33,600","49,300","67,200","38,800","75,900","18,000","94,800","76,100","123,800","72,500","95,300","90,000","51,100","43,100","81,300","52,400","61,100","67,700","29,800","30,400","27,500","28,700","33,000",
260,Dawson Creek,2015,Average Employment Income,EDA,Peace River,"57,150","82,000","64,100","88,700","14,200","99,200",0,"36,500","30,900","73,000","41,700","64,900","28,400","29,900","30,500","31,800","53,200","55,800","58,000","66,000","59,000","35,200","54,300","58,400",0,"65,400",0,"87,800","78,200","126,800","81,500",0,0,"38,900","43,400","73,900","49,100","59,300","70,300","29,300","28,400","25,400","29,000","35,900",
261,North Peace,2015,Average Employment Income,EDA,Peace River,"66,400","85,300","73,900","92,700","8,000","115,300",0,"31,500","31,000","49,300","43,400","64,800","32,300","32,000","28,000","34,800","49,800","52,000","77,000","65,000","49,300","35,700","47,100","76,000","34,000","81,700",0,"89,900","75,100","118,800","67,700",0,"80,000","55,200","44,100","85,900","56,900","64,600","69,400","31,000","31,400","29,900","26,600","33,600",
262,South Peace,2015,Average Employment Income,EDA,Peace River,"61,750","76,800","75,800","77,500","69,800","113,800","176,300","36,100","36,100",0,"35,900","66,100","31,200","24,100","38,500","56,700",0,"52,200","81,800",0,"53,100","34,000","48,900","64,000","50,000","66,000",0,0,"138,800","135,300","70,600","72,000","41,600","45,000","38,400","80,000","39,100","41,000","47,600","27,300","30,900","21,900","42,800","27,200",
263,Stikine Region,2015,Average Employment Income,RD,Stikine Region,"41,600","32,000","32,000",0,"32,000",0,0,"32,000","32,000",0,"48,000","2,700","60,000","54,500","24,500",0,0,"48,600","100,000","40,000","25,900","40,000","60,000",0,"39,000","34,300",0,0,"45,000","53,300",0,0,"45,000","45,000","38,000",0,"16,200",0,0,"37,400","60,000",0,"20,000","29,200",
264,Stikine,2015,Average Employment Income,EDA,Stikine Region,"41,600",0,0,0,"36,800",0,0,0,0,0,"41,700",0,"60,000","60,000","24,700",0,"15,000","48,200","100,000","40,000","25,900","40,000","60,000",0,"39,000","34,300",0,0,"45,000","53,300",0,0,0,0,"38,000",0,"13,600",0,0,"37,400","60,000",0,"20,000","29,200",
265,Northern Rockies RD,2015,Average Employment Income,RD,Northern Rockies RD,"65,300","51,000","59,500","48,000",0,"120,600",0,"28,000","28,000",0,"36,600","68,100","25,500","25,700","40,000","46,500","35,000","62,200","76,000","60,000","70,400","36,000","56,600","86,000","40,000","73,700",0,0,"162,100","145,000","82,900",0,0,"70,900","40,500","95,300","48,600","49,200","92,900","26,000","25,300","23,000","40,000","26,100",
266,Northern Rockies,2015,Average Employment Income,EDA,Northern Rockies RD,"65,300","51,000","59,500","48,000",0,"120,600",0,"28,000","28,000",0,"38,700","68,300","25,500","26,200","40,000","47,100","35,000","62,200","76,000","60,000","70,400","36,000","56,600","86,000","40,000","73,700",0,0,"162,100","145,000","82,900",0,0,"70,900","40,500","95,300","48,600","49,200","92,900","26,000","25,300","23,000","40,000","26,100",
267,British Columbia,2020,Average Employment Income,PROV,NA,"58,050","73,000","68,000","75,700","108,400","81,700","41,400","40,000","32,500","48,900","40,100","59,800","38,500","27,200","34,500","41,200","53,300","62,400","76,800","73,700","62,300","43,000","56,300","81,000","49,600","57,500","59,000","78,300","60,800","102,000","53,200","99,600","91,500","65,100","41,500","72,000","50,800","81,300","79,900","31,500","38,200","24,700","34,300","36,600",
268,East Kootenay,2020,Average Employment Income,RD,East Kootenay,"59,300","75,500","70,800","78,000","109,700","113,000","16,200","29,900","21,300","41,500","35,900","51,700","36,200","26,900","27,800","33,600","49,500","57,000","68,100","65,200","58,200","40,000","51,000","71,600","58,800","55,800","48,000","120,000","64,400","89,700","58,800",0,"90,000","51,100","37,600","76,400","45,400","67,900","73,600","30,400","36,400","26,200","28,200","33,400",
269,Cranbrook,2020,Average Employment Income,EDA,East Kootenay,"55,650","79,200","82,300","77,800","102,200","126,900","21,000","28,200","26,300","33,800","35,400","58,200","25,200","28,900","20,500","30,400","55,400","58,700","81,700","62,800","61,800","37,200","51,000","75,000","60,000","55,600","36,000",0,"61,100","83,100","64,300",0,"90,000","55,100","37,000","63,500","48,800","66,500","65,900","28,300","24,900","26,000","19,200","35,600",
270,Fernie,2020,Average Employment Income,EDA,East Kootenay,"71,600","64,400","53,000","74,000","113,500","117,600","57,600","22,400","8,200","45,800","35,000","45,400","36,000","26,100","29,500","32,800","58,300","51,100","62,000","62,000","47,800","42,000","45,100","75,000","56,000","61,400",0,"100,000","72,300","106,200","67,800",0,"60,000","52,000","38,700","105,700","54,200","83,200","74,700","32,200","36,000","26,400","29,200","38,500",
271,Invermere,2020,Average Employment Income,EDA,East Kootenay,"50,880","75,800","73,000","77,500","89,200","113,100",0,"41,000","26,700","52,700","37,700","45,800","41,400","27,600","33,100","37,900","56,700","58,700","54,000","62,000","62,900","48,000","55,700","60,000","48,000","51,300",0,"73,200","64,700","90,000","53,000",0,0,"36,900","39,100","56,000","36,400","62,300","78,400","33,900","42,800","25,300","36,600","29,600",
272,Kimberley,2020,Average Employment Income,EDA,East Kootenay,"55,450","80,700","64,000","83,500","92,800","94,700",0,"15,000","15,000",0,"35,100","51,900","37,500","26,400","25,700","36,600","55,700","57,300","32,000","70,000","55,300","46,000","54,600","67,000","76,000","53,300",0,0,"77,700","76,700","42,300",0,"108,000","32,900","36,600","81,700","40,100","46,600","90,200","29,000","36,200","27,600","26,400","29,200",
273,Central Kootenay,2020,Average Employment Income,RD,Central Kootenay,"47,600","63,700","52,800","72,900","101,600","60,300","43,300","26,600","19,500","44,500","31,500","47,700","29,000","23,200","30,500","35,100","32,700","54,400","77,300","68,800","52,900","35,200","53,400","67,600","36,000","48,600","31,700","52,700","40,200","108,600","49,900","68,100","84,000","53,700","33,700","60,400","35,300","54,800","61,900","25,000","28,400","20,700","25,400","28,100",
274,Castlegar-Arrow Lakes,2020,Average Employment Income,EDA,Central Kootenay,"56,100","77,800","54,400","86,000","105,600","117,400",0,"19,400","18,800","20,400","39,600","52,800","40,800","25,700","29,300","38,600","49,500","56,300","87,800","67,000","54,500","48,200","52,200","67,000",0,"56,900","38,500","189,800","71,000","110,700","50,800","72,000","80,000","69,200","39,700","76,000","47,400","56,800","65,600","27,300","38,300","20,500","30,800","30,800",
275,Creston,2020,Average Employment Income,EDA,Central Kootenay,"42,040","53,900","55,200","53,000","98,100","19,800",0,"32,700","21,800","68,500","28,400","39,500","24,000","29,300","28,400","26,400","53,200","48,500","88,000","56,000","44,900","32,100","46,700","66,000","40,000","44,500",0,"31,000","39,100","100,000","50,600",0,0,"33,900","32,800","58,100","29,500","48,200","35,700","22,700","24,000","21,300","24,400","23,400",
276,Nelson,2020,Average Employment Income,EDA,Central Kootenay,"47,360","51,900","45,100","73,100","98,900","55,400",0,"30,000","33,200","27,300","30,400","45,600","27,700","24,500","30,300","39,500","49,100","59,100","56,000","71,500","58,800","33,600","58,600","73,500",0,"47,400","48,000","36,700","47,800","116,000","38,300","64,400","95,000","49,700","33,400","51,600","32,500","60,100","63,700","26,100","28,300","22,600","25,800","29,400",
277,Slocan Valley,2020,Average Employment Income,EDA,Central Kootenay,"40,720","54,400","58,300","47,100","94,000","85,900",0,"11,200","7,200","25,000","31,700","35,800","29,200","28,500","30,800","28,900","47,300","48,400","58,000","60,000","48,200","31,600","50,000","55,000",0,"44,000","16,700","69,600","38,400","110,000","51,600","64,000","66,200","66,200","27,600","45,700","29,500","39,700","61,300","20,500","28,100","14,000","21,700","21,300",
278,Kootenay Boundary,2020,Average Employment Income,RD,Kootenay Boundary,"54,750","69,200","55,700","76,200","113,600","23,500",0,"24,000","23,700","26,200","34,800","48,100","35,000","22,600","26,400","34,700","58,800","57,000","76,500","64,000","59,700","38,000","50,100","65,500","42,400","52,300","3,200","35,100","67,600","109,300","54,800","107,000","74,800","56,400","35,500","65,500","43,500","58,100","62,600","25,700","34,500","22,000","24,000","27,400",
279,Grand Forks-Greenwood,2020,Average Employment Income,EDA,Kootenay Boundary,"42,760","69,300","63,300","72,400","97,000",0,0,"27,600","27,200","33,700","32,300","39,800","29,500","24,000","32,100","46,700","52,500","49,500","80,000","54,000","46,800","37,000","45,600","58,000",0,"49,900","28,000","62,800","70,500","48,300","62,200","48,800",0,"48,800","34,000","76,000","36,000","52,600","44,300","22,800","28,800","22,600","29,100","15,900",
280,Rossland,2020,Average Employment Income,EDA,Kootenay Boundary,"69,700","56,000","37,000","71,500","142,500","73,300",0,0,0,0,"38,500","42,500","39,000","56,000","14,100","39,200","72,500","71,600","60,000","52,000","86,200","48,000","55,600","78,000",0,"53,600",0,"274,900","274,900","126,700","80,000",0,0,"80,000","35,500","90,000","40,300","57,200","80,600","32,200","39,000","12,000","14,400","51,200",
281,Trail,2020,Average Employment Income,EDA,Kootenay Boundary,"58,150","78,000","53,800","84,300","105,000","23,300","83,800","24,300","2,600","83,800","40,100","43,000","44,000","25,700","27,100","35,700","60,100","54,700","76,000","84,000","53,300","37,300","51,200","65,000",0,"57,000",0,0,"65,500","115,700","46,400",0,"50,200","56,500","36,100","55,700","52,500","61,900","60,200","27,400","44,000","22,800","18,000","32,400",
282,Okanagan-Similkameen,2020,Average Employment Income,RD,Okanagan-Similkameen,"49,160","64,400","56,600","67,500","103,600","69,900","22,200","32,100","26,600","42,700","34,400","54,100","28,500","26,700","27,000","30,700","44,200","58,000","70,900","68,400","58,500","40,200","50,700","72,000","42,000","53,900","27,900","56,300","52,700","93,300","49,800","85,100","100,000","62,700","34,900","65,300","38,100","64,700","61,500","28,200","28,700","24,800","26,100","33,500",
283,Keremeos,2020,Average Employment Income,EDA,Okanagan-Similkameen,"38,960","58,100","57,000","58,700","78,000","62,400",0,"21,800","18,800","44,200","38,200","52,600","21,700","69,700",900,"36,900","36,600","47,000","34,000","60,000","51,700","40,000","47,900","40,000","32,000","33,000","17,000",0,"61,900",0,"34,100",0,0,0,"45,900","36,000","35,100","34,400","68,300","18,300","21,000","14,000",0,"22,600",
284,Oliver-Osoyoos,2020,Average Employment Income,EDA,Okanagan-Similkameen,"42,840","50,700","47,900","55,500","85,000","76,000",0,"33,100","30,800","37,800","31,000","55,800","29,200","25,400","27,500","30,100","14,400","55,400","80,000","66,000","52,800","37,000","48,700","64,000","52,000","43,200",0,0,"35,800","80,000","52,800","56,500",0,"155,700","32,400","46,500","34,000","62,100","69,000","29,100","29,500","24,000","27,800","36,700",
285,Penticton,2020,Average Employment Income,EDA,Okanagan-Similkameen,"50,560","62,200","54,200","64,300","108,700","75,000","29,200","34,200","26,000","44,700","35,400","52,700","27,600","27,200","29,100","30,100","52,400","59,200","71,700","69,600","59,700","40,500","51,200","76,400","42,000","58,900","30,000","22,900","55,000","95,800","47,900","70,300","96,300","55,100","35,300","68,900","39,200","65,900","62,200","28,700","27,700","25,500","27,400","34,100",
286,Princeton,2020,Average Employment Income,EDA,Okanagan-Similkameen,"61,300","75,400","68,600","77,000","103,400",0,0,"36,300","36,300",0,"44,000","56,500","38,000","30,500",0,"32,000","38,400","54,300","30,000","48,000","66,500","40,000","52,000","40,000",0,"19,800",0,"148,000",0,0,"56,600","144,600",0,"75,200","29,100",0,"26,100","68,400","73,100","19,700","38,000","14,800","7,500","25,200",
287,Fraser Valley,2020,Average Employment Income,RD,Fraser Valley,"51,040","58,800","74,800","54,400","75,900","57,200","33,500","42,500","38,200","51,600","38,700","65,700","35,100","26,500","28,200","41,500","48,500","59,100","79,400","69,200","56,900","43,800","52,400","81,800","44,600","58,700","48,900","73,500","59,800","94,900","52,300","103,900","83,500","65,900","37,100","64,900","42,500","63,100","59,700","28,300","35,100","23,300","28,500","32,900",
288,Chilliwack,2020,Average Employment Income,EDA,Fraser Valley,"51,800","56,100","64,500","53,000","84,200","46,000","31,300","42,600","37,200","54,000","38,900","65,700","28,900","27,200","32,300","40,800","48,400","60,400","82,800","77,200","55,800","45,100","52,100","79,000","49,000","58,300","31,700","75,400","62,000","84,200","53,700","108,000","78,200","77,300","39,600","63,900","41,800","63,700","62,700","27,600","28,800","24,100","30,600","30,500",
289,Hope-Fraser Canyon,2020,Average Employment Income,EDA,Fraser Valley,"47,800","65,700","69,900","60,000","60,400",0,0,"41,200","45,700","37,300","30,700","52,200","21,300","20,600","19,600","31,500","60,800","54,600","76,000","76,000","51,500","44,600","51,000","68,000","42,000","58,600","38,000","60,000","56,500","140,000","62,400","122,600","100,000","63,400","29,400","82,700","34,900","53,700","61,600","20,500","21,100","18,900","21,000","21,900",
290,Kent-Harrison,2020,Average Employment Income,EDA,Fraser Valley,"49,480","76,700","97,500","44,300",0,0,"20,000","32,600","30,800","42,300","35,600","44,600","28,600","28,100","31,800","31,400","52,000","56,300","75,500","48,000","52,600","35,000","57,300","72,000","39,000","57,800","120,000",0,"56,900","100,000","57,800",0,"75,800","61,100","39,400","57,500","34,200","57,300","59,800","29,600","30,400","24,200","30,000","34,900",
291,Matsqui-Abbottsford,2020,Average Employment Income,EDA,Fraser Valley,"50,280","59,300","81,600","55,800","71,800","57,200","41,500","43,300","39,300","52,100","40,600","63,700","45,800","26,900","27,300","39,600","45,500","59,300","77,100","64,000","58,800","43,600","52,800","86,200","44,000","57,600","51,200","72,700","58,800","97,100","51,100","106,200","79,300","61,000","35,900","64,100","42,600","63,400","58,100","28,700","44,500","23,000","29,500","33,700",
292,Mission,2020,Average Employment Income,EDA,Fraser Valley,"52,750","58,800","80,000","54,400","75,100","85,600","27,300","40,500","37,100","46,900","39,700","64,500","47,800","26,400","23,300","35,700","51,000","56,700","75,900","67,000","53,300","42,100","51,200","79,200","52,000","61,800","53,000","77,400","63,100","96,800","54,400","103,100","88,000","68,000","36,300","71,700","45,500","60,600","59,300","29,600","48,800","23,000","23,400","35,900",
293,Metro Vancouver,2020,Average Employment Income,RD,Metro Vancouver,"61,400","75,400","78,500","74,900","146,100","83,600","43,700","46,800","38,600","51,100","42,600","61,100","45,000","28,500","37,500","45,700","53,600","64,400","76,700","77,300","65,400","44,700","57,400","84,900","69,200","58,600","61,100","80,800","61,800","101,900","51,700","110,600","89,400","65,100","44,700","73,200","55,700","85,900","85,300","33,000","44,000","25,400","37,100","38,400",
294,Burnaby - New Westminster,2020,Average Employment Income,EDA,Metro Vancouver,"58,350","69,300","66,800","69,600","87,600","70,300","48,000","47,200","43,300","47,900","41,600","58,700","38,600","28,800","37,500","43,800","56,600","61,300","70,500","73,600","61,400","44,700","56,200","80,200","56,000","56,600","58,300","76,500","56,700","97,100","49,200","113,000","94,000","62,900","44,200","64,100","49,700","71,900","81,700","32,800","37,500","26,100","35,500","37,800",
295,Coquitlam,2020,Average Employment Income,EDA,Metro Vancouver,"62,450","88,700","86,600","89,300","134,700","96,700","57,000","52,300","48,300","53,000","44,800","66,800","42,700","29,000","39,500","46,200","58,000","64,200","79,200","69,300","61,300","47,400","59,600","84,600","48,000","63,900","63,000","76,800","64,000","103,000","59,500","116,100","84,300","71,700","43,600","76,700","53,500","77,300","88,000","32,500","41,600","24,800","36,600","37,000",
296,Delta - Tsawwassen,2020,Average Employment Income,EDA,Metro Vancouver,"59,050","81,100","92,000","79,900","101,500","80,000","50,400","48,800","43,100","53,100","46,100","63,500","40,700","29,200","35,800","46,200","55,900","63,100","79,500","67,200","59,600","44,200","56,500","90,900","64,000","56,800","58,600","80,700","66,300","106,400","49,900","103,200","87,300","68,200","41,100","73,400","50,600","79,100","80,600","32,100","38,500","25,500","35,700","37,200",
297,Greater Vancouver,2020,Average Employment Income,EDA,Metro Vancouver,"66,800","76,000","76,300","75,900","199,600","89,400","37,700","47,800","47,400","47,900","42,400","62,100","46,400","28,000","38,800","55,000","55,300","70,000","78,500","88,600","76,800","45,200","61,900","82,200","72,500","57,000","62,300","79,500","61,300","102,200","48,300","103,900","114,700","68,400","50,900","77,400","64,700","97,400","87,900","34,900","45,800","25,900","39,100","41,700",
298,Langley,2020,Average Employment Income,EDA,Metro Vancouver,"60,500","77,200","51,800","80,600","84,800","66,100","38,400","45,400","37,300","61,200","51,000","69,800","46,800","31,300","39,300","49,300","67,500","63,500","83,400","68,800","60,600","45,000","54,900","89,200","70,000","66,500","50,300","75,000","67,000","100,400","57,900","116,700","86,000","82,900","46,800","76,400","54,600","77,200","75,700","32,400","43,500","25,200","37,100","36,700",
299,North Shore,2020,Average Employment Income,EDA,Metro Vancouver,"84,400","136,700","110,100","156,700","261,600","92,300","96,500","55,100","41,600","61,000","47,600","83,000","77,200","30,800","38,500","61,300","34,000","72,200","92,500","99,200","74,000","42,200","64,000","89,400","59,000","70,000","70,100","169,400","75,700","133,400","65,800","128,600","107,300","79,200","52,200","116,300","92,200","140,100","110,000","40,600","70,500","27,800","43,700","46,100",
300,Pitt Meadows-Maple Ridge,2020,Average Employment Income,EDA,Metro Vancouver,"60,300","64,500","59,300","65,700","82,500","113,600","39,100","50,100","31,400","64,800","44,800","66,900","45,300","27,600","34,500","49,900","55,000","62,400","84,500","66,400","58,800","42,300","54,600","89,100","90,000","68,600","57,500","71,400","62,900","105,100","58,700","123,900","90,800","74,500","41,000","80,100","51,500","75,800","82,400","31,000","44,800","23,300","33,500","35,900",
301,Richmond,2020,Average Employment Income,EDA,Metro Vancouver,"53,500","62,400","46,300","63,400","98,500","43,800","38,900","42,200","38,100","44,100","39,400","55,800","45,000","27,500","31,000","40,900","44,500","57,700","70,900","69,200","59,400","44,100","49,500","79,200","92,000","54,300","48,800","83,800","57,100","93,300","45,200","89,700","80,400","60,000","40,900","59,200","46,900","67,500","75,200","30,200","45,000","24,700","30,600","35,100",
302,Surrey,2020,Average Employment Income,EDA,Metro Vancouver,"51,850","68,200","67,600","68,200","81,900","66,200","43,700","44,700","35,600","50,700","41,200","54,600","37,000","27,900","34,000","42,400","59,700","58,000","70,700","68,600","56,900","44,100","50,000","85,600","80,000","51,600","53,200","66,300","59,200","92,800","50,200","107,300","87,200","57,100","38,800","64,200","43,300","64,800","72,000","29,600","37,500","24,500","32,400","34,200",
303,Capital,2020,Average Employment Income,RD,Capital,"56,850","49,500","49,000","50,400","95,200","73,600","40,200","34,700","28,800","42,100","39,600","61,100","36,400","26,100","34,300","36,600","54,100","65,900","77,500","75,200","62,300","40,700","58,200","82,100","39,600","54,300","43,400","68,700","67,000","90,600","48,000","77,300","104,000","62,700","37,500","70,500","47,200","89,700","73,300","31,500","36,300","24,200","33,000","37,500",
304,Central and North Saanich,2020,Average Employment Income,EDA,Capital,"58,400","67,100","78,100","58,900","145,700",0,"27,100","29,400","28,300","33,000","49,700","77,800","30,400","37,300","38,100","42,600","35,900","65,300","79,000","77,600","59,700","41,900","57,500","89,200","34,000","58,100","38,000","73,200","72,900","97,900","45,200","75,200",0,"90,800","36,400","74,800","54,300","92,700","72,300","31,100","30,400","23,600","38,300","34,100",
305,Greater Victoria,2020,Average Employment Income,EDA,Capital,"57,450","44,300","43,500","46,400","191,200","85,100","40,000","42,700","42,000","43,000","35,400","52,900","40,500","25,300","34,900","36,600","45,300","66,400","75,000","76,000","65,300","40,700","59,000","77,800","50,000","58,800","40,500","62,100","59,700","92,600","47,900","79,100",0,"58,400","37,500","83,600","46,500","89,700","70,700","31,800","40,500","23,400","32,100","39,500",
306,Gulf Islands,2020,Average Employment Income,EDA,Capital,"51,700","26,100","20,400","54,000","120,000",0,"32,000","21,200","17,200","33,200","33,700","57,700","28,800","23,600","24,400","53,600","34,100","58,500","80,000","73,000","49,400","29,200","67,300","71,000",0,"41,600","63,800","380,000","115,200","73,300","19,600","51,100",0,"49,800","33,200","30,000","35,700","115,200","104,000","26,700","28,800","23,100","23,300","33,500",
307,Saanich,2020,Average Employment Income,EDA,Capital,"57,500","52,900","49,500","57,900","46,300","42,300","29,400","34,200","26,900","42,800","37,800","55,800","36,200","25,600","32,700","41,200","48,000","66,500","76,300","77,500","64,300","41,300","58,600","83,200","19,000","53,900","37,300","70,400","61,000","99,000","44,300","85,500",0,"50,300","36,300","65,400","49,300","103,600","72,900","31,500","36,000","24,300","33,000","37,800",
308,Sooke-Port Renfrew,2020,Average Employment Income,EDA,Capital,"52,700","37,800","38,400","37,000","140,000","140,000","64,000","33,600","33,000","34,400","38,400","61,100","33,500","27,300","30,100","33,600","42,400","62,900","76,500","74,400","55,400","47,700","54,800","77,000","44,000","54,000","36,000","64,400","70,800","60,200","67,600","66,100",0,"69,700","34,000","68,800","43,900","62,100","63,400","29,700","33,500","25,700","24,800","34,500",
309,Westshore Communities,2020,Average Employment Income,EDA,Capital,"56,350","65,300","68,000","61,500","37,000","64,900","32,500","39,000","29,200","48,600","43,300","62,900","35,200","29,300","38,700","40,300","60,600","65,900","80,300","69,700","58,600","41,700","56,100","83,400","52,000","53,100","38,700","59,400","71,100","83,100","52,700","85,000",0,"62,100","40,700","67,400","45,200","72,800","73,500","32,100","34,700","25,500","37,800","36,400",
310,Cowichan Valley,2020,Average Employment Income,RD,Cowichan Valley,"51,700","75,400","72,700","77,500","85,400","91,200","41,900","28,300","25,700","35,500","39,000","65,000","28,100","23,800","39,400","32,300","53,600","58,600","80,600","74,200","58,300","36,500","52,200","72,200","46,800","54,400","37,000","71,100","63,600","87,700","49,700","82,200","70,000","71,900","37,000","67,600","42,400","72,500","60,900","28,000","27,200","21,600","38,500","30,600",
311,Duncan,2020,Average Employment Income,EDA,Cowichan Valley,"49,880","72,500","69,400","74,500","76,300","84,300","56,000","31,500","32,500","27,900","37,600","57,500","23,000","25,400","38,900","34,600","52,900","56,800","77,000","75,600","56,400","40,300","51,000","68,000","48,800","54,300","40,000","62,300","58,400","92,400","48,000","77,800","95,900","49,300","36,300","67,300","39,100","78,600","59,500","27,700","23,400","22,300","38,000","30,000",
312,Ladysmith,2020,Average Employment Income,EDA,Cowichan Valley,"52,600","86,100","77,400","91,000","39,200","80,200","32,400","24,800","16,600","45,900","41,000","78,500","30,000","22,400","20,300","26,700","61,100","58,000","91,000","66,000","52,800","37,000","57,700","78,000","39,000","56,000","30,000",0,"81,300","92,900","46,900","85,100",0,"127,800","35,400","66,400","39,900","60,000","55,300","25,400","31,000","20,400","24,600","28,800",
313,Lake Cowichan,2020,Average Employment Income,EDA,Cowichan Valley,"46,160","64,900","67,600","60,400",0,"100,000","36,000","39,300","21,100","44,000","37,100","46,800","48,000","25,100","42,900","57,500","23,500","50,700","80,000","68,000","46,200","32,700","40,700","74,000","48,000","46,500",0,0,"83,400",0,"39,900","54,200","54,200","64,700","38,100","64,300","35,500","43,800","50,700","28,000","37,300","21,200","46,300","25,900",
314,Malahat - South Cowichan,2020,Average Employment Income,EDA,Cowichan Valley,"57,050","79,700","83,900","74,000","129,800","59,600","5,300","22,800","15,900","43,600","48,800","73,600","33,000","28,100","43,600","46,600","65,000","65,000","80,500","75,000","68,000","29,800","55,800","76,000","44,000","53,600","44,800","97,600","71,900","91,600","56,700","74,500",0,"76,000","41,200","64,800","53,300","78,300","70,200","31,500","33,000","19,300","42,000","34,100",
315,Nanaimo RD,2020,Average Employment Income,RD,Nanaimo,"50,160","77,200","74,700","79,300","80,300","114,800","46,000","30,600","27,400","37,400","38,400","59,900","32,400","24,400","27,900","36,500","47,400","58,400","76,500","69,000","56,400","41,300","55,400","77,000","58,000","50,500","33,200","74,400","59,200","106,200","48,000","74,800","64,000","62,600","36,100","64,200","42,500","65,100","59,700","27,900","31,900","22,900","25,600","33,200",
316,Nanaimo,2020,Average Employment Income,EDA,Nanaimo,"50,240","76,200","74,600","77,500","68,500","107,400","45,400","34,000","31,100","39,000","39,300","61,300","32,300","25,200","27,600","38,200","49,300","58,900","75,400","68,600","58,100","42,300","55,200","77,000","57,000","52,000","35,500","63,500","58,100","107,600","46,900","75,300","64,000","64,700","35,800","61,700","42,400","62,600","60,100","28,000","31,900","23,600","24,800","33,400",
317,Parksville-Qualicum,2020,Average Employment Income,EDA,Nanaimo,"49,600","79,500","73,200","85,700","120,200","136,800","52,200","25,300","20,800","49,500","41,300","57,800","32,600","31,500","28,900","34,900","42,100","56,600","79,900","71,000","50,800","36,200","56,300","77,000","60,000","46,300","29,000","89,100","62,400","105,300","52,000","74,400","100,600","62,400","36,500","65,300","41,800","72,100","59,400","27,600","31,900","19,500","27,700","32,500",
318,Alberni-Clayoquot,2020,Average Employment Income,RD,Alberni-Clayoquot,"46,200","74,500","66,800","80,600","72,600","74,500","36,500","31,800","31,100","33,500","34,100","51,100","31,300","24,700","30,300","37,300","46,100","53,400","79,000","60,800","52,700","37,600","49,300","74,500","48,800","45,700","48,000","36,000","57,800","103,300","50,900","47,500",0,"66,200","35,500","56,800","35,200","56,100","63,000","28,200","31,300","23,100","33,000","30,500",
319,Alberni,2020,Average Employment Income,EDA,Alberni-Clayoquot,"47,360","75,900","68,600","81,400","69,200","85,600","36,900","26,300","26,400","25,800","36,100","56,700","29,500","22,100","30,100","35,300","52,700","54,400","81,200","61,000","52,200","37,800","54,600","74,500","55,000","47,300",0,"36,000","58,500","116,000","50,200","48,500",0,"65,200","33,100","64,800","35,500","60,800","56,100","26,200","31,000","20,900","30,200","30,400",
320,Clayoquot,2020,Average Employment Income,EDA,Alberni-Clayoquot,"42,640","52,900","52,900",0,0,0,"35,800","53,300","54,000","52,000","35,300","49,700","32,900","30,800","30,600","40,800","50,100","49,700","73,900","70,000","54,600","37,100","34,500","74,000","42,000","39,500","56,000","31,600","31,600","40,000","53,000","50,000",0,"71,800","42,800","40,500","36,100","33,700","74,100","32,400","33,100","28,300","36,900","33,500",
321,Strathcona RD,2020,Average Employment Income,RD,Strathcona,"51,600","71,100","73,000","55,400","98,600","136,500","38,100","53,500","56,400","30,600","35,600","50,900","24,500","24,900","26,600","32,600","58,500","55,200","72,000","66,000","54,100","45,200","51,500","72,000","44,400","53,200","19,700","80,400","55,000","97,300","64,200","74,300","38,500","56,800","38,500","86,900","39,400","51,700","65,100","25,600","24,000","23,400","25,000","29,100",
322,Bute Inlet,2020,Average Employment Income,EDA,Strathcona,"43,040","61,100","45,200","100,000","50,000","50,000","29,000","30,400","30,400",0,"32,100","63,700","27,000","14,700","27,000","36,100","22,900","60,600","100,000","60,000","65,500","44,000","54,600","86,300","48,000","44,300","14,000",0,0,0,0,"64,000",0,"63,700","23,700",0,"22,300","38,900","46,500","30,300","26,100","12,000","21,500","46,400",
323,Campbell River,2020,Average Employment Income,EDA,Strathcona,"52,700","73,600","74,300","66,800","99,700","132,500","42,700","60,400","64,400","29,200","38,200","50,900","24,900","26,600","30,800","34,600","64,200","55,400","69,900","66,500","53,900","46,200","51,500","74,500","46,000","55,300","18,000","71,800","59,700","99,300","63,600","76,700",0,"58,300","39,900","85,000","40,500","53,000","65,100","25,900","24,700","24,100","26,300","28,500",
324,Strathcona,2020,Average Employment Income,EDA,Strathcona,"46,100","64,100","69,600","36,000","105,000","180,000","32,100","35,800","35,800",0,"25,900","43,700","15,900","27,500","6,500",0,"37,500","52,800","76,000",0,"56,500","34,000","52,000","54,000","44,000","38,400",0,0,"86,800",0,"61,900","71,000","61,900",0,"30,800",0,"29,500",0,"50,000","17,700","15,000","18,000","5,400","27,500",
325,Comox Valley,2020,Average Employment Income,RD,Comox Valley,"50,360","68,800","73,100","45,800","96,800","125,800","39,800","30,700","30,100","33,300","36,400","62,600","27,600","25,200","25,500","35,800","46,800","59,200","73,500","65,200","57,400","39,200","54,000","62,400","60,000","48,600","66,000","86,500","48,200","120,200","45,500","78,500",0,"63,100","36,400","65,900","41,000","64,800","67,500","27,200","27,200","23,800","25,800","31,100",
326,Comox,2020,Average Employment Income,EDA,Comox Valley,"53,700","84,700","92,700","59,700","56,500","138,700","26,000","30,600","28,900","35,400","47,600","94,200","31,200","28,300","25,400","39,900","55,900","63,700","70,400","61,000","66,900","40,600","57,100","60,000","50,000","50,800","24,000","78,600","41,800","112,100","53,700","88,700",0,"80,500","34,600","60,900","47,500","61,800","62,900","27,000","31,200","23,200","23,600","31,800",
327,Courtenay,2020,Average Employment Income,EDA,Comox Valley,"48,960","65,600","69,400","45,000","113,500","120,500","47,300","30,700","29,800","35,000","33,800","54,300","26,000","25,700","26,100","38,900","40,200","56,800","75,800","67,500","52,400","38,100","52,300","63,200","64,000","47,900","76,000","86,300","52,700","119,800","44,300","71,400",0,"49,800","37,000","73,600","39,300","65,700","69,500","27,000","25,100","24,000","25,600","30,900",
328,Powell River RD,2020,Average Employment Income,RD,Powell River,"45,280","59,100","60,300","58,200","88,000","130,000","44,000","18,600","19,400","14,000","35,100","52,600","31,000","24,500","27,400","32,300","54,900","52,900","68,700","58,000","53,200","41,800","50,700","63,000","52,000","42,000","80,000","54,500","48,600","90,800","52,700","89,100",0,"49,700","34,500","40,800","34,000","53,500","45,800","26,300","31,000","23,300","25,400","29,500",
329,Powell River,2020,Average Employment Income,EDA,Powell River,"45,840","59,700","61,700","58,200","88,000","160,000","28,000","18,800","19,800","14,000","35,400","54,000","31,000","25,200","28,200","31,200","54,400","53,200","68,700","58,000","53,800","42,500","50,000","63,000","52,000","43,400","80,000","54,500","48,600","90,800","52,700","89,100",0,"49,700","34,300","46,000","35,300","53,500","44,800","26,500","31,000","23,300","26,500","29,500",
330,Sunshine Coast RD,2020,Average Employment Income,RD,Sunshine Coast,"51,750","90,000","63,800","102,300","114,100","77,000","34,000","27,600","13,500","42,200","35,000","64,800","30,000","30,400","21,800","47,800","29,900","59,100","90,000","62,000","59,900","41,200","53,100","71,500","54,000","48,100","41,000","48,900","92,300","112,000","50,300","67,400","140,500","69,600","33,100","63,800","40,800","67,000","61,800","30,000","28,900","30,100","20,800","35,700",
331,Sunshine Coast,2020,Average Employment Income,EDA,Sunshine Coast,"51,750","90,000","63,800","102,300","114,100","77,000","34,000","27,600","13,500","42,200","36,100","68,900","30,300","30,500","22,000","46,700","29,800","59,100","90,000","62,000","59,900","41,200","53,100","71,500","54,000","48,100","41,000","48,900","92,300","112,000","50,300","67,400","140,500","69,600","33,100","63,800","40,800","67,000","61,800","30,000","28,900","30,100","20,800","35,700",
332,Squamish-Lillooet,2020,Average Employment Income,RD,Squamish-Lillooet,"58,000","62,400","63,200","61,300","232,300","89,600",0,"33,500","26,500","41,500","43,300","63,900","56,000","31,800","38,400","56,600","49,100","58,900","77,200","70,500","59,000","40,100","51,100","77,000","38,400","58,300","73,000","87,500","67,100","98,100","53,800","97,100","80,000","68,500","46,600","79,200","53,300","79,100","84,700","39,800","55,800","30,400","38,600","39,100",
333,Squamish,2020,Average Employment Income,EDA,Squamish-Lillooet,"63,900","65,800","66,000","65,500","168,200","92,900",0,"40,800","24,300","53,500","47,400","69,300","80,000","30,500","36,700","61,500","54,200","61,800","82,000","71,500","59,800","36,400","55,400","82,000","36,000","65,400","76,500","120,600","67,000","104,600","56,200","97,900","104,100","80,400","52,000","94,700","58,400","78,800","90,000","40,300","77,300","28,500","37,500","41,700",
334,Upper Squamish - Lillooet Region,2020,Average Employment Income,EDA,Squamish-Lillooet,"43,480","63,400","70,000","58,200",0,0,0,"35,300","29,000","70,900","24,600","34,000","22,000","19,100","32,000","44,400","83,300","49,700","68,000","70,000","66,000","32,000","46,000","22,000","35,000","38,000",0,0,0,"82,700","60,700",0,0,0,"35,700",0,"29,600","48,000","53,600","21,700","22,000","18,000","32,000","19,400",
335,Whistler - Pemberton,2020,Average Employment Income,EDA,Squamish-Lillooet,"53,000","51,200","53,600","44,200","386,900","116,400",0,"32,300","25,100","39,300","40,700","51,600","51,600","34,000","39,000","43,200","41,000","57,800","72,000","68,000","54,700","47,700","47,000","76,000","46,000","52,600","56,000","147,000","81,500","92,000","50,800",0,0,"57,400","39,900","64,100","49,500","79,600","76,300","40,700","51,600","32,700","39,700","37,400",
336,Thompson-Nicola,2020,Average Employment Income,RD,Thompson-Nicola,"55,800","72,000","65,100","75,700","110,200","59,100","28,000","23,600","21,300","33,800","37,100","52,500","30,200","20,700","48,000","36,200","57,100","60,900","71,600","68,900","59,600","44,800","60,500","77,800","45,600","59,900","24,400","75,400","58,500","104,000","59,200","145,900","94,800","61,600","37,400","74,800","44,400","67,100","68,800","29,300","29,600","19,200","43,500","33,900",
337,Ashcroft - Copper Desert Country,2020,Average Employment Income,EDA,Thompson-Nicola,"45,360","58,800","50,800","72,700","94,000","27,500",0,"26,000","26,000",0,"23,000","35,500","22,000","17,700","23,300","22,300","45,200","46,300","72,000","70,800","47,500","42,000","41,900","48,000","42,000","72,700","36,000",0,"62,400","70,000","47,100",0,"76,900","40,000","29,300",0,"24,500","74,900","54,000","19,800","22,000","15,800","5,700","30,900",
338,Kamloops,2020,Average Employment Income,EDA,Thompson-Nicola,"56,900","74,900","61,100","79,700","114,700","64,600",0,"25,900","23,000","32,300","40,700","54,500","33,700","21,800","53,900","35,800","57,100","63,200","71,700","69,800","61,300","46,300","63,800","80,600","55,000","59,600","16,500","74,200","58,100","104,900","61,000","102,000","97,300","61,100","37,800","73,300","45,700","65,400","69,500","30,600","33,000","20,100","47,600","34,400",
339,Logan Lake,2020,Average Employment Income,EDA,Thompson-Nicola,"63,650","79,900","81,400","79,200","110,800","44,600",0,"35,100","35,100",0,"35,600","41,100","26,000","45,900","32,000","28,600","59,500","49,900","68,000","64,000","45,100","40,000","37,000","95,000","25,000","61,400",0,0,"92,700",0,"60,000",0,0,0,"37,500","82,700","66,200","57,700","81,100","36,000","26,000","35,600","32,000","48,500",
340,Merritt,2020,Average Employment Income,EDA,Thompson-Nicola,"50,400","63,200","68,500","58,300","98,900","46,600","121,000","33,800","23,600","121,000","26,600","35,700","21,000","20,500","8,700","29,800","50,300","54,300","84,000","57,000","51,500","44,000","57,100","62,000","41,200","58,700","32,000",0,"48,600","100,000","54,300",0,"60,000","43,600","35,600","53,800","31,200","47,100","79,200","22,400","21,000","17,600","7,200","37,700",
341,North Thompson,2020,Average Employment Income,EDA,Thompson-Nicola,"46,880","69,200","74,200","63,600","94,000","32,300",0,"14,400","13,900","22,800","27,600","51,700","18,500","39,200","32,000","33,400","46,600","43,900","52,000","52,000","44,000","27,000","48,900","16,000","40,000","53,500","34,000",0,"90,000","85,000","66,500",0,"90,000","165,500","31,100","81,400","36,100","33,000","61,500","22,200","18,500","20,200","25,600","25,300",
342,Shuswap East,2020,Average Employment Income,EDA,Thompson-Nicola,"57,600","70,800","60,800","74,400","107,800","107,500","16,100","13,200","13,200",0,"46,200","47,900","37,000","26,200","48,000","59,400","74,200","61,600","76,000","80,000","65,600","38,000","47,600","100,000","46,000","54,900","42,800","101,300","86,600","140,000","60,800",0,"80,000","33,900","46,200","114,300","40,600","136,000","73,100","27,600","33,300","6,200","43,500","27,400",
343,Central Okanagan,2020,Average Employment Income,RD,Central Okanagan,"54,250","71,500","70,100","72,100","85,100","113,900","32,000","40,700","33,600","48,300","41,000","60,800","36,300","26,000","26,600","39,400","60,200","60,900","78,200","72,800","61,400","38,500","57,600","74,900","58,000","57,600","40,100","57,700","52,800","94,300","55,400","133,800","108,000","72,400","42,000","73,600","43,300","77,200","69,800","29,400","36,600","23,400","28,300","35,600",
344,Kelowna,2020,Average Employment Income,EDA,Central Okanagan,"53,950","65,000","69,400","63,400","92,300","119,700","46,900","39,600","30,700","50,100","40,400","60,600","36,000","26,200","25,400","40,900","59,600","61,400","79,600","72,200","62,000","38,300","59,000","75,200","66,000","56,200","41,200","58,300","52,700","92,800","50,100","116,800","108,000","66,900","41,600","74,900","43,400","77,600","69,100","29,200","36,200","23,700","27,100","35,600",
345,Peachland,2020,Average Employment Income,EDA,Central Okanagan,"58,100","91,700","118,800","80,900","80,600","71,200","64,600","35,400","35,000","36,500","50,000","57,800","43,100","27,600","85,500","38,100","63,100","56,800","64,000","52,000","56,900","30,000","54,400","71,000",0,"86,200","40,000","64,600","68,800","80,000","75,700",0,0,"152,900","34,300","81,600","37,100","66,200","75,900","26,900","46,000","20,600","23,100","29,300",
346,West Bank - West Kelowna,2020,Average Employment Income,EDA,Central Okanagan,"54,950","66,300","69,000","65,100","58,900","100,000",0,"48,800","52,500","46,600","46,100","71,400","36,900","24,800","32,900","39,700","64,900","59,100","77,300","76,500","59,500","41,000","51,300","75,200","54,000","57,800","35,000","56,300","58,600","100,900","65,900",0,0,"89,800","44,000","67,500","43,100","75,800","72,100","30,400","37,000","21,800","34,400","36,000",
347,North Okanagan,2020,Average Employment Income,RD,North Okanagan,"50,080","73,700","64,100","78,700","74,300","97,600","18,000","31,400","24,300","49,800","38,400","53,300","35,400","23,400","29,700","31,300","55,900","55,400","79,700","57,400","54,400","45,100","51,500","78,400","43,000","53,900","32,100","67,600","50,000","95,500","54,500","36,800","92,000","58,900","37,100","62,000","40,300","69,900","64,100","28,100","35,100","21,500","26,500","34,100",
348,Enderby,2020,Average Employment Income,EDA,North Okanagan,"42,440","55,500","42,700","63,000","91,400","70,000",0,"24,700","23,000","39,500","35,800","36,000","20,000","25,100","18,300","22,500","50,900","42,700","58,900","56,000","42,300","38,000","37,800","72,000","36,000","54,200","20,000","68,200","55,500",0,"52,900","45,100","93,900","45,100","30,900","34,400","38,700","53,900","53,100","17,700","20,000","14,000","18,000","20,400",
349,Lumby,2020,Average Employment Income,EDA,North Okanagan,"47,480","72,000","76,700","65,700","100,000",0,0,"21,800","17,200","45,000","35,100","37,400","40,000","20,500","32,000","42,400","55,400","47,700","49,400","52,000","43,200","49,800","50,900","60,000",0,"54,600",0,"61,100","60,800","100,000","65,300",0,0,"40,800","34,900","75,000","41,200","55,300","90,000","25,700","40,000","18,400","32,000","25,700",
350,Spallumcheen,2020,Average Employment Income,EDA,North Okanagan,"46,920","59,900","39,000","75,600","69,200","54,400",0,"29,700","22,900","51,600","34,800","42,200","16,000","28,900","29,700","39,900","44,100","50,700","70,000","54,000","48,000","37,000","48,600","70,000",0,"59,800",0,"115,900","55,100","100,000","58,300",0,"26,900","26,900","37,800","57,800","35,900","62,600","57,100","24,800","16,000","20,800","30,800","27,300",
351,Vernon,2020,Average Employment Income,EDA,North Okanagan,"51,650","80,900","74,000","83,400","70,300","111,800","18,000","38,700","28,500","53,100","40,000","55,700","37,500","24,300","29,800","31,300","60,800","57,700","82,100","58,400","56,700","45,800","54,200","81,200","46,000","52,600","32,600","58,100","49,700","96,100","51,200",0,"84,000","63,400","37,700","62,800","42,000","73,000","65,200","29,100","37,400","22,100","25,100","36,500",
352,Columbia-Shuswap,2020,Average Employment Income,RD,Columbia-Shuswap,"49,120","68,900","55,300","77,300","61,100","97,200","58,500","25,900","20,900","42,100","36,200","51,200","33,600","25,100","34,900","32,100","48,700","51,800","75,000","55,200","51,000","39,900","48,000","68,000","36,000","53,100","38,000","77,900","53,000","106,100","54,300","57,700","98,400","65,000","34,200","83,400","34,700","61,300","51,900","30,400","33,400","23,600","38,200","31,400",
353,Columbia - Shuswap,2020,Average Employment Income,EDA,Columbia-Shuswap,"49,160","63,500","51,800","76,200","69,000","130,600",0,"25,200","16,400","63,200","34,300","51,300","24,000","40,100","27,400","32,700","54,100","46,500","40,900","24,000","50,700","31,700","46,600","50,000","38,000","56,800",0,"60,700","51,900","80,000","45,800",0,"116,000","58,100","33,000","95,500","38,700","66,600","52,500","27,200","20,800","22,400","30,600","33,600",
354,Golden,2020,Average Employment Income,EDA,Columbia-Shuswap,"52,650","70,700","57,000","75,400","76,400","100,400",0,"20,200","20,200",0,"33,900","55,000","26,000","24,300","38,000","25,300","52,600","52,200","52,000","54,000","52,900","56,000","48,900","60,000",0,"50,200","60,000",0,"111,600",0,"59,100",0,"86,000","57,000","40,500","96,000","43,000","72,500","64,400","32,500","26,000","22,400","47,000","34,200",
355,Revelstoke,2020,Average Employment Income,EDA,Columbia-Shuswap,"51,040","70,000","56,400","77,500","41,000","113,000","55,500","61,300","68,900","55,500","38,800","45,000","39,600","28,500","45,600","35,500","45,000","54,800","80,000","59,000","50,100","42,000","46,200","82,000",0,"53,400","41,600","55,500","48,800","104,000","42,100","64,000","102,000","70,000","31,300","80,000","35,800","57,600","46,800","36,400","39,500","26,800","47,500","34,700",
356,Salmon Arm,2020,Average Employment Income,EDA,Columbia-Shuswap,"47,840","70,000","55,400","81,500","35,600","92,800","29,200","23,100","19,100","34,800","39,100","49,300","42,000","26,100","27,500","34,000","55,500","53,800","94,000","57,000","52,400","35,100","50,100","75,000","28,000","51,300",0,"76,700","60,300","120,000","58,200","55,200","80,000","67,000","34,300","87,700","35,300","54,900","51,700","26,500","35,500","23,400","23,800","30,500",
357,Sicamous,2020,Average Employment Income,EDA,Columbia-Shuswap,"42,560","57,100","43,600","62,700","112,000",0,"99,600","49,400","33,200","99,600","24,800","29,400","22,000","22,500","36,000","29,600","32,700","39,800","61,600","61,600","41,000","14,000","37,000","44,000",0,"51,100",0,0,"52,400",0,"61,400",0,"120,000",0,"27,800",0,"23,200","65,400","39,100","25,300","22,000","20,000","36,000","30,100",
358,Cariboo,2020,Average Employment Income,RD,Cariboo,"52,150","76,600","67,700","80,200","94,000","22,200","14,900","21,700","18,400","44,200","33,700","51,200","19,200","25,700","23,900","26,200","56,700","52,100","74,200","62,200","52,500","42,100","48,500","66,000","40,400","52,300","48,000","100,000","72,500","110,400","56,200","64,000","80,000","56,600","36,100","66,100","39,300","59,100","55,700","25,400","19,200","25,600","21,200","28,800",
359,Chilcotin,2020,Average Employment Income,EDA,Cariboo,"30,400","29,100","35,500","10,000",0,0,0,"16,400","16,400",0,"16,400","14,500","17,000","13,700","17,500",0,"20,000","44,600","90,000","70,000","75,000","16,000","39,000",0,"31,200","32,100",0,0,0,0,"20,500",0,0,"21,000","22,400",0,"15,700",0,"25,000","18,300","17,000","20,000","16,000","20,700",
360,One Hundred Mile House,2020,Average Employment Income,EDA,Cariboo,"46,240","76,200","81,800","69,400","78,500",0,0,"27,800","6,400","62,000","30,800","45,900","12,800","29,700","17,000","25,500","47,900","50,400","65,200","60,000","47,100","41,900","51,500","76,000","41,100","48,900",0,0,"41,600","91,900","48,500",0,"45,200","63,100","35,200","49,400","32,300","50,000","48,200","22,000","13,300","20,400","17,000","30,200",
361,Quesnel,2020,Average Employment Income,EDA,Cariboo,"54,300","84,400","69,400","87,500","78,900","6,500",0,"18,500","16,200","54,200","29,800","37,300","27,000","23,700","19,300","32,200","49,100","50,700","82,000","57,000","51,900","37,600","46,000","63,000","56,000","53,500","47,900","54,200","129,200","137,900","61,500",0,"60,000","22,000","36,700","61,000","45,300","54,100","55,300","24,900","26,100","22,400","17,800","30,500",
362,Williams Lake,2020,Average Employment Income,EDA,Cariboo,"54,300","68,500","63,300","71,100","103,500","46,000","10,800","26,100","26,100","26,000","42,100","61,900","20,000","31,100","33,400","23,200","67,000","54,500","69,000","65,500","56,400","45,200","50,600","66,000","42,000","54,600","40,000","49,200","60,500","107,000","55,000",0,"95,000","57,600","36,300","78,200","40,200","62,400","60,600","28,500","20,000","32,200","26,700","27,400",
363,Mount Waddington,2020,Average Employment Income,RD,Mount Waddington,"50,400","79,600","83,200","59,100","86,700","40,000","41,200","66,000","66,000",0,"44,800","51,000","40,000","38,700","15,500","37,400","64,000","53,800","63,600","72,000","58,400","38,700","47,500","75,000","42,000","53,000","47,300","69,700","69,700",0,"47,000","59,200",0,"50,300","33,100","53,100","37,100","36,600","42,600","25,400","35,800","17,300","15,800","32,600",
364,Alert Bay - Port McNeill,2020,Average Employment Income,EDA,Mount Waddington,"54,800","78,100","83,800","28,000","95,000",0,"36,500","80,000","80,000",0,"49,800","55,900","52,000","34,800","22,900","37,400","35,100","56,900","80,000","68,000","60,800","36,000","50,600","76,000","42,000","63,600",0,0,0,0,"49,800","50,400",0,"50,000","30,800","72,000","42,800","34,300","63,900","28,900","52,000","17,500","27,400","26,000",
365,Port Alice,2020,Average Employment Income,EDA,Mount Waddington,"56,400","106,400","100,000","110,700",0,0,0,"72,900","72,900",0,"15,400",0,"16,000","21,700",0,0,0,"45,900",0,0,"60,000",0,0,0,0,0,0,0,0,0,0,0,0,0,"18,000",0,"23,500",0,"46,400","20,900","16,000","16,000",0,"60,000",
366,Port Hardy,2020,Average Employment Income,EDA,Mount Waddington,"46,560","74,900","80,900","28,000","100,000","50,000","42,900","64,000","64,000",0,"36,400","49,800","30,000","29,300","10,000","38,700","22,900","50,000","45,000","76,000","56,100","38,000","45,500","60,000","42,000","42,800",0,"53,100","53,100",0,"39,400","65,600",0,"60,300","35,800","64,000","31,500","40,000","33,300","25,400","24,000","16,400","13,300","37,700",
367,Central Coast RD,2020,Average Employment Income,RD,Central Coast RD,"40,800","64,500","64,500",0,0,0,"17,400","6,000","6,000",0,"32,400","36,800","30,000","22,600","47,200","25,300",0,"50,200","71,400","80,000","61,600","32,000","50,100",0,"32,500","27,200",0,0,0,"100,000",0,"45,000",0,"43,600","24,700","30,000","29,800",0,"29,600","30,200","30,000","20,000","37,000","33,500",
368,Bella Coola,2020,Average Employment Income,EDA,Central Coast,"43,200","41,400","41,400",0,0,0,"14,000","34,100","34,100",0,"31,100","49,900","28,000","22,900","50,000",0,0,"54,600","70,000","90,000","58,700",0,"52,000",0,"32,000","37,100",0,0,0,0,0,0,0,"50,000","22,400",0,"27,300",0,"36,000","31,500","28,000","14,000","50,000","36,000",
369,Central Coast,2020,Average Employment Income,EDA,Central Coast RD,"36,400",0,0,0,0,0,"20,500","62,500","62,500",0,"34,900","39,100","40,000","28,300",0,"23,500","20,200","43,800","100,000",0,"62,000","36,000","40,200",0,"33,000","14,300",0,0,0,0,"30,000","42,900","30,000","10,000","25,200",0,"26,900",0,"28,000","31,400","40,000","30,000",0,"29,800",
370,Skeena-Queen Charlotte,2020,Average Employment Income,RD,Skeena-Queen Charlotte,"61,900","81,600","75,100","112,400","100,000","84,000","46,800","38,700","42,000","23,700","36,300","56,100","28,600","29,900","20,200","38,200","54,100","60,900","85,700","73,000","62,500","46,000","53,400","62,000","50,800","63,100","30,000",0,"46,800","115,000","52,700","118,900","85,900","84,800","39,300","97,200","53,400","58,300","53,000","32,300","27,000","27,600","25,100","43,100",
371,Haida Gwaii,2020,Average Employment Income,EDA,Skeena-Queen Charlotte,"48,520","85,100","71,000","140,000",0,0,"33,500","33,500","33,500",0,"35,800","42,800","34,000","30,500","26,900","75,200","32,200","56,700","70,000","64,000","65,900","40,000","46,400","33,600","40,000","50,300",0,0,0,0,"44,800","46,900",0,"43,700","38,900",0,"39,500","53,800","34,500","24,800","34,000","17,500","23,500","26,300",
372,Haida Nation,2020,Average Employment Income,EDA,Skeena-Queen Charlotte,-,-,-,-,-,-,-,-,-,-,-,-,-,-,-,-,-,-,-,-,-,-,-,-,-,-,-,-,-,-,-,-,-,-,-,-,-,-,-,-,-,-,-,-,
373,Prince Rupert,2020,Average Employment Income,EDA,Skeena-Queen Charlotte,"66,200","115,500","138,600","55,200","130,000","166,200","48,800","42,000","47,500","22,000","39,500","57,800","26,800","32,900","18,000","39,400","66,800","63,800","88,700","76,000","62,900","48,000","56,100","61,000","56,000","66,400","41,800",0,"59,800","126,700","55,800","121,700","72,600","86,400","41,300","84,000","57,900","57,600","59,800","34,400","26,800","31,400","19,300","47,100",
374,Kitimat-Stikine,2020,Average Employment Income,RD,Kitimat-Stikine,"60,500","59,400","62,700","54,300","108,300","54,300","32,600","32,200","24,600","55,000","40,500","54,300","31,800","28,700","36,200","45,500","57,900","58,300","78,800","68,500","59,000","46,800","55,400","70,400","52,800","73,600","24,000","88,000","68,100","107,700","63,600","71,500","92,000","63,400","42,600","72,300","48,400","52,200","70,800","33,200","32,100","27,100","35,500","37,200",
375,Cassiar Corridor,2020,Average Employment Income,EDA,Kitimat-Stikine,"55,800","80,000","80,000",0,"63,800","35,600",0,0,0,0,"33,700","70,300","32,000","22,000",0,0,"80,500","69,500","120,000","144,500","70,400","30,000","26,000",0,"39,000","36,800",0,0,0,0,"82,000","68,000",0,0,"34,000",0,"17,900",0,"86,700","35,000","32,000",0,0,"40,000",
376,Hazelton,2020,Average Employment Income,EDA,Kitimat-Stikine,"44,760","49,600","52,700","46,200","65,000","18,700","40,000",0,0,0,"30,500","25,300","22,400","32,900",600,"18,400","69,200","52,900","64,000","70,000","58,900","52,000","45,900","68,000","50,000","40,000","28,000",0,0,0,"34,800",0,"52,000","21,700","27,100",0,"29,000","45,300","80,000","21,000","13,200","14,000",0,"37,300",
377,Kitimat,2020,Average Employment Income,EDA,Kitimat-Stikine,"75,300","89,200","68,000","158,600","119,300","104,800",0,"40,000","40,000",0,"39,400","61,200","31,000","33,200","46,000","64,500","89,800","58,000","70,000","68,000","50,900","31,000","60,600","82,000","56,000","93,700",0,0,"97,700","131,100","68,900","80,000",0,"65,200","59,600","69,300","48,400","40,600","106,100","37,200","31,000","32,700","46,000","36,700",
378,Nisga'a,2020,Average Employment Income,EDA,Kitimat-Stikine,-,-,-,-,-,-,-,-,-,-,-,-,-,-,-,-,-,-,-,-,-,-,-,-,-,-,-,-,-,-,-,-,-,-,-,-,-,-,-,-,-,-,-,-,
379,Terrace,2020,Average Employment Income,EDA,Kitimat-Stikine,"57,900","63,000","63,400","62,500","110,500","27,600","20,000","38,000","29,200","56,000","43,100","56,300","35,900","29,500","29,200","35,400","59,600","59,900","75,100","67,500","61,300","49,400","56,400","65,500","61,000","71,400","5,200",0,"55,300","109,400","65,900","79,600","100,000","58,100","41,200","73,400","54,100","57,800","63,100","32,800","37,300","27,700","23,700","37,300",
380,Bulkley-Nechako,2020,Average Employment Income,RD,Bulkley-Nechako,"55,200","72,600","69,900","74,200","98,700","17,700","22,200","22,800","21,300","32,100","38,000","50,300","26,100","26,600","28,800","45,800","52,400","55,300","78,000","65,600","56,500","46,300","50,100","66,500","45,200","57,600",0,0,"74,400","112,300","63,200","65,900","115,000","53,900","36,200","73,200","45,000","59,600","56,600","24,900","26,500","23,100","23,300","26,800",
381,Burns Lake,2020,Average Employment Income,EDA,Bulkley-Nechako,"52,100","78,700","67,500","86,700","72,300",0,0,"15,600","15,600",0,"46,100","51,200",0,"20,300","19,000","40,400","48,200","52,500","56,000","54,000","50,700","33,000","54,400","95,000","47,000","64,200",0,0,"150,500","100,800","78,300","70,000","59,300","59,300","32,800","76,000","36,700","81,900","39,200","24,400","4,600","19,000","19,000","28,800",
382,Fort St. James - Stuart,2020,Average Employment Income,EDA,Bulkley-Nechako,"56,300","67,100","56,800","77,000","65,100",0,0,"7,200","7,200",0,"35,700","24,300","45,000","43,000","21,800","35,300","34,800","62,100","85,000","40,000","111,700","64,000","51,300","61,200","37,500","50,200",0,0,"42,100","130,000","44,400",0,0,"50,000","32,900","56,000","63,000","41,100","73,100","35,500","45,000","48,000","21,500","35,900",
383,Houston,2020,Average Employment Income,EDA,Bulkley-Nechako,"53,650","66,400","73,900","62,400","107,000",0,"48,000","26,000","18,000","48,000","49,100","60,600",0,"32,300","44,000",0,"27,700","46,800","93,800","70,000","41,700","50,000","35,500","52,000","28,000","45,900",0,0,0,0,"54,600",0,"95,700",0,"32,500","92,800","50,000","42,300","52,400","28,200",0,"17,500","44,000","31,900",
384,Nechako Valley,2020,Average Employment Income,EDA,Bulkley-Nechako,"57,100","77,900","79,300","77,300","117,100","74,600","11,500","22,500","21,600","40,000","33,800","40,300","17,500","25,400",0,"101,400","86,200","52,100","72,000","64,000","54,400","46,400","48,400","54,000","42,000","72,600",0,0,"85,000","140,000","58,600",0,0,"48,600","39,100","91,200","43,900","48,900","50,700","20,200","17,500","24,800","7,900","21,900",
385,Telkwa - Smithers,2020,Average Employment Income,EDA,Bulkley-Nechako,"55,100","64,100","62,000","66,000","109,000",0,0,"31,500","29,500","37,200","40,000","57,500","30,500","24,800","34,600","35,200","49,500","58,600","80,000","69,600","52,400","46,000","54,700","67,000","90,000","51,100",0,0,"57,100","120,000","75,600","70,000","119,000","55,300","38,400","49,600","46,600","64,000","62,500","25,000","30,700","22,200","27,200","25,400",
386,Fraser-Fort George,2020,Average Employment Income,RD,Fraser-Fort George,"59,200","82,400","69,100","89,700","90,800","71,000",0,"20,500","12,400","44,600","40,400","56,100","30,600","25,500","32,900","36,100","61,500","63,600","75,600","70,600","65,000","47,200","58,600","76,400","59,000","65,100","48,000","82,600","71,000","95,300","60,300","99,200","92,300","60,500","40,900","71,600","50,000","59,300","62,900","31,000","29,800","25,200","32,500","37,700",
387,Mackenzie,2020,Average Employment Income,EDA,Fraser-Fort George,"61,550","71,000","66,500","74,000","97,100",0,0,0,0,0,"38,200","52,600","45,000","25,700","48,500","50,000","30,100","54,700","70,000","56,000","59,900","72,800","52,100","56,000","28,000","69,900",0,0,0,0,"62,900","110,200","110,200","110,200","44,900","44,000","45,800","45,000","40,000","36,800","45,000","23,000","44,800","52,800",
388,McBride-Valemount,2020,Average Employment Income,EDA,Fraser-Fort George,"46,840","45,200","43,800","47,700",0,"64,000",0,"9,100","4,100","78,200","36,400","49,000","30,800","24,200","30,000","32,800","62,400","54,800","52,000","58,000","51,300","44,000","61,300","58,000",0,"57,300",0,"78,200","78,200","120,000","43,600",0,"88,000","118,200","33,200","56,000","39,700","45,500","77,700","33,300","30,800","24,000","30,000","69,000",
389,Prince George,2020,Average Employment Income,EDA,Fraser-Fort George,"58,850","84,800","69,900","91,200","86,500","84,600",0,"36,000","29,900","42,300","41,700","58,500","30,300","25,800","30,800","35,500","62,500","64,400","77,100","71,400","65,800","47,500","59,200","80,000","66,000","65,500","48,000","93,300","69,200","86,200","59,900","103,000","92,900","52,500","40,600","71,100","49,400","60,000","62,700","31,100","29,900","25,100","31,200","38,200",
390,Prince George rural (northwest),2020,Average Employment Income,EDA,Fraser-Fort George,"68,200","99,000","96,700","101,100","118,800","38,800",0,"20,200","5,600","117,800","80,400","63,400",0,"91,200","40,000","42,900","160,500","67,000","82,000","84,000","63,700","64,000","57,500","80,000",0,"64,000",0,0,"76,700","133,100","57,200","61,600","105,200","60,300","51,900","85,200","66,000","70,000","70,100","29,700",0,"26,200","40,000","28,900",
391,Prince George rural (southeast),2020,Average Employment Income,EDA,Fraser-Fort George,"60,000","92,300","66,400","102,100","110,700",0,0,"7,300","7,300",0,"61,800","66,300",0,"37,200",0,"28,700","49,000","56,800","56,000","60,000","58,600","36,000","54,600","80,000",0,"63,600",0,0,"253,000","86,800","86,200",0,"78,000","76,000","44,200","70,200","52,300","33,000","37,000","23,100",0,"22,400","22,000","26,300",
392,Peace River,2020,Average Employment Income,RD,Peace River,"65,700","81,000","67,700","86,500","48,500","93,600",0,"32,800","31,200","51,300","44,500","58,500","37,500","31,300","40,600","35,200","66,400","61,100","77,400","73,800","62,200","40,500","54,700","77,200","53,000","80,200","22,000","77,400","72,200","136,500","62,800",0,"88,000","74,900","43,100","88,200","56,400","59,100","70,400","33,500","38,700","31,000","36,700","34,300",
393,Dawson Creek,2020,Average Employment Income,EDA,Peace River,"59,800","93,800","83,400","97,000","10,500","110,600",0,"30,100","27,000","56,000","44,200","57,500","32,000","28,400","52,700","41,000","69,000","60,400","85,300","74,000","62,700","45,300","53,800","62,400",0,"65,200",0,"70,900","62,700","131,100","64,000",0,0,"55,900","40,500","90,000","49,700","62,300","61,000","33,100","32,000","27,900","52,900","34,700",
394,North Peace,2020,Average Employment Income,EDA,Peace River,"67,600","81,200","65,300","89,100","11,400","97,000",0,"35,800","34,200","53,700","48,000","64,500","39,500","35,000","34,200","36,100","75,400","63,000","78,000","73,200","62,800","36,400","56,600","88,000","50,000","87,100","22,000","45,000","88,500","141,600","60,100",0,"100,000","80,300","45,000","89,800","58,600","59,900","73,700","35,000","41,400","34,200","30,000","36,100",
395,South Peace,2020,Average Employment Income,EDA,Peace River,"70,600","75,700","63,200","79,900","110,800","115,900",0,"27,400","27,400",0,"45,400","66,200","35,100","34,900","48,000","44,700","47,200","54,600","45,000","85,000","55,900","38,000","47,600","72,000","56,000","72,200",0,"90,000","160,000","115,800","67,000",0,"85,000","20,000","40,100","92,800","61,700","31,800","81,100","31,600","36,100","21,200","41,100","34,100",
396,Stikine Region,2020,Average Employment Income,RD,Stikine Region,"48,400",0,0,0,"45,600","15,800",0,0,0,0,"29,800","39,300",0,0,0,"10,000","131,300","55,500","80,000",0,"80,000",0,"32,400",0,"56,000","39,600",0,0,0,0,"118,200","39,400","39,400","39,400","20,000",0,"30,000",0,"32,000","30,100",0,"16,000",0,"45,000",
397,Stikine,2020,Average Employment Income,EDA,Stikine Region,"49,200",0,0,0,"46,800","15,900",0,0,0,0,"81,800","35,100",0,"30,000",0,0,"131,300","55,800","80,000",0,"80,000","40,000","32,400",0,"58,000","44,400",0,0,0,0,"118,200","39,400","39,400","39,400","13,300",0,"30,000",0,"32,000","24,000",0,"16,000",0,"35,200",
398,Northern Rockies RD,2020,Average Employment Income,RD,Northern Rockies RD,"61,400","83,200","105,600","72,000","6,100","113,100",0,"24,000","24,000",0,"47,100","56,900","46,000","27,300","38,900","56,000","46,900","59,400","90,000","68,000","73,800","36,000","49,600","84,000","40,000","66,100",0,0,0,"141,400","66,100","86,000",0,"85,500","33,600","73,800","51,700","38,800","49,200","42,000","48,300","30,000","34,000","49,200",
399,Northern Rockies,2020,Average Employment Income,EDA,Northern Rockies RD,"61,400","83,200","105,600","72,000","6,100","113,100",0,"24,000","24,000",0,"48,000","59,200","45,100","27,400","38,900","56,000","47,100","59,400","90,000","68,000","73,800","36,000","49,600","84,000","40,000","66,100",0,0,0,"141,400","66,100","86,000",0,"85,500","33,600","73,800","51,700","38,800","49,200","42,000","48,300","30,000","34,000","49,200",
,,,,,,,,,,,,,,,,,,,,,,,,,,,,,,,,,,,,,,,,,,,,,,,,,,
,,,,,,,,,,,,,,,,,,,,,,,,73,,,,,,,,,,,,,,,,,,,,,,,,,,
