"Traveller Entries to Canada via BC (000s), Seasonally Adjusted",,,,,,,,,,,,,,,,,,,,,,,"Food Services Receipts ($millions), Seasonally Adjusted",,,,,,,,,,,,,,,,,"Transportation Indicators (000s), Seasonally Adjusted",,,,,,,,,,,,,,,,,,,,,"Tourism Sector Indicators, Seasonally Adjusted",,,,,,,,,,,,,,,,,,,,,,,
,,,,,,,,,,,,,,,,,,,,,,,,,,,,,,,,,,,,,,,,,,,,,,,,,,,,,,,,,,,,,,,,,,,,,,,,,,,,,,,,,,,,
Period,Total,,USA,,,,Overseas,,,,,Total,,USA,,,,Overseas,,,,,Period,Food Services and Drinking Places1 Receipts ,,,,,,,,Food Services and Drinking Places1 Receipts ,,,,,,,,Period,"Air Passenger Traffic 1,2",,,,,,,Other Transportation,,,Air Passenger Traffic ,,,,,,,Other Transportation ,,,Period,Employment in key tourism industries1 (000s),,,,,Hotel Industry2,,,,Consumer Price Index1,,,Employment in key tourism industries1 ,,,,,Hotel Industry2,,,,Consumer Price Index1,
,,,Total,Same-day,Overnight,,Total,Asia,Europe,Other†,,,,Total,Same-day,Overnight,,Total,Asia,Europe,Other†,,,BC2,,,,Canada,,,,BC2,,,,Canada,,,,,Vancouver,,,,,Victoria,,BC Ferries,,,Vancouver,,,,,Victoria,,BC Ferries,,,,Air transport5,Accom-modation,Food & beverage services,"Arts, entertain-ment & recreation",,Occupancy Rate3 (%),Room Rate ($),Room Revenue ($)4,,Traveller accom-modation,Restaurant meals5,,Air transport5,Accom-modation,Food & beverage services,"Arts, entertain-ment & recreation",,Occupancy Rate3 ,Room Rate ,Room Revenue ($)4,,Traveller accom-modation,Restaurant meals5
,Annual data,,,,,,,,,,,Annual percent changes,,,,,,,,,,,,Total,"Drinking
Places",Food Services,,Total,"Drinking
Places",Food Services,,Total,"Drinking
Places",Food Services,,Total,"Drinking
Places",Food Services,,,Total,Domestic,Trans-border,Other Int'l.,,Total,,Vehicles,Passengers,,Total,Domestic,Trans-border,Other Int'l.,,Total,,Vehicles,Passengers,,,Annual data,,,,,,,,,,,,Annual percent changes,,,,,,,,,,
2000,"8,481,725",,"7,005,961","3,407,136","3,598,825",,"1,475,767",758924,497956,218885,,2.569794042,,2.102706626,NA,NA,,4.847027764,5.993047612,2.75926824,5.769648941,,,Annual data,,,,,,,,Annual percent changes,,,,,,,,,Annual data,,,,,,,,,,Annual percent changes,,,,,,,,,,2000,14795.91667,28171.83333,116668.6667,26456.41667,,x,x,x,,112.2666667,93.775,,-3.286760901,-3.623711061,5.993608695,7.002696326,,x,x,x,,4.710088606,1.726631712
2001,"8,312,536",,"6,894,519","3,257,694","3,636,825",,"1,418,019",731771,466252,219995,,-1.994747531,,-1.590673999,-4.386147192,1.05590019,,-3.91308384,-3.57782861,-6.366827591,0.507115609,,2000,"6,094,418",794072,"5,300,346",,"35,889,959","2,842,052","33,047,910",,5.301226552,5.332609918,5.296526456,,7.20062876,4.346951304,7.453351241,,2000,"16,033","8,306","4,074","3,652",,"1,139",,"7,887","21,280",,1.429980432,-0.095598638,-1.114262782,8.299529113,,-4.381400034,,0.445746307,-0.416491179,,2001,16486.25,31294.16667,118211.3333,29588.58333,,59.3,116.12,x,,107.425,96.75,,11.42432315,11.08317409,1.322263047,11.83896786,,x,x,x,,-4.312648456,3.172487337
2002,"7,970,818",,"6,595,886","2,808,049","3,787,837",,"1,374,932","763,966",411842,199122,,-4.11087543,,-4.331455175,-13.80255481,4.152303177,,-3.038534745,4.399600421,-11.66965504,-9.487942908,,2001,"6,364,898",837076,"5,527,822",,"37,410,011","2,971,236","34,438,767",,4.438159641,5.415629817,4.291719824,,4.235312724,4.545448148,4.208608048,,2001,"15,477","7,869","4,000","3,608",,"1,158",,"8,104","21,309",,-3.46651248,-5.265593046,-1.812678144,-1.219960298,,1.667837079,,2.751363002,0.136278195,,2002,14672.83333,31622.08333,119999.9167,30008.91667,,59.29166663,118.2025,x,,100,100.0083333,,-10.99957035,1.047852369,1.513038795,1.420592965,,-0.008333373,1.793403368,x,,-6.911798929,3.367786391
2003,"7,335,270",,"6,137,440","2,580,679","3,556,761",,"1,197,830","577,554",410067,210211,,-7.973435098,,-6.950483984,-8.097080927,-6.1004737,,-12.88078247,-24.40056233,-0.430990525,5.56894768,,2002,"6,492,620",856886,"5,635,734",,"38,560,175","2,983,116","35,577,065",,2.006662165,2.366571255,1.952161267,,3.074481855,0.399833605,3.305280935,,2002,"14,878","7,422","3,855","3,600",,"1,102",,"8,272","21,540",,-3.871725173,-5.671414514,-3.630667458,-0.214014825,,-4.835088931,,2.073050346,1.084048993,,2003,15449.33333,31500.08333,124220,30902.5,,58.3,113.715,x,,90.08333333,101.775,,5.292093097,-0.385806333,3.516738553,2.977726065,,-0.991666627,-3.796450998,x,,-9.916666667,1.766519457
2004,"7,447,748",,"6,039,095","2,477,571","3,561,524",,"1,408,654","715,848",458144,234663,,1.533385956,,-1.60237819,-3.995382611,0.133913974,,17.60049423,23.944774,11.72418166,11.63212201,,2003,"6,760,600",915256,"5,845,344",,"39,118,964","3,011,881","36,107,083",,4.12745548,6.811874625,3.719302579,,1.449135021,0.96426019,1.489774381,,2003,"14,322","7,267","3,814","3,241",,"1,183",,"8,263","21,348",,-3.737476434,-2.099535228,-1.058075755,-9.983574877,,7.321720196,,-0.108800774,-0.891364903,,2004,15510.58333,31520,125818.1667,33091.5,,61.675,115.6633333,x,,82.54166667,103.6,,0.396457237,0.063227346,1.286561477,7.083569291,,3.375,1.713347697,x,,-8.371877891,1.793171211
2005,"7,224,787",,"5,750,955",2314469,3436486,,1473833,723521,493730,256582,,-2.993670033,,-4.771244698,-6.583141311,-3.510800433,,4.627041133,1.071875594,7.767426835,9.340628902,,2004,"7,157,891",974235,"6,183,656",,"40,988,196","3,110,353","37,877,842",,5.87656421,6.443989441,5.787717541,,4.778326952,3.269451881,4.904187358,,2004,"15,726","7,986","3,965","3,775",,"1,250",,"8,532","21,955",,9.804855034,9.899426438,3.935387209,16.50124808,,5.664045989,,3.255476219,2.843357692,,2005,15807,32839,128814.4167,33251.75,,63.925,116.3025,x,,80.04166667,106.6333333,,1.911060727,4.18464467,2.381412859,0.48426333,,2.25,0.552609585,x,,-3.028773347,2.927927928
2006,"6,845,952",,5379803,1944562,3435241,,1466147,716896,492747,256504,,-5.243545588,,-6.453745508,-15.98237004,-0.036228869,,-0.521497347,-0.915661052,-0.199096672,-0.030399638,,2005,"7,356,144",900389,"6,455,755",,"42,385,717","3,077,773","39,307,944",,2.769712475,-7.579896021,4.400293289,,3.409569428,-1.047469532,3.77556356,,2005,"16,419","8,348","4,106","3,965",,1318.3,,"8,539","21,791",,4.407877291,4.534073074,3.579065044,5.011812303,,5.472437795,,0.082044069,-0.746982464,,2006,16398.66667,34568.16667,135087,35518.91667,,67.13333333,121.9841667,x,,77.49166667,109.3416667,,3.743067417,5.26558868,4.869473073,6.818187514,,3.208333333,4.885248956,x,,-3.185840708,2.539856205
2007,"6,576,825",,"5,061,985","1,764,699","3,297,286",,"1,514,841",699257,519040,296545,,-3.931184443,,-5.907614089,-9.249537942,-4.015875451,,3.321222224,-2.460468464,5.336004075,15.61028288,,2006,"7,830,473",727780,"7,102,693",,"44,564,950","2,893,940","41,671,009",,6.448065726,-19.17049187,10.0211052,,5.141432431,-5.972922629,6.011672857,,2006,"16,922","8,709",4252.49,3960.491,,1390.1,,"8,530","21,689",,3.065678049,4.32793628,3.557113008,-0.101424841,,5.446408253,,-0.105398759,-0.468083154,,2007,16703.33333,35101.5,141144.8333,36502.83333,,66.625,128.0233333,x,,81.11666667,112.1666667,,1.857874624,1.542845296,4.484394008,2.770120147,,-0.508333333,4.950779131,x,,4.677922357,2.583644539
2008,"5,988,721",,"4,475,512","1,431,662","3,043,850",,"1,513,210",672995,514060,326153,,-8.94206551,,-11.58583046,-18.87217027,-7.686200105,,-0.107668065,-3.755700694,-0.959463625,9.984319412,,2007,"8,067,512",786371,"7,281,141",,"45,881,984","2,837,392","43,044,593",,3.027135142,8.050647174,2.51239917,,2.955313537,-1.95401425,3.296258077,,2007,"17,495","9,017","4,361","4,117",,"1,482",,"8,559","21,690",,3.385192141,3.528560742,2.555843753,3.959736305,,6.582260269,,0.339976553,0.004610632,,2008,16491.5,35678.16667,149189.0833,35615.33333,,64.7,133.2508333,x,,83.525,115.075,,-1.268209938,1.642854769,5.699287611,-2.431318117,,-1.925,4.083240034,x,,2.968974728,2.592867756
2009,"5,607,705",,"4,294,860","1,466,674","2,828,186",,"1,312,846",575125,470504,267215,,-6.362226592,,-4.036454377,2.445549299,-7.085237446,,-13.24099101,-14.54245574,-8.472940902,-18.07066009,,2008,"8,170,991",833057,"7,337,934",,"48,068,543","2,887,984","45,180,559",,1.282663106,5.936892383,0.780001376,,4.765615628,1.783045839,4.962216741,,2008,"17,852","9,345","4,335","4,172",,"1,538",,"8,227","20,992",,2.042745732,3.640026192,-0.590070066,1.334340138,,3.833693305,,-3.878957822,-3.218072845,,2009,17405.16667,33730.16667,151233.9167,37767.25,,58.81666667,128.2116667,x,,80.58333333,118.1666667,,5.540227794,-5.459921801,1.370632011,6.042107332,,-5.883333333,-3.781714936,x,,-3.521899631,2.686653632
2010,"6,190,813",,"4,757,883","1,845,207","2,912,674",,"1,432,921",628534,518289,286076,,10.39833586,,10.78086364,25.80893914,2.98735656,,9.146160326,9.286502934,10.15613045,7.058361245,,2009,"8,252,827",825922,"7,426,905",,"48,389,866","2,887,723","45,502,146",,1.001543142,-0.85648401,1.212480243,,0.668468358,-0.009037446,0.711781809,,2009,"16,179","8,677","3,849","3,653",,"1,533",,"8,296","20,953",,-9.372041724,-7.14198041,-11.22923309,-12.43713531,,-0.357514301,,0.838701835,-0.185785061,,2010,17095.08333,33853.08333,151328.3333,36216,,60.24166667,136.7733333,"1,494,182",,84.69166667,123.2416667,,-1.781559116,0.364411679,0.062430881,-4.107394634,,1.425,6.677759434,x,,5.098241986,4.294781382
2011,5965893,,4580406,1762819,2817579,,1385479,625574,466778,293101,,-3.633125407,,-3.730167387,-4.464973307,-3.264869326,,-3.310859426,-0.470937133,-9.938663564,2.455641158,,2010,"8,296,211",766610,"7,529,601",,"49,964,747","2,795,186","47,169,559",,0.525686531,-7.181307678,1.382756343,,3.254567806,-3.204497107,3.664471122,,2010,"16,779","8,781","4,134","3,863",,"1,514",,"8,165","20,960",,3.705161898,1.199178091,7.413905191,5.750153421,,-1.213386392,,-1.579074253,0.033408104,,2011,16957.58333,33436.08333,152551.75,36857.58333,,59.775,128.5558333,"1,438,551",,81.51666667,129.5,,-0.80432483,-1.231793264,0.808451821,1.771546646,,-0.466666667,-6.008115617,-3.723173613,,-3.748893043,5.078098587
2012,5964000,,4552289,1708241,2844043,,1411704,644679,455194,311810,,-0.031730371,,-0.613853881,-3.096063748,0.939246069,,1.892847167,3.053995211,-2.481693653,6.383123906,,2011,8112538,749632,7362906,,51446022,2689529,48756493,,-2.213938387,-2.214685433,-2.213862328,,2.964640249,-3.779963122,3.364318076,,2011,17032.79,8875.301,4165.119,3992.36,,1499.792,,7891,20250,,1.513815955,1.069121305,0.75426869,3.337484234,,-0.958066433,,-3.355786895,-3.38740458,,2012,15811.41667,34009.5,156413.0833,36592.25,,59.45833333,129.3716667,"1,457,959",,83.525,132.225,,-6.759021283,1.714963625,2.531162922,-0.719888038,,-0.316666667,0.634614013,1.349134638,,2.463708853,2.104247104
2013,6134563,,4647427,1792204,2855220,,1487130,701342,458289,327474,,2.859875922,,2.089893678,4.915172976,0.392996871,,5.342904745,8.789335468,0.679929876,5.023572047,,2012,"8,271,053",678720,"7,592,333",,"54,034,113",2667944,"51,366,171",,1.953950786,-9.459574831,3.115984368,,5.030692169,-0.802556879,5.352472747,,2012,"17,597","9,171",4284.078,4142.022,,1506.212,,7735,"19,861",,3.311847325,3.329464544,2.856076861,3.748710036,,0.428059358,,-1.97693575,-1.920987654,,2013,15838.75,35430.75,164635.25,37292.83333,,60.92166667,132.2716667,"1,536,717",,85.95833333,128.8416667,,0.172870869,4.178979403,5.256700074,1.91456752,,1.463333333,2.241603648,5.401935171,,2.913299411,-2.558769774
2014,6396703,,4775763,1797160,2978600,,1620932,795606,470651,354648,,4.273165016,,2.761441976,0.27653102,4.321208173,,8.997330428,13.44051832,2.697424551,8.298063358,,2013,"8,745,083",648232,"8,096,851",,"56,404,830",2641037,"53,763,796",,5.731192872,-4.491984913,6.645098417,,4.38744502,-1.008529414,4.667712141,,2013,"17,972","9,442",4304.641,4225.003,,1556.96,,7709.3,"19,845",,2.131115214,2.959806891,0.479986592,2.003393512,,3.369246826,,-0.332255979,-0.08125472,,2014,16198.58333,36322.58333,170277,38093.08333,,63.76666667,138.765,"1,680,621",,89.53333333,129.325,,2.271854366,2.517116723,3.426817768,2.145854655,,2.845,4.909088618,9.364378737,,4.15899176,0.375137443
2015,6928413,,5234683,1971058,3263619,,1693724,831824,487356,374521,,8.312250858,,9.609354568,9.676266999,9.568891426,,4.490749766,4.552253251,3.549339107,5.603584399,,2014,"9,454,625",678358,"8,776,267",,"59,399,353",2664119,"56,735,235",,8.113610814,4.647410186,8.391114027,,5.308983291,0.873974882,5.526840032,,2014,"19,358","10,088",4714.172,4555.82,,1650.904,,7617.4,"19,647",,7.713819908,6.841269322,9.513708576,7.829982606,,6.033809475,,-1.192066725,-0.995154312,,2015,16099.33333,36077.75,177920.9167,39494.08333,,65.95,150.0941667,"1,946,920",,97.46666667,132.2833333,,-0.612707901,-0.674052644,4.489106965,3.677833027,,2.183333333,8.16428254,15.84527386,,8.860759494,2.287518526
2016,7673485,,5732758,2111623,3621130,,1940717,939322,549799,451573,,10.75386239,,9.514902813,7.131449201,10.95443433,,14.5828364,12.92316644,12.81260516,20.57347919,,2015,"10,191,532",690213,"9,501,319",,"62,815,740",2629339,"60,186,404",,7.794143078,1.747602298,8.261507997,,5.751555913,-1.305497239,6.082937702,,2015,"20,316","10,345",5092.376,4878.291,,1710.825,,7960.1,"20,443",,4.947459012,2.548510102,8.022702608,7.078220825,,3.629587184,,4.498910389,4.048474669,,2016,16424.66667,37685.33333,185038,44215.41667,,68.14166667,159.5683333,"2,229,383",,101.9583333,135.7166667,,2.02078761,4.455885784,4.000138638,11.95453327,,2.191666667,6.312148485,14.50818288,,4.608413133,2.595439083
2017,7951030,,5850769,2227725,3623038,,2100254,1014174,577233,508819,,3.61693546,,2.058537967,5.498235244,0.052690735,,8.220518499,7.968726379,4.989823554,12.67702011,,2016,"11,122,734",738134,"10,384,600",,"66,862,572",2749756,"64,112,814",,9.137016888,6.942929212,9.296404005,,6.4423853,4.579744187,6.523749118,,2016,"22,285","11,134",5464.779,5685.519,,1856.421,,8334.4,"21,196",,9.689623331,7.625592938,7.312951754,16.54735234,,8.510280128,,4.702202234,3.686541086,,2017,16852.58333,39157,192960.1667,46628.5,,70.01666667,169.6591667,"2,469,942",,106.2333333,139.15,,2.605329383,3.905144353,4.281372835,5.457560994,,1.875,6.323832005,10.79039806,,4.192889252,2.529780179
2018,8308020,,6092370,2212762,3879604,,2215642,1072048,616468,526778,,4.489858547,,4.129388803,-0.671671773,7.081515568,,5.494002154,5.706515844,6.797081941,3.52954587,,2017,"11,882,228",744061,"11,138,167",,"70,386,044",2761416,"67,624,628",,6.828303185,0.802970734,7.256581862,,5.269722499,0.424037624,5.477553988,,2017,"24,166","11,736",5995.002,6434.865,,1934.871,,8637.9,"21,855",,8.44367161,5.40727765,9.702551558,13.17990495,,4.225873334,,3.641533884,3.107042668,,2018,15782.5,41074.41667,197074.4167,48385.5,,70.675,185.0791667,"2,815,826",,106.9416667,143.8333333,,-6.349669437,4.896740472,2.132175812,3.768081753,,0.658333333,9.088810409,14.00373681,,0.666771258,3.365672536
2019,8608657,,6317872,2180538,4137327,,2290779,1101942,639595,549030,,3.618635969,,3.701383862,-1.456279528,6.64302336,,3.391206702,2.788494545,3.751532926,4.224170334,,2018,"12,539,259",703246,"11,771,628",,"73,756,913",2780646,"70,976,271",,5.529526954,-5.48543735,5.687300253,,4.789115581,0.696381856,4.956246118,,2018,"25,937","12,447",6332.091,7158.094,,2048.627,,8864.695,"22,252",,7.327486859,6.053753945,5.622833821,11.23922569,,5.879254999,,2.625580292,1.814865499,,2019,16027.41667,40387.33333,197036.75,50504.75,,70.75,189.3683333,"3,233,867",,104.4333333,148.425,,1.551824278,-1.67277685,-0.019112915,4.379927871,,0.075,2.317476755,14.84612943,,-2.345515468,3.19235226
2020,1332154,,1018262,479315,538939,,313886,160017,60803,93021,,-84.52541436,,-83.8828327,-78.01849819,-86.97373932,,-86.2978489,-85.47863681,-90.49351543,-83.05720999,,2019,"13,147,229",751517,"12,395,712",,"77,025,710",2694263,"74,331,443",,4.848532118,6.864027666,5.301594648,,4.431851696,-3.106580269,4.727174241,,2019,"26,380","12,681",6411.692,7286.866,,1924.385,,8980.054,"22,325",,1.707837097,1.884622149,1.257104486,1.798970508,,-6.0646472,,1.301330728,0.330833938,,2020,14434.33333,26732,143782.6667,33962.33333,,39.36666667,138.2225,"1,484,969",,83.39166667,152.4,,-9.939738677,-33.81093082,-27.02748768,-32.75417989,,-31.38333333,-27.00865157,-54.08071629,,-20.14842004,2.678120263
2021,1007039,,797070,330878,466185,,209964,96349,71663,41909,,-24.40521141,,-21.72250364,-30.96856973,-13.49948695,,-33.10819852,-39.7882725,17.86096081,-54.94673246,,2020,"9,915,932",532614,"9,383,318",,"55,607,060",1432562,"54,174,498",,-24.57777985,-29.12815013,-24.30190376,,-27.80714387,-46.82916998,-27.11765598,,2020,"7,300","4,241",1353.674,1705.262,,574.874,,6845.831,"13,972",,-72.32628983,-66.55432288,-78.88741381,-76.59814247,,-70.1268717,,-23.7662602,-37.41499036,,2021,13421.33333,28130.25,156955.6667,37458.25,,49.43312492,153.2805963,"2,124,849",,88.29166667,155.9083333,,-7.017989516,5.230622475,9.161744114,10.29351144,,10.06645826,10.89409923,43.09046919,,5.875886879,2.302055993
2022,5182730,,4124395,1775920,2348466,,1058332,334653,404512,319114,,414.650376,,417.4445155,436.7295499,403.7626693,,404.0540283,247.3341706,464.4642284,661.4450357,,2021,"11,997,880",539663,"11,458,217",,"65,687,407",1573563,"64,113,847",,20.99598908,1.323472534,22.11263649,,18.12781866,9.842575749,18.34691482,,2021,"7,087","5,161",931.233,994.627,,673.748,,8074.444,"16,712",,-2.927022311,21.67684306,-31.20699666,-41.67306842,,17.19924714,,17.94687891,19.60921448,,2022,15729.58333,34195.66667,181974.8333,45853.5,,67.47646288,207.7225995,"3,833,024",,112.4916667,164.4833333,,17.19836579,21.56190104,15.94027613,22.41228568,,18.04333795,35.51787016,80.39045262,,27.40915526,5.500026725
2023,7795122,,6116546,2781355,3335186,,1678568,668165,479667,530703,,50.40571282,,48.30165394,56.6148813,42.0155114,,58.60505021,99.65904982,18.57917688,66.30514487,,2022,"14,599,420",662001,"13,937,419",,"82,902,859",2359871,"80,542,985",,21.68333072,22.66933253,21.63689167,,26.20814672,49.96990905,25.62494495,,2022,"19,013","10,598",4365.871,4048.86,,1490.039,,9264.66,"21,087",,168.2966526,105.3658176,368.8269209,307.0732043,,121.1567233,,14.74053198,26.17609256,,2023,17434.25,36936.33333,187894.4167,50639.5,,68.61925214,228.8181619,"4,615,121",,127.675,174.3166667,,10.83732881,8.014660727,3.25296813,10.43758928,,1.14278926,10.15564145,20.40417463,,13.4972961,5.978315939
2024,8435975,,6644827,3056360,3588461,,1791141,768412,512988,509701,,8.221205518,,8.636916979,9.887446946,7.594029239,,6.706490294,15.00333002,6.946694269,-3.957392364,,2023,"16,110,545",672731,"15,437,814",,"92,826,954",2512407,"90,314,548",,10.35058242,1.620843473,10.76522848,,11.97075121,6.463743145,12.13210933,,2023,"24,937","12,813",6047.572,6076.755,,1742.35,,9529.39,"22,477",,31.15824627,20.89520116,38.51925538,50.08557964,,16.93318094,,2.857417326,6.591742662,,2024,17212.5,36899.83333,185386.3333,51187,,68.12091986,243.5608333,"4,751,653",,127.4666667,180.2833333,,-1.271921648,-0.098818688,-1.334836542,1.081171813,,-0.498332275,6.442963837,2.958365142,,-0.163174727,3.422889378
2025,8359824,,6490475,3102578,3387892,,1869342,831566,532512,505215,,-0.902693524,,-2.32288967,1.512190972,-5.589276294,,4.365987937,8.218768057,3.805936981,-0.880123837,,2024,"16,616,243",652217,"15,964,026",,"95,973,588",2447322,"93,526,263",,3.138925468,-3.049361483,3.408591398,,3.389784825,-2.59054365,3.556143579,,2024,"26,206","12,858",6631.214,6716.968,,1872.033,,9736.04,"22,815",,5.086881969,0.348678295,9.650848307,10.53544202,,7.442993658,,2.168554336,1.506338947,,2025,17106,37210.75,185025.25,52710.41667,,70.9,246.955,"4,978,795",,122.7333333,184.375,,-0.618736383,0.842596398,-0.194773437,2.976178847,,2.779080137,1.39356013,4.780261442,,-3.713389121,2.269575668
,Monthly data,,,,,,,,,,,Month-over-month percent changes,,,,,,,,,,,2025,17378551,654162,16724389,,100187883,2415332,97772548,,4.587727803,0.298213631,4.76297771,,4.391098726,-1.307143073,4.540205995,,2025,26913.57,13347.983,6161.517,7404.046,,1986.057,,9914.242,"23,175",,2.700775133,3.813687947,-7.083122336,10.22899022,,6.090918269,,1.830333483,1.577795138,,,Monthly data,,,,,,,,,,,,Month-over-month percent changes,,,,,,,,,,
Jan '00,665951,,554667,267314,287353,,111285,61613,37795,18807,,-0.174183384,,-0.233288486,NA,NA,,0.122358276,4.322722655,-0.586564259,33.6578779,,,Monthly data,,,,,,,,Month-over-month percent changes,,,,,,,,,Monthly data,,,,,,,,,,Month-over-month percent changes,,,,,,,,,,Jan '00,14392,27623.30059,114705.083,26156.65495,,x,x,x,,107.9077581,92.9,,-4.296533797,1.172961831,2.461110313,0.589537528,,x,x,x,,-0.581840067,0.044814808
Feb,691852,,572604,278682,293922,,119248,63409,39258,18158,,3.889325191,,3.233832191,4.252676627,2.286038427,,7.15550164,2.914969244,3.870882392,-3.450842771,,Jan '00,492174,63583.49152,429597.5882,,2889977,230123,2659854,,1.101451895,-0.558386181,0.915476661,,0.298398788,-0.970827829,0.409739524,,Jan '00,1270.083393,675.0896287,327.6268695,272.6659571,,91.41978736,,639.4335022,1730.502697,,-0.417032698,2.285095157,-0.366332892,-1.666987925,,0.107193596,,-3.848628618,-3.292612199,,Feb,14681,28043.38172,113582.3916,26609.02603,,x,x,x,,109.9470283,92.9,,2.008060033,1.520749258,-0.978763412,1.729468367,,x,x,x,,1.889827227,0
Mar,712180,,588057,281438,306619,,124123,65043,40752,18406,,2.938200656,,2.698723725,0.9889408,4.319853567,,4.088118878,2.576921257,3.805593764,1.365789184,,Feb,491310,63939.57747,426377.4702,,2890486,229892,2660594,,-0.175547672,0.560028932,-0.749566134,,0.017612597,-0.100381101,0.027821076,,Feb,1347.104835,681.4917794,348.3706816,302.0531485,,94.62095299,,660.0956186,1761.144047,,6.064282295,0.948340844,6.331535646,10.77772661,,3.501611328,,3.231315906,1.770661772,,Mar,14782,28010.51201,114368.0924,26307.21271,,x,x,x,,109.759465,93.1,,0.687964035,-0.117210242,0.691745245,-1.134251662,,x,x,x,,-0.170594265,0.215285253
Apr,723308,,594474,285933,308541,,128834,65267,42474,19657,,1.562526328,,1.091220749,1.597154613,0.626836563,,3.795428728,0.344387559,4.225559482,6.796696729,,Mar,500231,64709.1645,438416.0867,,2947948,234182,2713766,,1.815757872,1.203616078,2.823464497,,1.987970189,1.866093644,1.998501087,,Mar,1330.856912,680.8905129,346.3766567,294.4644418,,93.5210845,,662.5729888,1775.474002,,-1.206136509,-0.088227997,-0.572385966,-2.512374643,,-1.162394222,,0.375304737,0.813673109,,Apr,15354,27742.19941,115779.1513,26086.60448,,x,x,x,,111.9243398,93.2,,3.8695711,-0.957899673,1.233787264,-0.838584575,,x,x,x,,1.972380986,0.107411386
May,725032,,598617,291334,307283,,126415,64282,42242,17553,,0.238349362,,0.69691862,1.888904044,-0.407725391,,-1.877609948,-1.509185346,-0.546216509,-10.70356616,,Apr,497806,63409.67449,433411.4673,,2926183,230694,2695491,,-0.484776033,-2.008200879,-1.141522762,,-0.738310174,-1.489439837,-0.673418416,,Apr,1357.315918,707.9266376,350.6306925,310.4498296,,96.18590961,,663.5687241,1819.094084,,1.988117978,3.970700759,1.228153135,5.428630928,,2.849437774,,0.150283121,2.456813334,,May,14803,27399.4526,117508.0983,25869.04493,,x,x,x,,112.4526834,93.6,,-3.588641396,-1.235470909,1.493314634,-0.833989529,,x,x,x,,0.472054276,0.429184549
Jun,706074,,576278,282891,293387,,129796,65826,41961,18131,,-2.614781141,,-3.731768393,-2.898048288,-4.522215677,,2.674524384,2.401916555,-0.665214715,3.292884407,,May,504857,64145.77914,438387.6034,,2968493,237908,2730585,,1.41641523,1.160871202,1.148132084,,1.445910936,3.127086097,1.301952038,,May,1332.291634,686.2586433,341.7111953,307.8801492,,95.17876346,,653.4344848,1762.188945,,-1.843659468,-3.060768325,-2.543843808,-0.827728083,,-1.047082832,,-1.527232824,-3.12821308,,Jun,13970,27839.71204,116704.2438,25590.74326,,x,x,x,,111.7465549,93.9,,-5.627237722,1.606818384,-0.684084346,-1.075809602,,x,x,x,,-0.627933926,0.320512821
Jul,707791,,580184,287083,293101,,127607,63420,41333,17535,,0.243175644,,0.677797868,1.48184283,-0.097482165,,-1.68649265,-3.655090694,-1.496627821,-3.28718769,,Jun,505627,65624.98026,438568.8652,,2989671,239388,2750282,,0.152518436,2.305999146,0.041347385,,0.713425971,0.622089211,0.721347257,,Jun,1351.168124,695.1010912,340.2891291,310.7609325,,94.27408648,,647.1377971,1750.331724,,1.416843698,1.288500769,-0.41616027,0.935683372,,-0.95050298,,-0.963629536,-0.672868902,,Jul,14336,27944.19308,117616.1696,25562.12889,,x,x,x,,113.2597937,94.1,,2.619899785,0.375294972,0.781398982,-0.111815315,,x,x,x,,1.354170497,0.212992545
Aug,693959,,576668,283706,292962,,117291,54434,40828,16407,,-1.954249206,,-0.606014644,-1.176314864,-0.047423926,,-8.084196008,-14.16903185,-1.221784047,-6.432848589,,Jul,517714,66879.93889,448649.1599,,3038342,239557,2798785,,2.390497343,1.912318485,2.298451976,,1.627971773,0.070596688,1.763564609,,Jul,1336.732344,701.6715779,333.2426763,305.5906936,,92.63492832,,660.3465994,1788.930682,,-1.068392613,0.945256279,-2.070725219,-1.663735155,,-1.738715506,,2.041111242,2.20523673,,Aug,14461,27956.88101,117473.843,25391.6195,,x,x,x,,112.9423462,94,,0.871930804,0.04540452,-0.121009362,-0.667039058,,x,x,x,,-0.280282648,-0.106269926
Sep,714072,,588160,282757,305403,,125913,63462,43566,17260,,2.898298026,,1.992827762,-0.334501209,4.246625842,,7.350947643,16.58522247,6.706182032,5.199000427,,Aug,508309,68127.51251,438540.1244,,3009830,240675,2769156,,-1.816640075,1.865392876,-2.253216198,,-0.938406539,0.466694774,-1.058637945,,Aug,1320.610589,693.8427501,324.9253608,296.4786222,,92.25076883,,658.0236786,1773.486506,,-1.206057089,-1.11573962,-2.495873451,-2.981789583,,-0.414702633,,-0.351772961,-0.863318827,,Sep,14581,28051.14587,118262.5137,25632.0464,,x,x,x,,114.7260313,94,,0.829818132,0.337179447,0.671358528,0.946875005,,x,x,x,,1.57928819,0
Oct,709744,,588899,288566,300333,,120845,62516,44882,17618,,-0.606101346,,0.125646083,2.054414214,-1.660101571,,-4.02500139,-1.490655826,3.020704219,2.074159907,,Sep,517596,68737.12424,451263.564,,3091592,240954,2850638,,1.827038278,0.894809905,2.901317087,,2.716498938,0.115923964,2.942485003,,Sep,1356.799546,711.4525459,340.9430201,308.8624078,,95.28765985,,660.901679,1789.649515,,2.740320068,2.538009616,4.929642688,4.176957346,,3.291995349,,0.437370341,0.911369155,,Oct,14642,28523.29874,119263.9676,27297.38739,,x,x,x,,115.5119599,94.3,,0.418352651,1.68318568,0.846805873,6.497105052,,x,x,x,,0.685048135,0.319148936
Nov,737245,,613411,294281,319130,,123834,65216,41735,19662,,3.874777385,,4.162343628,1.980482801,6.258719488,,2.47341636,4.318894363,-7.01171962,11.60177092,,Oct,520296,67955.50778,452835.082,,3081968,239376,2842592,,0.521642362,-1.137109625,0.348248388,,-0.311295928,-0.654896785,-0.282252605,,Oct,1332.02204,708.1807129,327.4366281,306.3570654,,96.54091587,,662.1388426,1780.802071,,-1.826172906,-0.459880694,-3.961480694,-0.811151601,,1.315234333,,0.187193285,-0.494367405,,Nov,15289,29469.89557,117370.937,28683.14641,,x,x,x,,113.329374,94.4,,4.418795247,3.318679372,-1.58726116,5.076526205,,x,x,x,,-1.889489109,0.106044539
Dec,694517,,573942,283151,290791,,120576,64436,41130,19691,,-5.795631032,,-6.434348259,-3.782099422,-8.880080218,,-2.630941422,-1.196025515,-1.449622619,0.147492625,,Nov,520897,69042.3599,453509.963,,3037257,240341,2796916,,0.115511171,1.599358393,0.149034594,,-1.450728885,0.403131475,-1.606843332,,Nov,1362.820236,686.5246975,345.1696023,322.2497769,,97.61302525,,665.2189202,1803.207102,,2.312138618,-3.057978713,5.415696536,5.187643213,,1.11052332,,0.465170967,1.258142677,,Dec,16260,29458.02737,117389.5087,28291.38506,,x,x,x,,113.6926655,94.9,,6.350971287,-0.040272284,0.015823093,-1.36582418,,x,x,x,,0.320562522,0.529661017
Jan '01,732625,,613221,301188,312033,,119405,63466,40044,18863,,5.48697872,,6.843722885,6.370099346,7.304902834,,-0.971171709,-1.505369669,-2.640408461,-4.204966736,,Dec,517601,67916.8893,450789.0257,,3018212,238962,2779251,,-0.632754652,-1.630116066,-0.599972981,,-0.627046048,-0.573768104,-0.631588507,,Dec,1334.734428,677.5474225,347.5804879,314.4369753,,99.67211746,,654.1271647,1745.188624,,-2.060859329,-1.307640506,0.698464065,-2.424455239,,2.109444103,,-1.667384257,-3.217516059,,Jan '01,15259,31257.67032,116268.1625,29680.20811,,60.79189746,117.6244545,x,,114.2971122,95.2,,-6.156211562,6.109176714,-0.955235399,4.908996322,,x,x,x,,0.531649701,0.316122234
Feb,738680,,616302,298497,317805,,122378,65311,38083,20063,,0.826480123,,0.502428977,-0.893461891,1.849804348,,2.489845484,2.907068352,-4.897113176,6.361660393,,Jan '01,527135,68646.1811,458217.5673,,3094841,246501,2848339,,1.841959347,1.073800368,1.647897603,,2.538887262,3.154894921,2.485849605,,Jan '01,1369.020576,691.9222682,351.8816955,326.4222475,,101.5745632,,687.902175,1843.411694,,2.56876181,2.121599945,1.237470966,3.811661211,,1.908704097,,5.163370696,5.628220848,,Feb,16599,31090.78258,119299.2576,28846.23935,,60.06015429,116.6143881,x,,113.4781169,95.6,,8.781702602,-0.533909713,2.606986289,-2.809848108,,-0.731743162,-0.858721407,x,,-0.716549417,0.420168067
Mar,759707,,625895,306154,319741,,133812,70767,41944,20371,,2.846564141,,1.556542085,2.56518491,0.609178584,,9.343182598,8.35387607,10.13838196,1.535164233,,Feb,526586,69285.70418,456139.5883,,3102833,246816,2856017,,-0.104147894,0.931622215,-0.453491766,,0.258236207,0.127788528,0.269560611,,Feb,1351.118182,699.0067213,355.0645442,303.5874411,,96.1920158,,663.7720416,1768.026335,,-1.307678946,1.023879908,0.904522384,-6.995481044,,-5.29910962,,-3.507785596,-4.089447815,,Mar,16790,31429.86244,117467.6006,28820.22084,,62.57374322,116.9922849,x,,114.4715341,95.6,,1.150671727,1.090612195,-1.535346546,-0.090197203,,2.513588923,0.324056736,x,,0.875426254,0
Apr,761174,,635186,309259,325927,,125988,63263,40483,20439,,0.193100761,,1.48443429,1.01419547,1.93469089,,-5.847009237,-10.60381251,-3.483215716,0.333807864,,Mar,528796,71021.21086,459641.047,,3100561,247985,2852575,,0.419684534,2.504855367,0.767628753,,-0.073223406,0.473632179,-0.12051749,,Mar,1327.301072,680.5129593,337.6433848,307.3964485,,99.29045374,,682.3508939,1820.766526,,-1.762770317,-2.6457202,-4.906476774,1.254665673,,3.221096802,,2.798980848,2.982998038,,Apr,17441,31061.00784,120007.0937,29059.1751,,60.88142641,116.5354299,x,,110.4789639,95.8,,3.877307921,-1.17358008,2.161866825,0.829120135,,-1.69231681,-0.390500129,x,,-3.487827983,0.209205021
May,742837,,623159,298923,324236,,119678,60080,39696,19282,,-2.409041822,,-1.893461128,-3.342182443,-0.518827836,,-5.0084135,-5.03137695,-1.944025887,-5.660746612,,Apr,528087,69886.84767,458616.0051,,3110443,246496,2863947,,-0.13407817,-1.597217467,-0.223009218,,0.318716516,-0.600439543,0.398657353,,Apr,1361.96883,695.4471958,353.3203285,318.0833954,,100.0898986,,674.7397813,1785.015006,,2.611898564,2.194555793,4.643047777,3.47660066,,0.805157831,,-1.115425019,-1.96354222,,May,17163,31624.80568,118626.4542,28778.54288,,59.82378568,116.148925,x,,108.2412319,96.2,,-1.593945301,1.815130554,-1.150464846,-0.965726732,,-1.057640732,-0.331662985,x,,-2.025482475,0.417536534
Jun,716500,,592781,292803,299978,,123718,65480,38259,18770,,-3.545461521,,-4.874839327,-2.047349986,-7.481587486,,3.375724862,8.988015979,-3.620012092,-2.655326211,,May,525197,69755.44179,455309.0094,,3096364,245511,2850853,,-0.547258312,-0.188026619,-0.721081604,,-0.452636489,-0.399600805,-0.457201198,,May,1369.129464,701.2465902,362.305946,307.035164,,99.69984178,,670.280437,1762.931175,,0.525756094,0.833908662,2.543192894,-3.47337572,,-0.38970648,,-0.66089839,-1.237179018,,Jun,16718,31805.45902,119614.9835,29682.1794,,59.79391369,116.578716,x,,107.0962498,96.4,,-2.592786809,0.571239355,0.833312684,3.139966222,,-0.029871985,0.370034369,x,,-1.057805828,0.207900208
Jul,719715,,596068,298696,297372,,123647,64202,39321,18285,,0.448709002,,0.554504952,2.012615991,-0.868730374,,-0.057388577,-1.95174099,2.775817455,-2.583910495,,Jun,529739,68237.94392,459418.8454,,3098851,243459,2855391,,0.864818344,-2.175454472,0.902647637,,0.080320014,-0.835807764,0.159180428,,Jun,1352.176101,688.1795515,360.2401607,310.9316895,,102.1085719,,671.8546205,1759.901682,,-1.238258584,-1.863401397,-0.570177023,1.269081175,,2.415981893,,0.234854466,-0.171844099,,Jul,16651,31406.06974,118231.5114,30489.55377,,60.05352226,117.26884,x,,105.7493333,96.9,,-0.400765642,-1.255725573,-1.156604353,2.720064308,,0.259608568,0.59198115,x,,-1.257669136,0.518672199
Aug,723244,,596351,292785,303566,,126893,64545,39811,19345,,0.490332979,,0.047477805,-1.978935105,2.082912984,,2.625215331,0.534251269,1.246153455,5.797101449,,Jul,535773,69035.78107,466447.6148,,3143972,245369,2898602,,1.139051495,1.169198704,1.529926227,,1.456055809,0.784526347,1.513312888,,Jul,1364.24815,676.9602414,365.9576796,311.524161,,104.2272429,,674.5327872,1762.30412,,0.892786757,-1.630288214,1.58714088,0.190547176,,2.074919842,,0.398622947,0.136509773,,Aug,16624,31399.07965,117663.4247,30898.56354,,60.08238395,116.3473188,x,,105.8294359,97.4,,-0.162152423,-0.022257135,-0.480486684,1.341475094,,0.028861689,-0.785819283,x,,0.07574761,0.515995872
Sep,598398,,490703,221908,268795,,107696,54814,36240,16510,,-17.26194756,,-17.71574123,-24.20786584,-11.4541813,,-15.12849409,-15.07630335,-8.969882696,-14.6549496,,Aug,533516,69727.99464,463742.4014,,3125433,245579,2879853,,-0.421260497,1.002688104,-0.579960833,,-0.589668101,0.085585384,-0.646829058,,Aug,1372.838073,671.7481262,374.9038351,309.6644833,,103.8014479,,674.0993564,1766.384289,,0.62964522,-0.769929291,2.44458746,-0.596961008,,-0.40852566,,-0.064256449,0.2315247,,Sep,16526,31589.62841,117902.4964,30552.36919,,57.01553688,114.743965,x,,104.0862291,97.5,,-0.589509143,0.606860976,0.203182641,-1.120422159,,-3.066847064,-1.37807544,x,,-1.647185238,0.102669405
Oct,564821,,464724,191468,273256,,100097,50189,37126,16377,,-5.611148433,,-5.294241119,-13.7173964,1.659629085,,-7.055972367,-8.437625424,2.444812362,-0.80557238,,Sep,520875,68514.56604,454175.5246,,3069397,243861,2825535,,-2.369375989,-1.740231606,-2.06297218,,-1.792903575,-0.699571217,-1.886137938,,Sep,1108.903136,552.7155449,269.403909,287.969497,,81.70180783,,666.9707364,1735.283087,,-19.22549658,-17.71982334,-28.14052998,-7.00596531,,-21.29030039,,-1.05750287,-1.760726816,,Oct,16347,31001.16372,116572.7246,29706.04451,,55.78498993,115.0295901,x,,101.2336985,98,,-1.083141716,-1.862841436,-1.127857234,-2.770078704,,-1.230546952,0.248923829,x,,-2.740545628,0.512820513
Nov,606179,,506411,214910,291501,,99769,47300,37320,15446,,7.322319815,,8.970270526,12.24329914,6.676889071,,-0.327682148,-5.756241407,0.522544847,-5.684801856,,Oct,531312,70546.70958,460995.4936,,3105487,250102,2855385,,2.003743701,2.966002214,1.501615263,,1.17580098,2.559244816,1.0564371,,Oct,1129.634892,591.4888302,281.8596562,265.4261994,,89.69419934,,672.6641143,1743.26277,,1.869573221,7.015052438,4.623447086,-7.828363025,,9.782392481,,0.853617359,0.459849057,,Nov,15926,30813.16386,117858.7018,29295.0276,,56.97191894,115.6780051,x,,102.1937555,98.1,,-2.575396097,-0.606428385,1.103154518,-1.383613746,,1.186929014,0.563694087,x,,0.948357129,0.102040816
Dec,648656,,533718,231103,302615,,114938,62354,37925,16244,,7.007336117,,5.392260437,7.534782002,3.812679888,,15.20412152,31.82663848,1.621114684,5.166386119,,Nov,538267,71435.35756,466500.4708,,3166941,254893,2912047,,1.3090237,1.259659003,1.194149889,,1.978884471,1.915618428,1.984390896,,Nov,1169.591024,604.381445,288.7695342,266.6179713,,89.47736436,,681.7092448,1772.20663,,3.537083689,2.17968863,2.451531391,0.449003122,,-0.241749165,,1.344672664,1.660326833,,Dec,15791,31051.30674,119023.589,29254.87571,,57.7667273,113.8780826,x,,101.9443389,98.3,,-0.847670476,0.772860845,0.98837599,-0.137060441,,0.794808352,-1.555976401,x,,-0.244062401,0.203873598
Jan '02,666055,,548936,237453,311483,,117119,65749,37596,14899,,2.682315434,,2.851318487,2.747692587,2.93045619,,1.897544763,5.444718863,-0.867501648,-8.2799803,,Dec,539615,70982.2616,468618.4322,,3194888,254664,2940223,,0.250433335,-0.634274091,0.454010545,,0.882460393,-0.08984162,0.967566801,,Dec,1200.840498,615.009526,299.0983261,293.035302,,90.34259257,,683.1238115,1789.506685,,2.671829158,1.758505518,3.576828822,9.908308354,,0.966979993,,0.20750293,0.976187246,,Jan '02,14559,30145.25109,119885.9843,28966.19871,,58.07439428,116.0397432,x,,102.4859085,99,,-7.801912482,-2.917930843,0.724558337,-0.98676542,,0.307666979,1.898223574,x,,0.531240425,0.712105799
Feb,669530,,553571,236285,317286,,115959,63557,36739,15865,,0.521728686,,0.844360727,-0.491886815,1.863023022,,-0.990445615,-3.33389101,-2.279497819,6.483656621,,Jan '02,538765,69417.74345,470092.2128,,3187431,247585,2939845,,-0.157519713,-2.204097342,0.314494811,,-0.233404113,-2.779741149,-0.012856168,,Jan '02,1213.82938,613.715046,308.4440017,289.6453372,,89.40616185,,678.1004001,1772.849518,,1.081649253,-0.210481292,3.124616485,-1.156845185,,-1.036532931,,-0.73535885,-0.930824524,,Feb,13979,29871.99384,121091.014,29334.84423,,59.83018221,118.0947004,x,,102.8994282,99.2,,-3.983790095,-0.906468626,1.005146471,1.272674845,,1.755787933,1.770908046,x,,0.403489334,0.202020202
Mar,660026,,542691,232591,310100,,117335,64766,35153,17830,,-1.419503234,,-1.965420876,-1.563366274,-2.26483362,,1.186626308,1.902229495,-4.316938403,12.38575481,,Feb,533895,69998.79023,463276.2436,,3178200,250038,2928163,,-0.903919148,0.837029198,-1.449921737,,-0.289606269,0.990770846,-0.397367888,,Feb,1220.512702,612.2591688,309.8689863,304.8083758,,89.17722917,,679.0309377,1766.636638,,0.55059811,-0.237223654,0.46199134,5.235036317,,-0.256059171,,0.137227123,-0.350445993,,Mar,13550,30424.81147,119997.7923,29267.95945,,58.34284412,121.359601,x,,101.4726484,99.4,,-3.068889048,1.850621805,-0.902809952,-0.228004547,,-1.487338093,2.764646221,x,,-1.38657694,0.201612903
Apr,659537,,544328,235669,308659,,115209,64487,33640,15297,,-0.07408799,,0.301644951,1.32335301,-0.46468881,,-1.811906081,-0.430781583,-4.304042329,-14.20639372,,Mar,530525,71428.62407,461083.5502,,3180055,249675,2930381,,-0.631210257,2.04265507,-0.473301503,,0.058366371,-0.145177933,0.075747149,,Mar,1221.574981,614.1407472,303.8568546,309.3735226,,92.76386293,,662.7419623,1717.062159,,0.087035502,0.307317312,-1.940217299,1.497710416,,4.021916575,,-2.398856159,-2.806150247,,Apr,13693,31146.83516,119111.9714,29610.80017,,59.51877273,117.5477487,x,,100.8881389,99.6,,1.055350554,2.373141038,-0.738197649,1.171385798,,1.175928612,-3.140956566,x,,-0.576026648,0.201207243
May,661774,,549922,234341,315581,,111851,63712,31914,15976,,0.339177332,,1.027689187,-0.5635022,2.242604298,,-2.914702844,-1.201792609,-5.130796671,4.438778846,,Apr,540717,70370.37866,470962.2588,,3208149,246319,2961831,,1.921115876,-1.481542483,2.142498604,,0.88344384,-1.344147392,1.073239282,,Apr,1243.483252,635.3032092,310.6179309,300.8226543,,93.59340948,,685.7340685,1786.79587,,1.793444649,3.445865152,2.225085997,-2.763930242,,0.894256152,,3.469239545,4.061222258,,May,14022,32122.09029,120099.8394,30108.89676,,58.8330567,117.4267246,x,,102.4400104,99.5,,2.402687505,3.13115322,0.829360817,1.682144953,,-0.685716031,-0.102957383,x,,1.538209992,-0.100401606
Jun,666005,,557634,233882,323752,,108371,60354,32460,15444,,0.639342132,,1.402380701,-0.195868414,2.589192632,,-3.111281973,-5.270592667,1.710847904,-3.329994992,,May,536150,72262.62227,466210.1477,,3202896,249519,2953378,,-0.844619274,2.688977437,-1.009021638,,-0.163739278,1.299128366,-0.285397783,,May,1239.019815,624.9356427,315.6951067,298.6072955,,94.42818064,,694.3116784,1787.979719,,-0.358946345,-1.631908406,1.634540474,-0.736433484,,0.891912327,,1.250865351,0.066255423,,Jun,14560,32226.23096,120540.1511,30830.72811,,60.19927871,120.7070038,x,,101.4463625,99.9,,3.836827842,0.324202637,0.366621362,2.397402203,,1.366222009,2.79346909,x,,-0.969980227,0.40201005
Jul,658384,,547772,226906,320866,,110613,62802,31198,16261,,-1.144285704,,-1.768543525,-2.982700678,-0.891423065,,2.068819149,4.056069192,-3.887861984,5.29008029,,Jun,542245,70072.08608,470628.0684,,3224404,243927,2980478,,1.136808729,-3.031354414,0.947624298,,0.671517277,-2.241111899,0.917593346,,Jun,1244.604829,618.8218479,338.3570657,297.3346538,,94.38594595,,695.03785,1802.707339,,0.450760705,-0.978307909,7.178432147,-0.426192432,,-0.04472679,,0.104588713,0.823701705,,Jul,14778,32911.23501,119933.5923,31193.82792,,60.21885599,118.5354384,x,,100.9231385,100.2,,1.497252747,2.125610206,-0.503200667,1.177720512,,0.01957728,-1.799038505,x,,-0.515764236,0.3003003
Aug,656492,,543987,229042,314945,,112505,63055,31601,16990,,-0.287370288,,-0.690980919,0.941358977,-1.845318607,,1.710468028,0.402853412,1.291749471,4.483119119,,Jul,541937,70805.06971,471318.5064,,3238524,248753,2989771,,-0.056800893,1.046042267,0.146705654,,0.437910386,1.978460769,0.311795625,,Jul,1256.509649,611.2535589,342.297383,290.2235501,,90.30587542,,694.3880419,1811.808846,,0.956514011,-1.223015811,1.164544119,-2.391616199,,-4.32275217,,-0.093492475,0.50487995,,Aug,14360,32722.05599,120002.9248,30187.51432,,60.52444349,118.4564873,x,,99.72298934,100.5,,-2.828528894,-0.574815941,0.057809119,-3.226002277,,0.305587499,-0.066605416,x,,-1.189171445,0.299401198
Sep,647678,,538290,231563,306727,,109388,62798,31833,15684,,-1.342590618,,-1.047267674,1.100671493,-2.609344489,,-2.770543531,-0.407580684,0.734153982,-7.686874632,,Aug,543176,71914.90844,470818.7638,,3213960,250325,2963636,,0.22862436,1.56745658,-0.106030745,,-0.758493684,0.631952177,-0.874147217,,Aug,1261.502238,623.3577912,333.9391967,291.5584702,,93.89048433,,694.7408805,1823.53415,,0.397337883,1.980230986,-2.441790912,0.459962723,,3.969408295,,0.050812887,0.64716006,,Sep,15111,31900.77416,118870.4595,30771.32661,,59.62980421,117.7092497,x,,97.74377463,100.6,,5.229805014,-2.509872312,-0.94369813,1.933952841,,-0.894639275,-0.630811952,x,,-1.984712574,0.099502488
Oct,683199,,559880,230190,329690,,123318,71766,35521,18275,,5.484361056,,4.010849171,-0.592927195,7.486461903,,12.73448642,14.28070958,11.58546163,16.5200204,,Sep,541757,72533.52316,469750.9494,,3224894,253183,2971711,,-0.261241292,0.860203732,-0.226799474,,0.340203363,1.141715769,0.272469359,,Sep,1247.220989,615.8746029,328.6782984,296.2912239,,91.98572593,,689.2090603,1776.19575,,-1.132082672,-1.200464398,-1.575406021,1.623260581,,-2.02870228,,-0.796242217,-2.595970027,,Oct,15733,32017.55418,119404.2285,30253.35441,,60.4543838,117.1871881,x,,95.73486319,100.5,,4.116206737,0.366072686,0.449034205,-1.683294984,,0.824579591,-0.443517898,x,,-2.055283258,-0.099403579
Nov,675542,,555620,241945,313675,,119922,61438,38241,18148,,-1.12075691,,-0.760877331,5.106651027,-4.857593497,,-2.753855885,-14.3912159,7.657442077,-0.69493844,,Oct,546180,72797.2831,473279.1643,,3237051,247940,2989111,,0.816417693,0.36363866,0.751082035,,0.376973631,-2.07083414,0.58552127,,Oct,1267.734805,630.0390991,328.5203401,312.7131719,,90.25670777,,695.3773892,1817.149113,,1.644761876,2.29989938,-0.048058635,5.542502325,,-1.879659205,,0.894986618,2.305678497,,Nov,16058,32100.08678,120318.8637,29363.03759,,57.73482579,116.2949173,x,,97.46092252,100.7,,2.065721731,0.257772974,0.765999006,-2.942869781,,-2.719558014,-0.761406418,x,,1.802957947,0.199004975
Dec,666596,,553255,238182,315073,,113342,59482,35946,18453,,-1.324269994,,-0.425650625,-1.555312158,0.445684227,,-5.486899818,-3.183697386,-6.001412097,1.680625964,,Nov,544425,71993.26875,470747.8955,,3226505,247763,2978742,,-0.321322641,-1.104456529,-0.534836322,,-0.325790357,-0.071388239,-0.346892437,,Nov,1219.62179,603.3384674,310.2521019,308.929112,,90.49991685,,696.7348671,1828.77239,,-3.795195518,-4.237932491,-5.560763219,-1.210073731,,0.269463723,,0.195214559,0.639643546,,Dec,15671,31876.08106,120742.1787,30218.51172,,58.13915752,119.0711974,x,,96.78181486,101,,-2.4100137,-0.697835247,0.351827642,2.913438794,,0.404331733,2.387275509,x,,-0.696799943,0.297914598
Jan '03,688483,,572412,242889,329523,,116071,59254,36123,19968,,3.28339804,,3.462598621,1.976219865,4.586238745,,2.407757054,-0.383309236,0.492405275,8.210047147,,Dec,552850,73291.70207,477566.2391,,3238106,248089,2990018,,1.547504248,1.803548223,1.448406605,,0.359553139,0.131577354,0.378549065,,Dec,1241.937569,619.3178187,324.678734,299.6656327,,91.50649969,,706.5928641,1848.508509,,1.829729451,2.648488727,4.64997078,-2.998577637,,1.112247253,,1.414884976,1.079200376,,Jan '03,15580,32138.73521,120991.5711,30463.34674,,58.42137561,118.138466,x,,96.10569379,101.2,,-0.580690447,0.823985057,0.206549508,0.810215364,,0.282218086,-0.783339185,x,,-0.698603423,0.198019802
Feb,665241,,554020,229989,324031,,111221,56514,36947,17893,,-3.375827726,,-3.213070306,-5.311068019,-1.666651493,,-4.178476967,-4.624160394,2.281095147,-10.3916266,,Jan '03,539332,72527.2034,468125.3146,,3159711,245959,2913753,,-2.44514787,-1.043090345,-1.976882735,,-2.421014013,-0.858562854,-2.550653541,,Jan '03,1240.304185,606.387011,321.8449084,304.2968264,,92.26414586,,705.8960955,1850.24618,,-0.131519001,-2.087911448,-0.872809098,1.545453737,,0.82796979,,-0.098609627,0.094003983,,Feb,15665,31737.72805,121040.1252,30405.28401,,59.25028362,118.2590147,x,,95.10495631,101.3,,0.545571245,-1.247737823,0.040130141,-0.190598653,,0.828908017,0.102040172,x,,-1.04128844,0.098814229
Mar,604368,,496785,206674,290111,,107583,55717,35507,16584,,-9.150518384,,-10.33085448,-10.13744136,-10.46813422,,-3.270965016,-1.410270022,-3.897474761,-7.315710054,,Feb,548093,71982.48673,476988.0608,,3184068,244521,2939547,,1.624416871,-0.751051533,1.893242253,,0.770861639,-0.584650287,0.885250054,,Feb,1209.244534,602.9514053,317.8871733,294.4694693,,94.93727663,,705.4324996,1836.085654,,-2.50419631,-0.566569815,-1.229702568,-3.229529942,,2.897258459,,-0.065674801,-0.76533201,,Mar,15983,31066.03115,125087.8537,30667.64332,,56.88959381,114.1839041,x,,93.3613946,101.2,,2.030003192,-2.116398833,3.344121199,0.862874065,,-2.360689817,-3.445919674,x,,-1.833302683,-0.098716683
Apr,577405,,494590,212429,282161,,82816,34222,33525,15640,,-4.461354671,,-0.441841038,2.784578612,-2.740330425,,-23.02129519,-38.57888975,-5.581997916,-5.692233478,,Mar,548219,73027.52589,475880.8907,,3179892,243611,2936281,,0.022988799,1.451796417,-0.232116947,,-0.131152978,-0.372156175,-0.111105555,,Mar,1212.065891,598.2819777,320.4008732,295.4914547,,93.44911596,,688.0385954,1783.537083,,0.233315652,-0.774428502,0.790752221,0.347059873,,-1.56751987,,-2.465707813,-2.861989064,,Apr,15748,31100.75137,124325.549,31651.20553,,56.38137322,113.2392456,x,,92.99589805,101.1,,-1.470312207,0.111762644,-0.609415395,3.207165927,,-0.508220588,-0.827313198,x,,-0.39148574,-0.098814229
May,558365,,483825,209363,274462,,74540,25658,32403,16196,,-3.297512145,,-2.176550274,-1.443305763,-2.728584035,,-9.993238022,-25.02483782,-3.346756152,3.554987212,,Apr,542048,75224.45552,470009.4065,,3156169,251204,2904965,,-1.125645043,3.008358293,-1.233813811,,-0.746031626,3.116854329,-1.066519179,,Apr,1067.53022,568.9228785,281.5753192,225.0409351,,93.4914147,,678.1690416,1762.068991,,-11.92473705,-4.907234428,-12.1178053,-23.84181282,,0.045263925,,-1.43444769,-1.203680757,,May,15805,31175.57183,123285.9985,32313.34656,,56.7426381,113.0662086,x,,90.63421623,101.2,,0.361950724,0.240574469,-0.836151978,2.091993095,,0.361264887,-0.152806532,x,,-2.539554832,0.098911968
Jun,581809,,498432,208975,289457,,83377,33279,32509,17791,,4.198687239,,3.019066811,-0.185324054,5.463415701,,11.85537966,29.70223712,0.327130204,9.848110645,,May,551897,74460.73231,479593.0983,,3278727,248741,3029987,,1.816997757,-1.015259205,2.039042545,,3.883125397,-0.980478018,4.303735157,,May,1076.886211,572.8273418,309.3095576,201.3156771,,95.21765867,,680.87934,1734.557983,,0.876414616,0.68629043,9.849669494,-10.54264106,,1.846419783,,0.39964938,-1.561290026,,Jun,15792,31434.37448,124591.2066,32554.61491,,55.66382886,110.2831303,x,,89.30155702,101.4,,-0.082252452,0.830145616,1.058683136,0.746652307,,-1.078809245,-2.461458969,x,,-1.470370972,0.197628458
Jul,591841,,500850,210292,290558,,90991,41177,32664,17116,,1.724277211,,0.485121341,0.630218926,0.380367378,,9.132014824,23.73268428,0.476791042,-3.794053173,,Jun,564653,76194.27785,488652.2813,,3282997,254766,3028232,,2.311300841,2.328133878,1.888931073,,0.130233472,2.42219819,-0.057921041,,Jun,1120.670976,578.0420958,324.6468236,226.1763628,,95.44727632,,695.8300863,1782.912442,,4.065867321,0.910353532,4.958549025,12.34910569,,0.241150271,,2.195799672,2.787710697,,Jul,15530,31489.29653,125379.2059,30958.55718,,57.40987556,111.3714207,x,,88.31592317,101.9,,-1.659067882,0.174719727,0.632467895,-4.902708075,,1.7460467,0.986814977,x,,-1.10371407,0.493096647
Aug,616792,,512406,217257,295149,,104386,53659,33477,17916,,4.215828238,,2.307277628,3.312061324,1.580063189,,14.72123617,30.31303883,2.488978692,4.67398925,,Jul,566492,76704.07678,490755.9683,,3274556,251131,3023424,,0.325686749,0.669077707,0.430507951,,-0.257112632,-1.426799494,-0.158772511,,Jul,1197.330037,603.7578761,331.8202038,248.1050226,,100.9577514,,695.634203,1785.277271,,6.84046104,4.448772949,2.209595052,9.695380837,,5.773318267,,-0.028151028,0.13263856,,Aug,15205,32066.55946,126224.9458,30499.50008,,60.10267664,112.3507866,x,,88.75131538,102.3,,-2.09272376,1.833203635,0.674545575,-1.482811653,,2.692801085,0.879369074,x,,0.492994004,0.392541708
Sep,603054,,503523,215098,288425,,99531,50119,32560,17540,,-2.227331094,,-1.733586258,-0.993753941,-2.278171364,,-4.65100684,-6.597215751,-2.739194074,-2.098682742,,Aug,569298,78390.64836,491332.7011,,3263358,254329,3009029,,0.495329149,2.198803053,0.11751927,,-0.341970026,1.273438962,-0.476115821,,Aug,1246.027864,624.0770973,341.2961846,272.3939232,,103.1452612,,711.459411,1854.988316,,4.067201651,3.365458565,2.855757644,9.789765781,,2.166757694,,2.274932424,3.904774092,,Sep,15252,31667.61759,124787.2667,30047.33727,,58.42096081,113.1825567,x,,86.23070083,102.3,,0.309108846,-1.244105621,-1.138981777,-1.482525339,,-1.681715831,0.740333186,x,,-2.840086974,0
Oct,611306,,507390,211030,296360,,103916,54679,34304,15867,,1.368368338,,0.767988751,-1.891230974,2.751148479,,4.405662557,9.098345937,5.356265356,-9.538198404,,Sep,575147,77906.53012,493618.8289,,3326079,253060,3073019,,1.027405682,-0.617571424,0.465291201,,1.921977301,-0.498960008,2.126599644,,Sep,1209.316234,613.0456294,318.3218166,275.0247716,,100.6323675,,691.6078751,1757.201778,,-2.946292858,-1.767645041,-6.731504483,0.96582492,,-2.436266749,,-2.790255576,-5.271544674,,Oct,15048,32014.92028,124108.9419,30260.08388,,60.01188982,114.0574838,x,,89.19613482,102.3,,-1.337529504,1.096712391,-0.543584915,0.708038147,,1.590929002,0.773022899,x,,3.438953834,0
Nov,616529,,505763,209278,296485,,110765,54946,34464,19021,,0.854400251,,-0.320660636,-0.830213714,0.042178432,,6.590900343,0.488304468,0.46641791,19.87773366,,Oct,585380,80871.70652,503671.9754,,3353820,255258,3098561,,1.779197318,3.806069147,2.036621363,,0.834045132,0.868568719,0.831169609,,Oct,1230.625715,624.0269359,311.6477873,289.6860913,,104.6393799,,695.5109196,1783.491368,,1.762109903,1.791270664,-2.09662958,5.330908795,,3.981832583,,0.564343549,1.496105383,,Nov,14924,31144.1308,125468.8354,29780.1324,,60.11569464,112.4282998,x,,86.0666414,102.6,,-0.824029771,-2.719948925,1.095725581,-1.586087718,,0.103804829,-1.428388486,x,,-3.508552727,0.293255132
Dec,620077,,507444,207405,300039,,112633,58330,35584,18679,,0.575479823,,0.332369114,-0.894981795,1.198711571,,1.686453302,6.158774069,3.249767874,-1.798012723,,Nov,584396,79383.04594,502396.5487,,3339396,255765,3083630,,-0.168095938,-1.840768106,-0.253225667,,-0.430076748,0.19862257,-0.481868842,,Nov,1241.404929,624.380354,317.1516351,302.5343957,,103.1705257,,692.8977331,1789.397797,,0.875913219,0.056635055,1.766047468,4.435250697,,-1.403729836,,-0.375721839,0.331172273,,Dec,14860,30965.28327,125348.5003,31228.94811,,60.18980931,114.0194831,x,,84.93556839,102.5,,-0.428839453,-0.574257559,-0.095908334,4.865041191,,0.074114661,1.415287156,x,,-1.314182823,-0.097465887
Jan '04,603702,,490490,202586,287904,,113211,57999,34972,19741,,-2.640801062,,-3.341058324,-2.323473397,-4.044474218,,0.513171096,-0.567460998,-1.719874101,5.685529204,,Dec,585646,78583.31057,504318.9253,,3320191,253536,3066655,,0.213896057,-1.007438505,0.382641284,,-0.575104001,-0.871503138,-0.550487575,,Dec,1270.100203,649.8213971,318.5127172,306.0320702,,105.5478262,,621.6441998,1628.235137,,2.311516098,4.074606601,0.429158155,1.156124579,,2.304243871,,-10.28341267,-9.006530601,,Jan '04,15399,30557.54085,124753.9996,31850.18171,,60.26727091,116.7223631,x,,82.96482012,103,,3.627187079,-1.316772773,-0.474278247,1.989287636,,0.077461605,2.370542188,x,,-2.320286191,0.487804878
Feb,639411,,515378,212568,302810,,124034,65762,37286,20625,,5.915004423,,5.074109564,4.927290139,5.177420251,,9.560025086,13.38471353,6.616721949,4.47798997,,Jan '04,580207,78236.62948,499796.0409,,3292362,258367,3033995,,-0.928718031,-0.441163762,-0.896830207,,-0.838174671,1.905449325,-1.065004052,,Jan '04,1255.08282,628.6651277,318.1049152,308.5322442,,103.1065963,,675.5043678,1758.906946,,-1.182377833,-3.25570525,-0.128033209,0.816964698,,-2.312913503,,8.664147113,8.0253648,,Feb,15515,30248.89039,126037.5594,32238.33677,,59.014981,116.9429712,x,,82.34998992,103,,0.753295669,-1.010063167,1.028872681,1.218690225,,-1.252289911,0.189002453,x,,-0.741073383,0
Mar,633329,,520527,213396,307131,,112803,58510,36028,19304,,-0.95118789,,0.999072525,0.389522412,1.426967405,,-9.054775304,-11.02764514,-3.373920506,-6.404848485,,Feb,568650,80157.11585,490522.3215,,3294926,259877,3035050,,-1.991875313,2.454715107,-1.855500772,,0.07787722,0.584439963,0.034772635,,Feb,1294.817662,647.5981211,327.9951009,306.715806,,104.4025333,,715.243478,1839.754374,,3.165913908,3.011618201,3.109095548,-0.588735283,,1.256890511,,5.882879823,4.596458491,,Mar,15338,30674.88648,124698.4063,32774.45218,,61.72714809,115.4111884,x,,82.55884712,103.1,,-1.140831453,1.408303209,-1.062503216,1.662974787,,2.712167087,-1.309854488,x,,0.253621397,0.097087379
Apr,628687,,514532,208798,305734,,114155,59281,36969,18802,,-0.732952383,,-1.151717394,-2.154679563,-0.454854769,,1.198549684,1.317723466,2.611857444,-2.600497306,,Mar,587660,81296.2221,506703.1933,,3376214,254743,3121471,,3.343005364,1.421091865,3.298702459,,2.467066028,-1.975549972,2.847432497,,Mar,1270.798194,647.5042169,322.8325827,303.7028243,,100.4985871,,713.6927654,1833.743382,,-1.855046365,-0.014500388,-1.573961979,-0.982336637,,-3.739321378,,-0.216809051,-0.326727947,,Apr,15517,30759.16479,125002.0364,33282.16534,,61.57910731,117.0636352,x,,83.24548596,103.3,,1.167036119,0.274746922,0.243491514,1.549112592,,-0.148040779,1.431790818,x,,0.831696256,0.193986421
May,617875,,498581,206018,292563,,119294,61393,38375,18899,,-1.719774705,,-3.10009873,-1.331430378,-4.307993223,,4.501773904,3.562692937,3.803186454,0.515902564,,Apr,583735,82241.39378,505880.0103,,3453173,258693,3194481,,-0.667903209,1.162626826,-0.162458619,,2.279446741,1.550582352,2.338961342,,Apr,1287.563778,654.6135599,329.9380422,302.9576537,,105.304525,,718.1258765,1856.745343,,1.3192956,1.097960878,2.200973453,-0.245361761,,4.782094977,,0.621151186,1.254371835,,May,15341,31776.82484,124978.3732,32407.13151,,61.99416058,115.2915706,x,,83.10971203,103.5,,-1.134239866,3.308477519,-0.018930213,-2.629137342,,0.415053268,-1.513761878,x,,-0.16310065,0.193610842
Jun,619874,,500388,209679,290709,,119486,61611,39361,18529,,0.323528222,,0.362428572,1.777029192,-0.633709663,,0.160946904,0.355089342,2.569381107,-1.957775544,,May,585015,80441.87865,506100.9651,,3427182,259554,3167627,,0.219277583,-2.188089302,0.043677305,,-0.752670081,0.332826942,-0.840637337,,May,1299.552518,663.0936287,327.6880259,321.3083894,,102.4841391,,703.974596,1818.948257,,0.931118127,1.295431282,-0.681951168,6.057194945,,-2.678314063,,-1.970584949,-2.035663423,,Jun,15751,31694.52092,124546.3404,31842.78723,,62.10060765,114.6161027,x,,83.06000218,103.5,,2.672576755,-0.259006123,-0.345686025,-1.741420011,,0.106447072,-0.585877896,x,,-0.05981232,0
Jul,617430,,498152,204809,293343,,119278,57020,41801,20329,,-0.394273675,,-0.446853242,-2.322597876,0.9060607,,-0.174078972,-7.451591437,6.199029496,9.714501592,,Jun,590961,79954.11097,510363.0901,,3402534,258927,3143607,,1.016384195,-0.606360375,0.842149163,,-0.719191452,-0.241568229,-0.758296352,,Jun,1310.389541,668.3499806,332.9940041,324.2380528,,103.2597471,,703.8881378,1801.436482,,0.833904149,0.792701304,1.619216407,0.911791772,,0.756807892,,-0.012281439,-0.962741787,,Jul,15494,32354.46369,125508.1282,33062.37341,,62.80141369,115.2078215,x,,82.77362766,103.6,,-1.631642435,2.082198299,0.772232835,3.830023326,,0.700806045,0.516261484,x,,-0.344780299,0.096618357
Aug,612106,,497001,200251,296750,,115106,58669,38443,19229,,-0.862283984,,-0.231053975,-2.225488138,1.161438998,,-3.497711229,2.891967731,-8.033300639,-5.410989227,,Jul,591320,81737.18398,509903.0509,,3428458,261171,3167286,,0.06074851,2.230120488,-0.090139605,,0.761902747,0.866653536,0.75324301,,Jul,1329.85304,675.7176663,333.4769973,315.9138394,,105.7328457,,708.851313,1826.673769,,1.48532162,1.102369411,0.145045613,-2.567315373,,2.395026733,,0.705108513,1.400953482,,Aug,15719,32141.26825,125491.0823,33776.25177,,60.48576685,114.7260874,x,,82.35631333,103.5,,1.452175035,-0.65893672,-0.013581467,2.159186677,,-2.315646846,-0.418143547,x,,-0.504163393,-0.096525097
Sep,618866,,499374,196127,303247,,119492,59228,40271,20278,,1.104383881,,0.477463828,-2.059415434,2.189385004,,3.810400848,0.952803014,4.755091954,5.455301888,,Aug,597333,78740.70748,519173.9933,,3489915,256774,3233141,,1.016877494,-3.665989396,1.81817748,,1.792555137,-1.6835713,2.079224926,,Aug,1320.308128,663.1629215,338.3014622,312.7746316,,101.7361709,,700.4084894,1790.58742,,-0.717741838,-1.857986772,1.446715946,-0.993691143,,-3.779974596,,-1.191057065,-1.975522374,,Sep,15692,32164.41486,127144.3574,34582.3917,,63.59745811,115.3779227,x,,82.26957004,103.6,,-0.171766652,0.072015245,1.317444239,2.386706283,,3.11169126,0.568166574,x,,-0.105326828,0.096618357
Oct,617903,,495551,207508,288043,,122351,61462,40100,19955,,-0.155607191,,-0.765558479,5.802872628,-5.013734678,,2.392628795,3.771864659,-0.424623178,-1.592859256,,Sep,608299,83855.5873,522601.7872,,3468026,261412,3206614,,1.835826917,6.495851991,0.660239918,,-0.627207253,1.806257643,-0.820471486,,Sep,1351.473307,682.4438022,341.6054064,321.3565193,,107.5757663,,710.8995949,1820.968605,,2.360447423,2.907412365,0.976627213,2.743792759,,5.739940165,,1.49785528,1.696716101,,Oct,15620,32361.10108,126610.1675,33903.76667,,61.92241798,114.2032554,x,,81.32439066,103.9,,-0.458832526,0.611502565,-0.420144365,-1.962342662,,-1.675040128,-1.018104107,x,,-1.148880904,0.28957529
Nov,620811,,507363,210933,296430,,113448,57904,35233,18659,,0.47062403,,2.383609356,1.650538774,2.911718042,,-7.276605831,-5.788942761,-12.13715711,-6.494612879,,Oct,609301,85335.81671,522029.3136,,3428961,259409,3169551,,0.164721625,1.765212621,-0.109542996,,-1.126433308,-0.766223433,-1.155829794,,Oct,1327.861725,682.1931649,329.5979711,320.1835176,,104.1029691,,724.7696813,1876.40483,,-1.747099391,-0.036726442,-3.515001545,-0.365015677,,-3.228233763,,1.951061233,3.04432621,,Nov,15323,31476.30104,126527.9287,33577.97943,,61.28478417,113.9326623,x,,82.47854093,104,,-1.901408451,-2.734146915,-0.064954346,-0.960917532,,-0.637633807,-0.236939865,x,,1.419193269,0.096246391
Dec,617754,,501758,204898,296860,,115996,57009,39305,20313,,-0.492420398,,-1.104731721,-2.861098074,0.145059542,,2.245962908,-1.545661785,11.55734681,8.864355003,,Nov,643354,81048.7618,559355.5631,,3465618,260613,3205005,,5.588863304,-5.023746264,7.150220983,,1.06904103,0.464131931,1.118581149,,Nov,1322.746744,672.6063865,331.8483709,317.3165061,,103.7092836,,726.7920646,1862.729801,,-0.385204382,-1.405287954,0.682771152,-0.895427564,,-0.378169292,,0.279038066,-0.728788826,,Dec,15418,32030.62282,128519.6206,33800.18227,,63.32488368,118.4644195,x,,82.00870005,105.2,,0.619983032,1.761076619,1.574112458,0.661751644,,2.040099506,3.97757504,x,,-0.569652269,1.153846154
Jan '05,605362,,484457,186274,298183,,120905,60143,40432,20732,,-2.005976489,,-3.448076563,-9.08940058,0.445664623,,4.232042484,5.497377607,2.867319679,2.062718456,,Dec,612056,81189.59191,531226.6706,,3460827,260813,3200014,,-4.864817814,0.173759725,-5.028803566,,-0.138243742,0.076742143,-0.155725186,,Dec,1355.262543,699.9174236,330.1441211,320.3010156,,107.9868366,,729.8496353,1868.100789,,2.458202948,4.060478405,-0.513562814,0.94054656,,4.124561352,,0.420694013,0.288339614,,Jan '05,15335,32021.17106,127079.1278,32505.20129,,60.13332008,113.6348751,x,,82.72397938,105.2,,-0.53833182,-0.029508513,-1.120834915,-3.831283991,,-3.191563599,-4.076788906,x,,0.87219932,0
Feb,619880,,496768,197999,298769,,123112,60950,41703,20622,,2.398234445,,2.541195607,6.294490911,0.196523611,,1.825400108,1.341802038,3.143549664,-0.530580745,,Jan '05,618395,80958.11978,534815.269,,3491585,264852,3226732,,1.035689545,-0.285100745,0.675530539,,0.888747112,1.548619126,0.834933847,,Jan '05,1374.26515,715.7632083,342.8564963,324.0178142,,107.230465,,672.2713802,1724.766415,,1.402134712,2.263950597,3.85055325,1.160407996,,-0.700429522,,-7.889057187,-7.672732402,,Feb,15652,32488.48462,127526.9054,32144.43478,,62.63568776,113.034928,x,,82.67630196,105.4,,2.067166612,1.459389379,0.352361234,-1.109873177,,2.502367683,-0.527960417,x,,-0.057634333,0.190114068
Mar,601948,,479559,193655,285904,,122390,61774,41979,21091,,-2.892817965,,-3.464192541,-2.193950474,-4.306002296,,-0.58645786,1.35192781,0.66182289,2.274270197,,Feb,631731,84737.49523,546411.379,,3521113,269837,3251277,,2.156550425,4.668309321,2.168245877,,0.845690424,1.882183257,0.760676747,,Feb,1352.253029,706.1934934,330.4001372,326.7710007,,111.0994521,,735.1270538,1885.113423,,-1.601737572,-1.336994531,-3.633111592,0.849702197,,3.608104446,,9.349747055,9.296737669,,Mar,15323,32083.69361,128262.601,32484.86604,,61.41388795,112.7643463,x,,81.45095494,105.6,,-2.1019678,-1.245952289,0.576894424,1.059067489,,-1.221799814,-0.239378869,x,,-1.48210188,0.189753321
Apr,604409,,478319,189863,288456,,126091,61935,41284,21870,,0.408839302,,-0.258570895,-1.958121401,0.892607309,,3.023939864,0.260627448,-1.6555897,3.693518562,,Mar,607432,84739.41401,525719.569,,3481607,274260,3207347,,-3.846415642,0.00226438,-3.786855621,,-1.121974785,1.639137702,-1.351161405,,Mar,1354.196927,694.9102245,342.202019,318.4194597,,115.1938147,,732.4870633,1866.526646,,0.143752551,-1.597758828,3.571996652,-2.555777906,,3.685313018,,-0.359120305,-0.985976598,,Apr,15704,32484.62363,127053.8984,32645.51154,,63.82680218,113.9017186,x,,81.12355226,105.6,,2.486458265,1.249637994,-0.942365536,0.494524116,,2.412914229,1.008627666,x,,-0.401962967,0
May,616643,,492098,199556,292542,,124545,60290,41226,22624,,2.024126047,,2.880713499,5.105260109,1.416507197,,-1.226098611,-2.656010333,-0.140490263,3.447645176,,Apr,612476,83559.96767,530515.8279,,3499052,263860,3235192,,0.830381014,-1.391850946,0.912322693,,0.501061722,-3.792022169,0.868163002,,Apr,1344.616422,670.4965912,337.5861538,338.1815981,,108.0705162,,713.5349319,1810.638472,,-0.707467636,-3.513206795,-1.348871404,6.206322445,,-6.183750841,,-2.587367386,-2.994233961,,May,15977,32216.17761,128194.4604,32907.5196,,63.5617938,114.6071455,x,,79.67113766,106.1,,1.738410596,-0.826378737,0.897699332,0.802585264,,-0.265008373,0.619329398,x,,-1.790373527,0.473484848
Jun,607337,,485276,200473,284803,,122060,59469,40513,21899,,-1.509138999,,-1.386309231,0.459520135,-2.645432109,,-1.995262756,-1.361751534,-1.729491098,-3.204561528,,May,630417,82346.59054,546715.3412,,3512329,262149,3250179,,2.929257636,-1.452103402,3.053540048,,0.379445633,-0.648449936,0.463249167,,May,1368.316271,678.7607674,350.7104417,339.6371894,,107.5242431,,722.8835306,1843.265047,,1.762573256,1.232545591,3.887685487,0.430417068,,-0.505478425,,1.310180945,1.801937624,,Jun,16010,33310.63857,129186.3543,33147.98017,,64.38669022,115.4743581,x,,79.66955106,107.2,,0.206546911,3.397240277,0.773741569,0.730716167,,0.824896419,0.756682873,x,,-0.001991435,1.036757776
Jul,607410,,484081,196354,287727,,123329,59384,40842,22921,,0.012019686,,-0.246251618,-2.054640775,1.026674579,,1.03965263,-0.142931611,0.81208501,4.666879766,,Jun,615284,77347.64266,538609.7662,,3567055,261621,3305434,,-2.400474606,-6.070619126,-1.482595126,,1.558111441,-0.201412174,1.700060212,,Jun,1368.767376,695.7006439,338.3034383,335.1970757,,109.6248204,,709.7993193,1795.375979,,0.032967881,2.495706482,-3.537677214,-1.30731081,,1.953584824,,-1.810002681,-2.598056551,,Jul,15950,33414.04912,129330.7294,33427.14876,,63.31707827,116.8136509,x,,79.52534719,107.3,,-0.374765771,0.310443007,0.111757222,0.842188849,,-1.06961195,1.159818326,x,,-0.181002491,0.093283582
Aug,595692,,478356,193980,284376,,117337,57557,40883,20257,,-1.929174693,,-1.182653316,-1.209040814,-1.164645654,,-4.858549084,-3.076586286,0.100386857,-11.62252956,,Jul,614384,74014.13992,539844.4588,,3536158,254104,3282054,,-0.146273916,-4.309766434,0.229236954,,-0.86617672,-2.873240298,-0.707320128,,Jul,1373.712078,694.561564,343.6570887,333.1704473,,107.5937057,,709.6971117,1797.258049,,0.361252171,-0.163731327,1.58249954,-0.604608014,,-1.852787251,,-0.014399506,0.104828761,,Aug,15926,33186.53857,129936.329,33903.74808,,63.51448381,118.1172714,x,,77.51186076,107.4,,-0.150470219,-0.680882897,0.46825659,1.425785134,,0.197405542,1.115983015,x,,-2.53188009,0.093196645
Sep,602543,,478679,194500,284179,,123863,60100,41639,21609,,1.150090987,,0.067522933,0.268068873,-0.069274482,,5.561758013,4.418228886,1.849179366,6.674236067,,Aug,612482,71836.58965,540950.1591,,3560616,257064,3303552,,-0.309578374,-2.942073331,0.204818307,,0.691654615,1.164877373,0.655016645,,Aug,1363.722411,690.5854856,336.8073124,331.3089895,,107.2499117,,709.7390596,1799.062448,,-0.727202368,-0.57245874,-1.993200941,-0.558710367,,-0.319529803,,0.005910675,0.100397282,,Sep,16061,33326.5166,130000.7307,34010.03957,,65.67517487,119.6100563,x,,80.0559322,107.4,,0.847670476,0.421791581,0.049564005,0.313509554,,2.160691054,1.263815945,x,,3.282170514,0
Oct,589899,,466123,193320,272803,,123776,60600,41373,20832,,-2.098439447,,-2.623052192,-0.606683805,-4.003110715,,-0.070238893,0.831946755,-0.638824179,-3.595724004,,Sep,605424,60514.73418,542991.6093,,3508821,230414,3278407,,-1.152360396,-15.76056927,0.377382319,,-1.454664024,-10.36706812,-0.761150422,,Sep,1389.909889,700.5079021,343.2839249,333.5473909,,110.293527,,703.2990248,1800.401777,,1.920293856,1.43681219,1.922942954,0.675623522,,2.837872049,,-0.907380637,0.074445955,,Oct,15890,33094.33023,129264.386,33818.73376,,64.31912062,118.1643867,x,,79.03099099,107.3,,-1.064690866,-0.69670158,-0.566415784,-0.562498042,,-1.356054246,-1.208652249,x,,-1.280281395,-0.09310987
Nov,583386,,460015,180901,279114,,123371,60447,40828,20991,,-1.10408731,,-1.31038374,-6.424063729,2.313390982,,-0.327203981,-0.252475248,-1.317284219,0.763248848,,Oct,601028,65997.66616,535133.4333,,3547331,240718,3306613,,-0.726102698,9.06049089,-1.447200278,,1.097519651,4.471950489,0.860356875,,Oct,1388.074992,697.3993667,350.4989566,341.3983262,,108.2171577,,691.5871834,1765.699337,,-0.132015539,-0.443754497,2.101768005,2.353769049,,-1.882584934,,-1.665271959,-1.927483086,,Nov,15861,32848.53394,129853.608,34229.68513,,67.73287676,122.3393194,x,,77.79983991,107.5,,-0.18250472,-0.742714219,0.455826978,1.215158938,,3.413756143,3.533156504,x,,-1.557807979,0.18639329
Dec,590278,,467224,187594,279630,,123054,60872,41028,21134,,1.181379053,,1.567122811,3.69981371,0.184870698,,-0.256948554,0.703095274,0.4898599,0.681244343,,Nov,604811,66860.49545,538428.913,,3563656,246397,3317260,,0.629421591,1.307363338,0.615823929,,0.460205151,2.359192084,0.321991113,,Nov,1380.456386,712.3383948,346.2524883,319.7821783,,112.6093454,,717.7156249,1845.058606,,-0.54886125,2.142105198,-1.211549464,-6.331650229,,4.058679614,,3.778040156,4.494494995,,Dec,15995,33593.24244,130083.8696,33796.13128,,66.58308368,117.1679438,x,,79.26055169,107.6,,0.844839544,2.267098154,0.177324047,-1.266601917,,-1.149793085,-4.227075648,x,,1.877525435,0.093023256
Jan '06,569041,,457454,181503,275951,,111587,57855,36108,18242,,-3.597796293,,-2.091074089,-3.246905551,-1.315667132,,-9.318673103,-4.956301748,-11.99181047,-13.68411091,,Dec,602280,67476.14475,535619.2742,,3596394,252497,3343897,,-0.418477839,0.920796793,-0.52182168,,0.918663305,2.475679493,0.802981979,,Dec,1360.58907,690.7333581,343.8615429,323.08053,,113.5930411,,720.8587167,1857.833801,,-1.439184605,-3.032973782,-0.690520798,1.031437012,,0.873547104,,0.437929969,0.692400523,,Jan '06,15863,33515.09871,131339.1302,35255.79086,,69.24100754,114.1990705,x,,77.43074659,107.6,,-0.825257893,-0.232617429,0.964962524,4.319013808,,2.657923863,-2.533861422,x,,-2.308594956,0
Feb,567178,,447208,172195,275013,,119970,60018,39300,21226,,-0.32739293,,-2.239788044,-5.128289891,-0.33991542,,7.51252386,3.738656987,8.840146228,16.3578555,,Jan '06,641061,66144.2186,576601.5117,,3719359,252944,3466415,,6.43903168,-1.973921531,7.651374683,,3.419119262,0.177031806,3.663928644,,Jan '06,1357.338745,704.961532,334.6158257,319.7834925,,113.8776284,,731.5012539,1876.090165,,-0.238891014,2.059864887,-2.688790703,-1.020500239,,0.250532348,,1.476369366,0.982669399,,Feb,16057,33883.36335,132023.211,35359.10089,,66.86582873,113.4427587,x,,76.18519857,108.5,,1.222971695,1.098802208,0.520850722,0.293029964,,-2.375178814,-0.662274873,x,,-1.608596169,0.836431227
Mar,579676,,453574,168208,285366,,126102,61520,42233,22336,,2.20354104,,1.423498685,-2.31539824,3.764549312,,5.111277819,2.502582559,7.463104326,5.229435598,,Feb,652747,64585.11101,589425.8196,,3703700,249100,3454599,,1.822915448,-2.357133582,2.224119708,,-0.421013406,-1.519703966,-0.3408709,,Feb,1371.667937,718.6714193,345.7143506,316.0868984,,113.7455062,,714.1246635,1808.548625,,1.055682839,1.944770979,3.316796182,-1.155967748,,-0.116021187,,-2.375469671,-3.600122268,,Mar,15994,34334.60001,133181.1361,35542.80654,,69.38903097,117.1768611,x,,77.27874657,108.4,,-0.392352245,1.331735158,0.877061714,0.519542763,,2.523202238,3.291618078,x,,1.435381184,-0.092165899
Apr,583168,,461299,164383,296916,,121869,60034,42058,21530,,0.602405482,,1.703139951,-2.273970322,4.047433822,,-3.356806395,-2.415474642,-0.414367911,-3.608524355,,Mar,654754,59778.39847,598355.26,,3704840,225208,3479632,,0.307469816,-7.442446822,1.5149388,,0.030780031,-9.591328784,0.724628242,,Mar,1403.937148,723.8686247,346.794946,327.0619433,,112.112937,,716.0558202,1799.657064,,2.352552682,0.723168518,0.312568848,3.472160656,,-1.435282346,,0.270422909,-0.491640703,,Apr,15888,34250.36577,134026.7263,36156.4605,,68.08650012,121.9859201,x,,76.07227737,109.1,,-0.662748531,-0.245333393,0.634917432,1.726520833,,-1.302530842,4.104102956,x,,-1.561191479,0.645756458
May,568291,,445790,158256,287534,,122501,57969,42766,21214,,-2.551065902,,-3.362027665,-3.727271068,-3.159816244,,0.518589633,-3.439717493,1.683389605,-1.467719461,,Apr,662243,59316.82112,602066.9391,,3686961,248381,3438581,,1.143788354,-0.772147399,0.620313606,,-0.482584943,10.28959895,-1.179751192,,Apr,1387.346577,710.9320162,350.9433543,333.1461288,,113.1446064,,720.1228319,1837.593907,,-1.181717534,-1.787148673,1.196213613,1.860254798,,0.920205434,,0.567974113,2.108004009,,May,16210,34984.72963,134827.8953,34719.80851,,67.6370794,125.3010292,x,,77.44683003,109.6,,2.026686808,2.144105141,0.597768094,-3.973430944,,-0.449420725,2.717616156,x,,1.806903521,0.458295142
Jun,576384,,452158,160001,292157,,124226,59595,41358,22517,,1.424094346,,1.428475291,1.102643818,1.607809859,,1.40815177,2.804947472,-3.292335033,6.142170265,,May,648698,57445.22673,588567.1045,,3680135,248185,3431950,,-2.045321732,-3.155250654,-2.242248119,,-0.185138926,-0.078911028,-0.192841175,,May,1407.481555,732.5067828,350.3642641,326.7161863,,117.7666843,,707.7805398,1802.817458,,1.451330095,3.034715852,-0.165009614,-1.930066711,,4.085106689,,-1.71391484,-1.892499176,,Jun,16872,34591.62165,133788.6937,35085.8205,,67.00934191,125.7237443,x,,78.25692314,109.4,,4.083898828,-1.123655896,-0.770761553,1.054187832,,-0.627737488,0.3373597,x,,1.045999059,-0.182481752
Jul,582704,,460310,163880,296430,,122395,59402,41948,21101,,1.096491228,,1.802909602,2.424359848,1.462569783,,-1.473926553,-0.323852672,1.426568016,-6.28858196,,Jun,646451,58033.13141,586392.5777,,3659189,242400,3416789,,-0.346386146,1.023417802,-0.369461153,,-0.569163903,-2.330922497,-0.441760515,,Jun,1413.477081,723.8253674,350.4335149,334.9748977,,118.8200035,,699.7220628,1765.568697,,0.425975428,-1.185165192,0.019765376,2.527793764,,0.894411881,,-1.138555891,-2.066141543,,Jul,16584,34569.57212,134099.9178,35321.77754,,66.43174094,125.57191,x,,77.40114498,108.9,,-1.706970128,-0.063742406,0.232623604,0.672513962,,-0.577600973,-0.120768227,x,,-1.093549455,-0.457038391
Aug,573967,,451402,159391,292011,,122565,59423,42118,22150,,-1.499389055,,-1.935217571,-2.739199414,-1.490739804,,0.138894563,0.035352345,0.40526366,4.971328373,,Jul,651402,62375.81133,587235.7833,,3688459,243316,3445144,,0.76587398,7.483104595,0.14379541,,0.799904022,0.377887789,0.829872726,,Jul,1448.326185,755.3637403,358.162578,337.4360689,,115.7845811,,710.8921147,1813.77937,,2.46548777,4.357179833,2.205571889,0.734733014,,-2.554639179,,1.596355542,2.730603077,,Aug,17324,34670.38822,134798.2275,35390.40273,,64.80306037,124.9546544,x,,77.82545494,108.7,,4.462132176,0.291632479,0.520738349,0.194285764,,-1.628680572,-0.491555497,x,,0.548195974,-0.183654729
Sep,571287,,448814,160394,288420,,122472,59669,41064,21508,,-0.466925799,,-0.573324886,0.62927016,-1.229748194,,-0.075878105,0.413981118,-2.502492996,-2.898419865,,Aug,653381,62229.96358,591006.3915,,3702367,235105,3467261,,0.303806252,-0.233821011,0.64209442,,0.377068038,-3.374623946,0.641976068,,Aug,1423.902867,733.1887241,352.261937,332.2151075,,118.550937,,711.1004798,1803.65968,,-1.686313402,-2.935673903,-1.647475572,-1.547244612,,2.389226482,,0.029310366,-0.55793391,,Sep,16956,35074.05869,135761.6385,35570.64204,,65.85074169,123.9637403,x,,78.29660791,108.6,,-2.124220734,1.164309071,0.714705989,0.509288678,,1.047681328,-0.793018975,x,,0.605396991,-0.09199632
Oct,574712,,450777,161081,289696,,123934,60347,40585,21199,,0.599523532,,0.437374948,0.428320261,0.442410374,,1.193742243,1.136268414,-1.166471849,-1.436674726,,Sep,654234,62038.9156,589387.4647,,3696763,236642,3460121,,0.1305517,-0.307003192,-0.27392712,,-0.151362628,0.653750452,-0.205926234,,Sep,1428.689663,733.7229462,364.3108247,332.9027022,,117.7338169,,716.8305172,1821.089843,,0.336174375,0.072862838,3.420434176,0.206972755,,-0.689256531,,0.805798556,0.966377564,,Oct,16485,35059.0891,136986.9521,35132.24803,,66.82813596,124.6134787,x,,78.01388376,109,,-2.777777778,-0.042679947,0.902547717,-1.232460219,,0.977394266,0.524135899,x,,-0.361093729,0.368324125
Nov,542511,,418342,140692,277650,,124169,60142,42617,20891,,-5.602980275,,-7.1953538,-12.65760704,-4.158151994,,0.189617054,-0.339702056,5.006775902,-1.452898722,,Oct,650809,57237.14544,594321.856,,3705356,235541,3469814,,-0.523512994,-7.739932448,0.837206691,,0.232446603,-0.465259759,0.280134712,,Oct,1420.596216,718.312376,363.6788759,336.3345805,,117.874485,,730.0171767,1848.111499,,-0.566494436,-2.100325513,-0.17346417,1.030895291,,0.119479778,,1.83957843,1.483817848,,Nov,16330,35390.49964,140990.8344,36126.61202,,67.23910187,123.7871214,x,,78.23285962,112,,-0.940248711,0.945291347,2.922820193,2.830345452,,0.410965906,-0.66313638,x,,0.280688314,2.752293578
Dec,557033,,432675,154578,278097,,124357,60922,40592,22590,,2.676812083,,3.42614416,9.869786484,0.160994057,,0.151406551,1.296930598,-4.751624938,8.132688718,,Nov,646672,55452.99939,594350.2757,,3757957,230852,3527105,,-0.635670373,-3.117112217,0.00478187,,1.419593691,-1.99073622,1.651125968,,Nov,1419.261424,718.1336319,360.7023998,333.8031738,,115.5815901,,665.896305,1727.682356,,-0.093959998,-0.024883895,-0.818435258,-0.752645394,,-1.945200396,,-8.78347439,-6.516335331,,Dec,16221,34494.61312,139219.637,36565.52985,,66.21843051,123.0897114,x,,77.45932652,112.3,,-0.66748316,-2.531432248,-1.256250058,1.214943243,,-1.020671356,-0.563394669,x,,-0.988757284,0.267857143
Jan '07,555461,,433010,150060,282950,,122451,59044,42147,21469,,-0.282209492,,0.077425319,-2.922796258,1.74507456,,-1.532684127,-3.082630249,3.830804099,-4.962372731,,Dec,668021,63142.25732,604982.0161,,3859864,246266,3613598,,3.301364525,13.86626154,1.788800448,,2.711765994,6.677005181,2.452237742,,Dec,1440.204601,735.7578393,374.5071291,330.0298201,,115.1072243,,705.9562346,1784.401334,,1.475639143,2.454168225,3.827179792,-1.130412759,,-0.410416389,,6.015941111,3.282951725,,Jan '07,17114,34170.8061,138503.3247,36015.98529,,66.48232035,125.9455929,x,,79.34786396,111.7,,5.505209297,-0.93871765,-0.514519584,-1.502903316,,0.263889838,2.320162653,x,,2.438102069,-0.53428317
Feb,552753,,428646,148297,280349,,124107,57215,44730,22059,,-0.487522976,,-1.007828919,-1.174863388,-0.919243683,,1.352377686,-3.097689858,6.128550075,2.748148493,,Jan '07,660244,55256.64134,609085.8899,,3779778,234272,3545506,,-1.164184958,-12.48865073,0.678346417,,-2.074839943,-4.87034345,-1.884326923,,Jan '07,1423.011116,737.630886,369.2616773,319.5178692,,119.4463586,,718.5996137,1843.963304,,-1.193822382,0.254573809,-1.400628031,-3.185151841,,3.769645571,,1.790957928,3.337924512,,Feb,16524,34016.31786,139360.8645,36621.85453,,66.35320578,126.6981064,x,,80.37373876,111.2,,-3.447469908,-0.452105928,0.619147465,1.68222316,,-0.129114563,0.597490911,x,,1.292882687,-0.447627574
Mar,556075,,427239,152897,274342,,128835,59756,43318,23485,,0.600991763,,-0.328242886,3.101883383,-2.142686437,,3.809615896,4.441143057,-3.156718086,6.464481617,,Feb,660097,53846.56272,607493.1895,,3730739,227508,3503231,,-0.022264496,-2.551871747,-0.261490287,,-1.297404239,-2.88724218,-1.19235449,,Feb,1397.924002,727.1618874,346.6186469,333.6694514,,119.6643348,,718.2567548,1810.845472,,-1.762959787,-1.419273355,-6.131974085,4.429042491,,0.182488734,,-0.047712093,-1.796013609,,Mar,16457,34509.88695,140201.6385,36587.96477,,66.74351442,126.2420803,x,,80.79462158,110.6,,-0.40547083,1.450977442,0.603307132,-0.092539718,,0.390308638,-0.359931224,x,,0.523657145,-0.539568345
Apr,548453,,425823,164656,261167,,122630,57534,41040,24112,,-1.370678416,,-0.331430417,7.690798381,-4.802399924,,-4.816237824,-3.718455051,-5.258783877,2.669789227,,Mar,685780,64243.92336,621033.4554,,3803651,239637,3564013,,3.890791808,19.30923743,2.22887534,,1.954358104,5.331241099,1.735026894,,Mar,1440.541001,738.4963738,361.9567761,339.9388775,,122.1552756,,710.7461341,1801.313694,,3.048591948,1.558729429,4.425073279,1.878933181,,2.081606698,,-1.045673519,-0.526371668,,Apr,16613,34750.50714,140736.8404,36734.63601,,66.07281063,125.9594297,x,,80.70769295,110.9,,0.947924895,0.697249999,0.381737275,0.400872903,,-0.670703796,-0.223895699,x,,-0.10759211,0.27124774
May,564033,,436300,153497,282803,,127733,58139,43445,25985,,2.840717436,,2.460411955,-6.777159654,8.284354455,,4.161298214,1.051552126,5.860136452,7.76791639,,Apr,668264,57683.83873,608475.3777,,3757420,235237,3522184,,-2.554171892,-10.21121421,-2.022125791,,-1.215437484,-1.83611045,-1.173648918,,Apr,1434.414041,750.6225757,356.3347798,328.9543739,,123.9450591,,716.350761,1810.160742,,-0.425323496,1.642012384,-1.553223114,-3.231317239,,1.465170815,,0.788555378,0.491144209,,May,16575,35303.09806,140929.5377,37274.14192,,67.47024464,125.8778417,x,,81.22948391,110.9,,-0.228736532,1.590166485,0.136920285,1.468657291,,1.397434012,-0.064773239,x,,0.646519485,0
Jun,564928,,435406,151953,283453,,129522,58047,45233,25777,,0.158678659,,-0.204904882,-1.005882851,0.229841975,,1.400577768,-0.158241456,4.115548395,-0.800461805,,May,674959,58831.57179,613707.0191,,3779736,234071,3545665,,1.001849568,1.989696056,0.859795086,,0.593918167,-0.495670324,0.666660231,,May,1437.981981,743.9574391,356.0496401,334.6052458,,124.7428488,,708.115243,1793.718854,,0.248738491,-0.887947787,-0.080020168,1.717828473,,0.643664004,,-1.149648812,-0.908310948,,Jun,17242,35211.08666,142222.5304,36543.73594,,66.17131088,127.1413356,x,,80.04259144,112,,4.02413273,-0.260632653,0.91747458,-1.959551431,,-1.29893376,1.003746053,x,,-1.461159678,0.991884581
Jul,555692,,429035,151751,277284,,126657,59347,44426,23928,,-1.634898607,,-1.463232018,-0.132935842,-2.176374919,,-2.211979432,2.239564491,-1.784095682,-7.173061256,,Jun,655407,59614.75285,592467.4561,,3792299,231317,3560983,,-2.896768544,1.331225793,-3.46086362,,0.332377711,-1.176566085,0.43202051,,Jun,1446.179443,747.4154333,362.9933511,341.7307438,,121.4225507,,709.5675278,1795.040919,,0.570067073,0.46481075,1.950208686,2.129523704,,-2.661714173,,0.205091595,0.073705247,,Jul,17069,34850.33244,141001.2583,36538.27835,,65.46294386,128.447404,x,,81.16446531,113.2,,-1.003363879,-1.024547247,-0.858705105,-0.014934409,,-0.708367021,1.027257143,x,,1.40159614,1.071428571
Aug,554867,,430962,149842,281120,,123906,58298,43547,23826,,-0.148463537,,0.449147505,-1.257981825,1.383419166,,-2.172007864,-1.767570391,-1.978571107,-0.426278837,,Jul,663451,70323.19329,592830.2398,,3819701,240866,3578835,,1.227328973,17.96273561,0.061232672,,0.722569608,4.128101264,0.501322247,,Jul,1460.070511,747.273378,357.0979435,351.8916906,,123.291231,,711.7931296,1789.920701,,0.96053555,-0.019006193,-1.62410897,2.973378002,,1.53898946,,0.313656093,-0.285242408,,Aug,16830,34958.46861,141527.5096,36421.09087,,65.16686435,129.2706473,x,,82.18034784,113.1,,-1.400199192,0.310287356,0.373224598,-0.320725227,,-0.296079512,0.640918601,x,,1.251634592,-0.088339223
Sep,550495,,422013,144731,277282,,128483,58700,46141,24432,,-0.787936569,,-2.076517187,-3.410926176,-1.365253273,,3.693929269,0.689560534,5.956782327,2.54343994,,Aug,674128,71274.89932,605022.836,,3814082,243795,3570286,,1.609312519,1.353331646,2.056675824,,-0.147105755,1.216028829,-0.238876618,,Aug,1469.309562,746.1039973,362.6968211,350.1053289,,124.0999484,,706.8351939,1787.249531,,0.632781166,-0.156486338,1.567882911,-0.50764533,,0.655940773,,-0.696541657,-0.149233952,,Sep,16759,35245.13556,142407.7524,36560.72947,,66.77293269,130.2356493,x,,80.97679704,112.9,,-0.421865716,0.820021455,0.621958739,0.383400381,,1.606068345,0.746497326,x,,-1.464523854,-0.17683466
Oct,536718,,415019,136170,278849,,121699,55775,40832,25044,,-2.5026567,,-1.657294917,-5.915111483,0.565128642,,-5.280075963,-4.982964225,-11.50603585,2.504911591,,Sep,674643,69964.36944,604177.2593,,3888562,237857,3650705,,0.076394987,-1.838697631,-0.139759463,,1.95276347,-2.435652905,2.252452605,,Sep,1487.945653,768.9139386,372.7288822,350.1055272,,124.6527711,,720.9072344,1827.189441,,1.268357006,3.057206684,2.765963323,5.66587E-05,,0.445465701,,1.990851699,2.234713684,,Oct,16409,35498.71105,142317.2076,36460.7117,,68.24696662,130.0023212,x,,82.19286668,113,,-2.088430097,0.719462399,-0.063581349,-0.273566131,,1.474033928,-0.179158334,x,,1.501750733,0.088573959
Nov,522388,,394582,134165,260417,,127806,59730,40559,27536,,-2.669930951,,-4.924352861,-1.472424176,-6.610029084,,5.018118473,7.090990587,-0.66859326,9.950487143,,Oct,681991,74344.91273,608851.4038,,3927929,237499,3690431,,1.089168642,6.261105941,0.773637931,,1.012379383,-0.150510601,1.08817338,,Oct,1474.698839,761.9214954,363.8048448,348.8872764,,126.6030634,,713.2822069,1798.809602,,-0.890275386,-0.909392178,-2.394243587,-0.347966761,,1.564579952,,-1.057698848,-1.553196355,,Nov,16353,36904.89566,142216.8588,36181.22862,,66.96837161,129.0118027,x,,82.07137799,113.2,,-0.341276129,3.961227212,-0.070510623,-0.766532162,,-1.27859501,-0.761923745,x,,-0.14780929,0.17699115
Dec,514962,,383950,126680,257270,,131012,57672,43622,28892,,-1.421548734,,-2.694496961,-5.578951291,-1.208446453,,2.508489429,-3.445504771,7.55196134,4.924462522,,Nov,689716,75705.8565,612973.837,,3903775,237133,3666642,,1.132712895,1.8305809,0.677083625,,-0.614929649,-0.154105912,-0.644613055,,Nov,1525.691058,780.2191734,378.0854919,358.5842339,,126.8569435,,724.0173677,1839.017081,,3.457805612,2.401517494,3.92535924,2.779395587,,0.200532357,,1.505036957,2.235227098,,Dec,16495,35798.75391,142312.6771,36093.64255,,67.58851418,131.4477888,x,,82.31815252,113.3,,0.8683422,-2.997276442,0.067374743,-0.242075988,,0.620142572,1.888188601,x,,0.300682818,0.088339223
Jan '08,514362,,384782,125682,259100,,129580,58301,43517,28380,,-0.116513451,,0.216694882,-0.787811809,0.711314961,,-1.093029646,1.090650576,-0.240704232,-1.772116849,,Dec,678834,75280.47793,605023.0364,,3884312,238200,3646112,,-1.577750842,-0.561883312,-1.297086451,,-0.498568693,0.449958462,-0.559912858,,Dec,1497.312793,766.8394221,373.5481452,359.3253814,,124.7196151,,700.5288332,1792.770659,,-1.860026986,-1.714870861,-1.200084838,0.206687148,,-1.684833585,,-3.244194898,-2.514735846,,Jan '08,16390,36179.62084,144177.492,35389.29381,,67.36111709,132.4698511,x,,82.64509842,112.4,,-0.636556532,1.063911123,1.310364577,-1.951448217,,-0.227397095,0.777542353,x,,0.397173507,-0.79435128
Feb,507283,,376880,120383,256497,,130404,58631,42338,26858,,-1.376268076,,-2.053630367,-4.216196432,-1.004631416,,0.635900602,0.566028027,-2.709286026,-5.362931642,,Jan '08,679239,74393.98379,609154.9005,,3950911,237757,3713153,,0.059661125,-1.177588346,0.682926741,,1.714563609,-0.18597817,1.838698318,,Jan '08,1544.078996,798.5562556,376.8620719,367.2557017,,126.7583267,,704.1225611,1797.441183,,3.123342262,4.136046296,0.887148471,2.207002517,,1.634635871,,0.513002136,0.260519872,,Feb,16322,35861.08491,145508.6673,35776.37007,,65.70545534,133.1937234,x,,82.97365348,113.5,,-0.414887126,-0.880429138,0.923289233,1.093766557,,-1.655661748,0.546443069,x,,0.397549359,0.978647687
Mar,501651,,381130,122861,258269,,120521,51793,42416,22851,,-1.110228413,,1.127679898,2.058430177,0.690846287,,-7.578755253,-11.66277225,0.18423166,-14.91920471,,Feb,683895,72898.57904,611568.3317,,3927631,238264,3689367,,0.685473007,-2.010115162,0.396193359,,-0.589231193,0.213242933,-0.640587662,,Feb,1562.01971,796.4176062,382.6247362,365.439307,,130.6544432,,709.6236738,1793.892637,,1.161903872,-0.267814497,1.529117596,-0.494585838,,3.073657285,,0.781272046,-0.197422092,,Mar,15683,35860.03234,146691.8881,36016.85258,,65.72626814,134.2204923,x,,82.65266581,113.7,,-3.914961402,-0.002935146,0.813161736,0.672182532,,0.020812798,0.77088384,x,,-0.386854926,0.176211454
Apr,489349,,366575,121052,245523,,122774,52098,43124,27877,,-2.452302497,,-3.818906935,-1.472395634,-4.935164499,,1.869383759,0.588882668,1.669181441,21.99466107,,Mar,677138,72158.86229,603912.4513,,3912147,235046,3677102,,-0.988017166,-1.014720399,-1.251843834,,-0.394232554,-1.350602693,-0.332441852,,Mar,1536.630156,808.4121719,373.4716407,368.6577298,,126.5902837,,725.9992069,1834.271781,,-1.625431089,1.506064854,-2.392186025,0.880699687,,-3.110617149,,2.307636236,2.25092312,,Apr,16569,37254.57793,146745.8714,34558.00366,,66.81384667,133.2730693,x,,83.5951366,113.9,,5.649429318,3.888857593,0.0368005,-4.050461975,,1.087578535,-0.705870579,x,,1.140278757,0.175901495
May,519888,,385228,125888,259340,,134660,62972,44173,27597,,6.240740249,,5.088453932,3.994977365,5.627578679,,9.681202861,20.87220239,2.432520174,-1.004412239,,Apr,682987,69025.67853,612177.9798,,4010703,238813,3771890,,0.863782567,-4.342063687,1.368663369,,2.519230489,1.60266501,2.57779088,,Apr,1521.112221,797.2092787,367.6436069,364.0050372,,128.5584209,,693.3615895,1742.551967,,-1.009867902,-1.385789768,-1.560502362,-1.262062949,,1.554730074,,-4.495544489,-5.000339392,,May,16816,36391.14877,148041.7847,35094.83796,,66.54625466,133.9827837,x,,83.65303251,114.3,,1.490735711,-2.317645799,0.883100357,1.553429715,,-0.26759201,0.532526456,x,,0.069257507,0.35118525
Jun,514282,,386473,122160,264313,,127809,55877,44322,26614,,-1.078309174,,0.323185231,-2.961362481,1.91755996,,-5.0876281,-11.26691228,0.337310122,-3.561981375,,May,679418,71801.53646,606389.6389,,4014130,241203,3772927,,-0.52255753,4.021485888,-0.945532353,,0.085446367,1.000783039,0.027492848,,May,1534.912158,802.1883989,377.1540212,354.7817193,,129.5991531,,707.7322665,1801.315318,,0.907226768,0.624568767,2.586856969,-2.533843468,,0.809540318,,2.072609331,3.372258175,,Jun,17036,36171.1876,149069.8187,35167.61552,,67.31498143,135.3915509,x,,84.1531568,114.9,,1.308277831,-0.604435902,0.694421511,0.207373973,,0.768726769,1.051453943,x,,0.597855543,0.524934383
Jul,505107,,379186,118114,261072,,125921,56725,43595,26602,,-1.784040663,,-1.885513348,-3.312049771,-1.226197728,,-1.477204266,1.517619056,-1.640268941,-0.045089051,,Jun,695801,71675.77809,621289.2612,,4037829,248248,3789582,,2.411328519,-0.175147178,2.457103705,,0.590389449,2.920776276,0.441434462,,Jun,1528.24539,798.1754264,373.7568267,355.602053,,131.1867842,,700.9600147,1790.271272,,-0.434341999,-0.500253111,-0.900744612,0.231222086,,1.225031982,,-0.956894598,-0.613110093,,Jul,16904,35488.05021,149313.7653,35022.74811,,63.70388094,133.978517,x,,84.22902004,115.8,,-0.774829772,-1.888623049,0.163645837,-0.4119341,,-3.611100494,-1.043664749,x,,0.090149017,0.783289817
Aug,495972,,369286,117931,251355,,126686,56394,42918,28216,,-1.808527698,,-2.610855886,-0.154935063,-3.721961758,,0.607523765,-0.583516968,-1.552930382,6.067212992,,Jul,687053,65636.98427,620772.0487,,4018330,239603,3778727,,-1.257256026,-8.425152795,-0.083248267,,-0.482908018,-3.482404692,-0.286443201,,Jul,1482.327884,768.9062294,364.5619883,343.4649642,,129.7667397,,679.6163471,1726.100567,,-3.00458985,-3.667013046,-2.460112485,-3.413109886,,-1.082460028,,-3.04491942,-3.584412365,,Aug,16816,35244.81206,149537.3733,35631.63993,,63.37106187,133.4035651,x,,83.4122496,116.3,,-0.520586843,-0.68540863,0.149757121,1.73856094,,-0.332819063,-0.429137398,x,,-0.969701942,0.431778929
Sep,501477,,376033,120466,255567,,125444,56217,42834,28003,,1.10994169,,1.827039205,2.149562032,1.675717611,,-0.980376679,-0.313863177,-0.195722075,-0.754890842,,Aug,673926,63296.81965,610513.1223,,4052513,238151,3814362,,-1.910624071,-3.565314045,-1.652607654,,0.850676774,-0.606002429,0.943042458,,Aug,1484.109743,781.9543138,367.879359,338.7632961,,131.7837994,,668.9709971,1718.133025,,0.120206774,1.696966924,0.909960672,-1.368893056,,1.554373391,,-1.566376391,-0.46159203,,Sep,15886,34604.53709,151138.6457,35935.15348,,62.45433375,133.2479855,x,,83.97936031,116.4,,-5.530447193,-1.816650247,1.070817547,0.851809081,,-0.91672812,-0.116623254,x,,0.679888995,0.085984523
Oct,493991,,367334,118259,249075,,126657,55383,42981,28737,,-1.492790297,,-2.313360795,-1.832052197,-2.540234068,,0.966965339,-1.483537008,0.34318532,2.621147734,,Sep,680313,65164.07387,614097.2504,,4046129,240917,3805212,,0.947730166,2.949996906,0.587068156,,-0.157531882,1.161447989,-0.239882843,,Sep,1409.319545,748.1027022,335.7749372,325.2983168,,128.3857246,,661.1415869,1681.814017,,-5.039398046,-4.329103501,-8.726888584,-3.974745642,,-2.578522389,,-1.170366161,-2.113864681,,Oct,16476,34834.3775,153442.9591,36938.00714,,63.58254069,132.6435469,x,,83.07724828,116.4,,3.713961979,0.664191544,1.524635498,2.790731539,,1.128206933,-0.453619327,x,,-1.074206831,0
Nov,497899,,376150,121134,255016,,121749,53801,40630,28604,,0.79110753,,2.399995644,2.431104609,2.385225334,,-3.875032568,-2.856472203,-5.469858775,-0.46281797,,Oct,681089,67206.44089,617112.1727,,4069903,242329,3827573,,0.114065144,3.134191729,0.490951932,,0.58757395,0.586093966,0.587641372,,Oct,1429.742828,755.9214696,342.9503255,322.2589118,,130.7462026,,670.5110061,1728.650997,,1.449159141,1.045146257,2.136963608,-0.934343891,,1.838582935,,1.417157749,2.784908405,,Nov,16775,34636.94697,152681.9145,36608.46552,,62.5373491,131.7428773,x,,84.13254471,116.6,,1.814760864,-0.566769212,-0.495978873,-0.892147792,,-1.045191587,-0.679015015,x,,1.270259247,0.171821306
Dec,447460,,326455,97732,228723,,121005,54803,41212,25814,,-10.13036781,,-13.21148478,-19.31910116,-10.31033347,,-0.611093315,1.862418914,1.432439084,-9.753880576,,Nov,686057,71255.13376,613845.4066,,4056450,246948,3809502,,0.72942009,6.024263176,-0.529363419,,-0.330548418,1.906086354,-0.472126854,,Nov,1427.811505,761.7722229,340.8229162,332.8685955,,129.4045083,,675.0327113,1749.139023,,-0.135081843,0.773989566,-0.620325766,3.292285568,,-1.026182285,,0.674367033,1.185203115,,Dec,16225,35611.62378,153918.8199,35245.01224,,61.28291034,131.4620373,x,,83.79683345,116.7,,-3.278688525,2.813980123,0.810119166,-3.724420756,,-1.25443876,-0.213172805,x,,-0.399026629,0.085763293
Jan '09,468208,,350250,113868,236382,,117958,52647,41687,25941,,4.636839047,,7.288906587,16.51045717,3.348591965,,-2.518077765,-3.934091199,1.152576919,0.491981096,,Dec,664074,68543.12936,597101.4359,,3971867,240705,3731162,,-3.204252708,-3.80604773,-2.727717845,,-2.085148344,-2.528062588,-2.056436773,,Dec,1392.149865,727.1449243,331.9405702,333.8593676,,114.9656135,,629.9280391,1628.418212,,-2.497643459,-4.545623683,-2.606146947,0.297646613,,-11.15795342,,-6.68184985,-6.901727614,,Jan '09,16469,35577.19358,154049.5637,37263.84439,,60.41407749,131.0949587,x,,81.4592637,117,,1.50385208,-0.096682467,0.084943335,5.727993919,,-0.868832849,-0.279227888,x,,-2.789568124,0.257069409
Feb,480257,,357353,122190,235163,,122904,51911,38796,25960,,2.573428903,,2.027980014,7.30846243,-0.515690704,,4.193017854,-1.397990389,-6.935015712,0.073243129,,Jan '09,691633,68994.06185,625456.3886,,4020129,240541,3779588,,4.149989308,0.657881392,4.748766456,,1.215096074,-0.068133192,1.297879856,,Jan '09,1391.243059,717.8309474,334.2762673,339.1562005,,127.5675451,,707.9750856,1787.304243,,-0.065137069,-1.280896916,0.703649196,1.586546125,,10.96147896,,12.38983529,9.757077734,,Feb,18101,35509.55987,154042.3928,37193.30811,,63.00915262,130.754338,x,,80.96273611,117.4,,9.90952699,-0.190104107,-0.004654953,-0.189288811,,2.595075126,-0.259827419,x,,-0.609540966,0.341880342
Mar,477048,,358844,122377,236467,,118204,51049,37418,23597,,-0.66818391,,0.417234499,0.153040347,0.554509,,-3.824122893,-1.660534376,-3.551912568,-9.102465331,,Feb,685174,66518.10035,620866.5067,,4032591,242074,3790517,,-0.933876781,-3.588658837,-0.733845245,,0.309990053,0.637313389,0.289158501,,Feb,1376.892043,735.28428,327.8920871,325.1403365,,128.8122108,,687.1384666,1744.442124,,-1.031524742,2.431398738,-1.909851475,-4.132568987,,0.975691539,,-2.943128844,-2.398143417,,Mar,17722,34353.54264,151470.7212,36673.27687,,59.2310406,128.3492972,x,,80.91069251,117.7,,-2.093806972,-3.25550989,-1.669457026,-1.398184956,,-3.778112014,-1.839358316,x,,-0.06428093,0.255536627
Apr,471556,,353064,119858,233206,,118492,53159,40234,23551,,-1.151246835,,-1.610727781,-2.058393326,-1.379050777,,0.243646577,4.133283708,7.525789727,-0.194940035,,Mar,678697,66333.48843,610704.748,,3997672,238547,3759126,,-0.945307323,-0.277536378,-1.636705887,,-0.865919703,-1.45699249,-0.828145607,,Mar,1368.620779,718.5637271,328.0397078,325.1258598,,125.2196997,,672.6946242,1704.315066,,-0.600719808,-2.274025623,0.045021125,-0.004452453,,-2.788952299,,-2.102027911,-2.300280264,,Apr,18021,34263.27838,150892.698,36858.05673,,59.19633991,129.4669516,x,,81.28466221,117.7,,1.687168491,-0.262750948,-0.381607211,0.503854238,,-0.034700694,0.870791198,x,,0.462200582,0
May,505503,,397265,145028,252237,,108238,48131,38448,22073,,7.198932895,,12.51925996,20.99984982,8.160596211,,-8.653748776,-9.458417201,-4.439031665,-6.275742007,,Apr,686556,68634.44386,617846.6479,,4004583,240736,3763848,,1.157954139,3.468768929,1.169452168,,0.172875614,0.917638872,0.125614305,,Apr,1374.381749,729.2283832,325.8712553,323.6283161,,129.1766562,,684.9956201,1750.238836,,0.4209325,1.484162879,-0.661033557,-0.460604281,,3.160011182,,1.828615155,2.694558732,,May,16737,33326.95671,151083.8868,38159.97418,,56.95265227,127.8723358,x,,81.20194453,117.9,,-7.125020809,-2.73272644,0.126705138,3.532246593,,-2.243687636,-1.231677899,x,,-0.101762961,0.169923534
Jun,478010,,377143,133903,243240,,100867,42005,37742,21310,,-5.438741214,,-5.065132846,-7.67093251,-3.566883526,,-6.809992794,-12.72776381,-1.836246359,-3.45671182,,May,684215,69197.4268,612733.171,,4007502,243565,3763937,,-0.340977284,0.820262987,-0.827628809,,0.072891485,1.175146218,0.002364601,,May,1310.711007,718.0360219,313.3527524,280.4466599,,125.4921372,,687.1694394,1747.56036,,-4.632682453,-1.534822502,-3.841548685,-13.34297837,,-2.852310235,,0.317347908,-0.153034871,,Jun,17274,32617.93819,149145.9917,38568.00856,,57.20692445,126.4886568,x,,80.77413926,117.9,,3.208460298,-2.127462562,-1.28266167,1.069273217,,0.254272177,-1.082078437,x,,-0.526841166,0
Jul,471248,,366586,127796,238790,,104662,45071,37870,23278,,-1.414614757,,-2.799203485,-4.560764135,-1.829468837,,3.762380164,7.299131056,0.339144719,9.235100892,,Jun,691154,69633.50607,618046.6918,,4005254,243205,3762049,,1.014154907,0.630195794,0.86718346,,-0.056094794,-0.147804488,-0.050160244,,Jun,1290.75485,706.1907287,310.849988,273.502638,,125.9720657,,700.5442307,1763.931202,,-1.522544401,-1.649679518,-0.798705076,-2.476057995,,0.382437102,,1.946360038,0.93678264,,Jul,17208,33019.79401,149979.2232,38124.95531,,57.50905782,124.9853251,x,,78.9904188,118,,-0.38207711,1.232008668,0.558668382,-1.148758428,,0.302133369,-1.188511097,x,,-2.208281598,0.084817642
Aug,474528,,369589,128997,240592,,104940,46495,38744,20872,,0.696024174,,0.81918022,0.939779023,0.754637966,,0.265616938,3.159459519,2.307895432,-10.33593951,,Jul,692385,72787.6246,620711.8499,,4044300,245733,3798567,,0.178107918,4.529598896,0.43122278,,0.974869509,1.039452314,0.970694427,,Jul,1319.080642,708.6088984,316.1513935,285.1678446,,126.4750873,,690.3157078,1719.477787,,2.194513677,0.342424452,1.705454604,4.265116672,,0.399312011,,-1.460082387,-2.520133165,,Aug,18137,32677.30518,149547.758,37761.36417,,59.59807861,127.0040589,x,,80.79711483,118.8,,5.39865179,-1.03722279,-0.287683361,-0.953682816,,2.089020796,1.615176639,x,,2.287234399,0.677966102
Sep,463236,,360308,124235,236073,,102928,48156,36898,20299,,-2.379627756,,-2.511167811,-3.691558718,-1.878283567,,-1.917286068,3.572427143,-4.764608714,-2.745304714,,Aug,700554,74194.50712,625778.5434,,4062680,243722,3818958,,1.179834918,1.932859506,0.816271435,,0.45446678,-0.818367903,0.536807696,,Aug,1349.278701,739.7066996,320.827351,292.7851085,,127.21612,,697.8744475,1738.84731,,2.289326224,4.388570513,1.479024813,2.671151072,,0.58591196,,1.094968517,1.126477065,,Sep,17926,33107.00587,151012.7168,38479.38925,,58.59601093,127.5157674,x,,79.80582097,118.9,,-1.163367701,1.314982017,0.97959263,1.901480782,,-1.002067681,0.402907256,x,,-1.226892657,0.084175084
Oct,440423,,337846,108504,229342,,102577,43139,40027,21134,,-4.924703607,,-6.234110816,-12.66229323,-2.851236694,,-0.341015079,-10.4182241,8.480134425,4.113503128,,Sep,692523,70535.38188,621250.73,,4064489,242738,3821751,,-1.146378438,-4.931800718,-0.723548836,,0.044527258,-0.403738686,0.073135133,,Sep,1347.395897,728.3838483,319.4403612,299.2972796,,130.4757233,,708.7001742,1774.548309,,-0.139541462,-1.530721752,-0.432316562,2.224215272,,2.562256559,,1.55124275,2.053141659,,Oct,17446,33011.00125,150019.9767,38096.97969,,58.00407345,127.0964314,x,,79.86836894,119,,-2.677674886,-0.289982782,-0.657388405,-0.993803622,,-0.591937485,-0.328850329,x,,0.078375208,0.084104289
Nov,436261,,328393,109711,218682,,107868,45799,42545,20858,,-0.945000602,,-2.7980204,1.112401386,-4.64808016,,5.158076372,6.166114189,6.290753741,-1.305952494,,Oct,685807,68132.92513,618581.7768,,4006545,238938,3767608,,-0.969787285,-3.406030687,-0.429609673,,-1.425615865,-1.565473885,-1.416706635,,Oct,1331.793001,722.7168034,310.728641,292.2392387,,127.5008978,,688.6278249,1728.342312,,-1.158003862,-0.778029996,-2.727182058,-2.358204152,,-2.279983947,,-2.832276621,-2.603817354,,Nov,17066,33247.89153,152051.2244,37931.76121,,58.35819635,129.1880445,x,,80.57633141,118.8,,-2.178149719,0.717610097,1.353984816,-0.433678661,,0.354122898,1.645689872,x,,0.886411578,-0.168067227
Dec,441427,,338219,110207,228012,,103208,47563,40095,18342,,1.184153523,,2.992146605,0.452096873,4.26646912,,-4.320094931,3.851612481,-5.758608532,-12.06251798,,Nov,678380,66217.13988,612599.3304,,4050773,233377,3817396,,-1.082957742,-2.811834727,-0.967122969,,1.103893754,-2.327381999,1.321475058,,Nov,1344.780178,718.6962712,313.0841399,308.9036411,,130.0845458,,680.8612541,1716.612562,,0.975164857,-0.55630812,0.758056574,5.702315162,,2.026376318,,-1.127832844,-0.678670523,,Dec,16755,34050.53278,151510.8466,38096.08153,,57.72439551,128.7238345,x,,80.36850673,118.9,,-1.82233681,2.41411172,-0.35539196,0.433199803,,-0.633800831,-0.35932891,x,,-0.257922747,0.084175084
Jan '10,492474,,381247,157349,223898,,111226,53481,38685,19059,,11.56408647,,12.7219346,42.77586723,-1.804291002,,7.768777614,12.44244476,-3.516647961,3.909061171,,Dec,685750,64743.39402,622328.6155,,4093348,234547,3858801,,1.086411746,-2.225625964,1.588197156,,1.051033963,0.50133475,1.084639896,,Dec,1374.388094,734.1133907,328.0920554,307.9528767,,128.9073111,,689.1031249,1777.379889,,2.201691894,2.145150907,4.793572564,-0.30778674,,-0.904976602,,1.210506661,3.539955878,,Jan '10,17233,34243.51209,152172.9923,35853.81691,,59.86410513,132.9528262,"111,194",,81.81088334,119,,2.852879737,0.566743876,0.437028583,-5.885814324,,2.139709611,3.28532142,x,,1.794703769,0.084104289
Feb,683440,,548539,220543,327996,,134900,48451,64499,21948,,38.77686944,,43.88021414,40.16167882,46.49349257,,21.28459173,-9.405209327,66.72870622,15.15819298,,Jan '10,692245,66691.89907,627967.4193,,4113173,236971,3876201,,0.94713817,3.009581252,0.906081389,,0.484322369,1.033481562,0.450917267,,Jan '10,1361.082761,734.8822943,329.4360941,304.0657834,,126.6005279,,693.5702914,1784.946706,,-0.968091455,0.104739071,0.409652934,-1.262236387,,-1.789489789,,0.648258042,0.425728722,,Feb,17852,35442.88964,155165.8325,35991.29578,,74.85054672,216.5195833,"251,910",,130.8771068,119.3,,3.591945686,3.502495751,1.966735466,0.383442774,,14.98644159,62.85444205,126.5498601,,59.97517871,0.25210084
Mar,520554,,388687,155557,233130,,131866,56919,47870,27076,,-23.8332553,,-29.14141018,-29.46636257,-28.92291369,,-2.249073388,17.47745145,-25.78179507,23.36431566,,Feb,787472,76437.71789,714599.3181,,4195631,247812,3947820,,13.75625682,14.61319733,13.79560407,,2.004729682,4.574821392,1.847659603,,Feb,1419.725978,746.3362214,353.598102,326.8833159,,121.5023713,,640.5156008,1823.655711,,4.308571008,1.558607033,7.334353567,7.504143402,,-4.026963148,,-7.649504487,2.168636438,,Mar,17664,34991.10024,153038.5508,35588.48325,,59.5463748,134.628282,"112,786",,81.91586193,120.1,,-1.053103294,-1.274696874,-1.370972986,-1.119194277,,-15.30417191,-37.8216603,-55.22760492,,-37.41009111,0.670578374
Apr,512291,,382670,156390,226280,,129620,57736,47025,24857,,-1.587347326,,-1.548032221,0.535495028,-2.938274782,,-1.703244202,1.435373074,-1.76519741,-8.195449845,,Mar,703090,64822.75483,635670.5545,,4175491,238626,3936865,,-10.7155556,-15.19532944,-11.04517757,,-0.480023148,-3.706842284,-0.277494921,,Mar,1400.076803,745.5956764,339.0592217,320.4526241,,130.7687644,,686.6922198,1761.919515,,-1.384011789,-0.099224055,-4.111696373,-1.967274381,,7.626512094,,7.209288729,-3.385298857,,Apr,17479,33808.32605,151124.6541,34845.97498,,57.3133461,127.8770039,"110,608",,80.48158983,120,,-1.047327899,-3.380214342,-1.250597776,-2.086372355,,-2.233028708,-5.014754702,-1.931367413,,-1.750908883,-0.083263947
May,499451,,382707,149229,233478,,116744,51618,41078,24046,,-2.506387971,,0.009668905,-4.578937272,3.181014672,,-9.933652214,-10.59650824,-12.64646465,-3.262662429,,Apr,687607,62819.34529,624192.8807,,4136568,236982,3899586,,-2.202136284,-3.090596115,-1.805600993,,-0.932177797,-0.688944206,-0.946920964,,Apr,1406.596979,740.8467204,346.4175055,314.8812361,,128.1759685,,682.884825,1725.408691,,0.465701327,-0.636934483,2.170206064,-1.73859959,,-1.982733281,,-0.554454346,-2.072218577,,May,16908,33496.66964,150426.5636,35798.03939,,58.20519711,127.0971143,"110,052",,79.27107699,119.3,,-3.266777276,-0.92183329,-0.461930243,2.732207688,,0.891851012,-0.609874798,-0.502514954,,-1.504086641,-0.583333333
Jun,490130,,372073,141256,230817,,118056,53753,40053,24248,,-1.866249142,,-2.778626991,-5.342795301,-1.139721944,,1.123826492,4.136154055,-2.495252933,0.840056558,,May,693326,62759.28929,628271.6341,,4163730,234639,3929090,,0.831725099,-0.095601118,0.653444406,,0.656631294,-0.988682685,0.756593136,,May,1403.506593,746.2461285,339.4608383,320.6832932,,127.5802685,,689.9820553,1757.191549,,-0.219706561,0.728815817,-2.008174249,1.842617592,,-0.464751754,,1.039301223,1.842048093,,Jun,17216,33321.43292,151178.3841,36032.13301,,57.48928966,128.4876118,"111,939",,80.20518869,119.2,,1.8216229,-0.523146695,0.499792364,0.653928618,,-0.715907449,1.094043299,1.714328944,,1.178376457,-0.083822297
Jul,498320,,382802,143608,239194,,115517,50724,40693,24099,,1.670985249,,2.883573922,1.665062015,3.629282072,,-2.150674256,-5.635034324,1.597882805,-0.614483669,,Jun,688457,61828.94166,625969.9957,,4176923,233078,3943846,,-0.702267043,-1.482406267,-0.366344469,,0.31685532,-0.665277298,0.375557699,,Jun,1398.517803,737.0846822,336.0695009,326.5003856,,127.018828,,682.7160317,1711.10982,,-0.355451838,-1.227670853,-0.999036429,1.813968022,,-0.440068462,,-1.053074279,-2.622464743,,Jul,17057,33663.27722,151152.1739,36373.88666,,59.61355125,128.9081995,"112,057",,80.30659537,126.8,,-0.92355948,1.025899148,-0.01733727,0.948469116,,2.124261595,0.327337164,0.105946109,,0.126434054,6.375838926
Aug,499740,,383464,143816,239648,,116275,51809,40427,24037,,0.284957457,,0.172935356,0.144838728,0.189804092,,0.656180476,2.139026891,-0.653675079,-0.257272086,,Jul,680038,62925.997,615222.0039,,4128256,224062,3904194,,-1.22287957,1.77433951,-1.717013906,,-1.165139985,-3.868232952,-1.005414512,,Jul,1386.976942,720.8577085,340.000208,322.0172787,,126.6624713,,694.17223,1754.831339,,-0.825220906,-2.201507385,1.169611366,-1.373078585,,-0.280554169,,1.678032692,2.555155605,,Aug,17137,33788.30242,150383.9051,37035.97355,,58.64163243,127.000941,"113,361",,79.35535131,126.8,,0.469015653,0.371399359,-0.508275048,1.82022585,,-0.971918824,-1.479547807,1.16298949,,-1.184515486,0
Sep,501588,,386340,148575,237765,,115247,50782,41395,23068,,0.369792292,,0.750005216,3.309089392,-0.785735746,,-0.884110944,-1.982281071,2.39443936,-4.031285102,,Aug,679330,65096.07637,612150.149,,4150479,234512,3915967,,-0.104111829,3.448621354,-0.499308357,,0.538314484,4.663887674,0.301547515,,Aug,1355.864174,710.1846017,330.8074594,313.1000624,,123.8039791,,679.8313326,1712.500929,,-2.2432073,-1.480612159,-2.703747914,-2.76917325,,-2.256779142,,-2.065899026,-2.412220959,,Sep,17069,33844.28396,150345.6526,37099.37941,,59.85217674,126.5514814,"113,537",,79.90974694,126.2,,-0.396802241,0.165683199,-0.025436601,0.171200737,,1.210544312,-0.353902643,0.155668073,,0.698624125,-0.47318612
Oct,507466,,390414,143784,246629,,117052,51845,39836,25368,,1.171878115,,1.05451157,-3.224634023,3.728050806,,1.566201289,2.093261392,-3.766155333,9.970521935,,Sep,666620,61944.78137,606423.8387,,4150505,228771,3921734,,-1.870961094,-4.840990697,-0.935442121,,0.000626434,-2.448062359,0.147268861,,Sep,1389.955819,713.9388019,340.6369105,326.8186928,,127.105527,,674.7809865,1704.077707,,2.51438493,0.528623154,2.971351088,4.381548307,,2.66675426,,-0.742882219,-0.491866764,,Oct,16421,33454.85374,150425.2775,36454.54736,,60.32069193,133.7783054,"116,934",,81.24262169,126.7,,-3.796355967,-1.150652851,0.052961245,-1.738120849,,0.468515186,5.710580356,2.992307574,,1.667975195,0.396196513
Nov,493859,,380385,142583,237801,,113473,51570,38548,23354,,-2.681361904,,-2.568811569,-0.835280699,-3.579465513,,-3.057615419,-0.530427235,-3.233256351,-7.939135919,,Oct,669267,58414.78108,611351.2859,,4185337,225928,3959408,,0.397077795,-5.698624178,0.812541813,,0.839223179,-1.242727444,0.96064649,,Oct,1428.217799,730.7405773,366.3325513,334.4622143,,125.4584098,,684.552355,1748.818852,,2.752747952,2.353391542,7.543410609,2.338765072,,-1.295865893,,1.448079991,2.62553434,,Nov,16516,33035.06884,150546.9782,36680.88006,,58.98657253,129.8180518,"114,510",,79.8279359,127.7,,0.578527495,-1.254780264,0.080904447,0.620862735,,-1.334119396,-2.960310806,-2.073396634,,-1.741309878,0.789265983
Dec,491500,,378555,142517,236038,,112945,49846,38180,24916,,-0.477666702,,-0.481091526,-0.046288828,-0.741376193,,-0.465308928,-3.343028893,-0.954653938,6.688361737,,Nov,666247,59404.25305,606967.3431,,4170509,225777,3944731,,-0.451239939,1.693872609,-0.717090628,,-0.354284494,-0.066835452,-0.370686729,,Nov,1417.912377,722.2472706,364.5946438,331.1794339,,125.2745791,,668.871655,1708.192943,,-0.721558156,-1.162287547,-0.474407077,-0.981510077,,-0.146527239,,-2.290650205,-2.32304841,,Dec,16589,33147.28325,149979.0351,36837.58965,,58.2165156,127.6605993,"115,294",,81.09604118,127.8,,0.441995641,0.339682716,-0.377253075,0.427224167,,-0.770056928,-1.661904842,0.684772252,,1.588548254,0.078308536
Jan '11,493381,,381121,146900,234221,,112260,50934,37562,23762,,0.382706002,,0.677840736,3.075422581,-0.769791305,,-0.606489884,2.182722786,-1.618648507,-4.631562048,,Dec,682509,63464.16311,620814.577,,4218145,228028,3990117,,2.440836507,6.834376069,2.281380371,,1.142210699,0.997001466,1.150547401,,Dec,1410.355972,732.4563169,347.5249647,322.3746796,,124.348305,,686.4304169,1767.346238,,-0.532924703,1.413511245,-4.681823877,-2.658605403,,-0.739395048,,2.625131706,3.462916455,,Jan '11,16652,33604.23335,150823.2849,36393.85067,,57.29636356,126.5602053,"115,463",,81.49070238,128.4,,0.379769727,1.378544647,0.56291186,-1.204581996,,-0.920152044,-0.86196836,0.147031656,,0.486659018,0.469483568
Feb,489382,,380151,146198,233952,,109230,49138,37199,22891,,-0.810529793,,-0.254512346,-0.477876106,-0.114848797,,-2.699091395,-3.526131857,-0.966402215,-3.665516371,,Jan '11,666641,63594.8658,605696.3752,,4186307,227009,3959298,,-2.324951026,0.205947244,-2.435220159,,-0.754786761,-0.446874945,-0.772383366,,Jan '11,1400.776049,734.8820998,337.6407121,334.3399739,,127.8302958,,675.3185108,1742.336445,,-0.679255627,0.331184651,-2.844184911,3.711611082,,2.800191596,,-1.618795703,-1.41510433,,Feb,16958,33413.0803,150819.5087,36072.93229,,58.57715892,126.473096,"117,071",,81.11339511,128.6,,1.837617103,-0.568836241,-0.002503723,-0.881792889,,1.280795358,-0.068828358,1.391954723,,-0.46300652,0.15576324
Mar,492311,,380274,148327,231946,,112037,49175,38716,24143,,0.598509957,,0.032355564,1.456244271,-0.857440843,,2.56980683,0.07529814,4.078066615,5.469398454,,Feb,661400,62449.46264,602918.8705,,4186728,222566,3964161,,-0.786180268,-1.801093762,-0.458563872,,0.010056596,-1.957191125,0.122824804,,Feb,1380.491355,725.8710491,335.3562632,325.7658058,,123.5800691,,651.624589,1675.231114,,-1.448103996,-1.226189982,-0.676591655,-2.564505831,,-3.324897857,,-3.508555074,-3.851456537,,Mar,16709,33737.8424,150367.0898,36627.7886,,58.14728091,125.6917175,"115,041",,79.78749742,128.4,,-1.46833353,0.971960989,-0.299973765,1.538151404,,-0.429878002,-0.617821903,-1.733617882,,-1.634622358,-0.155520995
Apr,489423,,375095,139489,235605,,114327,50439,39225,24663,,-0.586621059,,-1.361912726,-5.958456653,1.577522354,,2.043967618,2.570411795,1.314701932,2.153833409,,Mar,664727,64489.88098,601156.9092,,4193055,225557,3967498,,0.503023889,3.267311287,-0.292238527,,0.151120398,1.343871032,0.084179225,,Mar,1419.448231,734.3111736,347.9479448,330.9664741,,123.7578786,,663.0351906,1666.379622,,2.821957245,1.162758104,3.75471788,1.59644388,,0.143882007,,1.751100526,-0.528374343,,Apr,17027,33555.72731,150854.3666,37404.86457,,58.9676181,128.8932593,"119,099",,81.3782188,128.7,,1.903165958,-0.539794714,0.32405819,2.121547601,,0.820337189,2.547138198,3.527458414,,1.993697548,0.23364486
May,505364,,384609,139242,245366,,120754,53655,40716,26381,,3.257100708,,2.536424106,-0.177074895,4.142951126,,5.621594199,6.376018557,3.801147228,6.965900337,,Apr,671831,64670.77601,605685.7095,,4252349,228879,4023470,,1.06870941,0.28050141,0.753347452,,1.41410022,1.47279845,1.410763156,,Apr,1407.808674,732.279617,349.5420397,333.780583,,122.3415278,,662.1752801,1711.324191,,-0.820005726,-0.27666154,0.458141801,0.850270087,,-1.144453029,,-0.129693036,2.697138643,,May,16859,32988.72999,151011.8164,36612.24204,,62.02729377,133.553174,"122,244",,82.0402701,129.4,,-0.986668233,-1.689718466,0.104372037,-2.119035949,,3.059675663,3.615328491,2.640338672,,0.813548527,0.543900544
Jun,502616,,385728,138053,247674,,116887,52024,39838,25023,,-0.543766473,,0.29094483,-0.853909022,0.940635622,,-3.202378389,-3.039791259,-2.156400432,-5.147644138,,May,672739,63053.41324,607660.046,,4256825,223833,4032992,,0.135153037,-2.500917518,0.325967152,,0.10525947,-2.204658357,0.236661389,,May,1424.515318,737.7795169,351.6559495,331.9613124,,126.1185487,,642.5304728,1635.927381,,1.186712678,0.751065541,0.604765534,-0.545049876,,3.087276292,,-2.966708048,-4.405758461,,Jun,17199,33362.71745,152376.2691,37378.8672,,61.42304702,129.3957865,"121,370",,80.76399191,129.7,,2.016726971,1.133682506,0.903540331,2.09390387,,-0.60424675,-3.112908042,-0.714469162,,-1.555672826,0.231839258
Jul,498848,,381142,145019,236122,,117705,54048,38856,24798,,-0.749677686,,-1.18892069,5.045888173,-4.664195677,,0.699821195,3.890512071,-2.464983182,-0.899172761,,Jun,677904,65316.6937,614230.2481,,4287417,223216,4064202,,0.767756886,3.589465404,1.081229898,,0.718657685,-0.275651937,0.773867144,,Jun,1415.074188,735.4220483,347.2297324,324.7419941,,122.5698021,,660.9379062,1692.580332,,-0.662760856,-0.319535643,-1.258678307,-2.174746876,,-2.813818182,,2.864834308,3.463048028,,Jul,17186,33614.11849,153033.3923,37533.19166,,61.46247091,128.2569832,"122,258",,81.77195055,129.7,,-0.07558579,0.753538854,0.431250357,0.41286554,,0.039423893,-0.880093001,0.73107766,,1.248029744,0
Aug,494623,,381795,147293,234501,,112827,51212,37631,23982,,-0.846951376,,0.171327222,1.568070391,-0.686509516,,-4.144258952,-5.247187685,-3.152666255,-3.290587951,,Jul,682717,61410.91036,619725.4356,,4317845,221989,4095856,,0.709982534,-5.979762773,0.894646196,,0.709704701,-0.549691778,0.778849083,,Jul,1415.723853,742.8079211,345.6860479,329.1142658,,127.7467206,,657.6047377,1683.947007,,0.045910253,1.00430396,-0.444571514,1.346383219,,4.223649265,,-0.504308877,-0.510068839,,Aug,17179,33527.5875,152598.3145,37262.759,,60.04711078,127.7058802,"120,568",,80.63865717,129.7,,-0.040730827,-0.257424551,-0.284302542,-0.720516009,,-1.415360129,-0.429686597,-1.382045104,,-1.385919473,0
Sep,501634,,382758,147480,235278,,118876,55263,38919,24691,,1.417443184,,0.2522296,0.126957832,0.331341871,,5.361305361,7.910255409,3.42271,2.956383955,,Aug,678219,58949.11284,617190.5553,,4299914,219650,4080263,,-0.658838142,-4.008729895,-0.409032809,,-0.415276602,-1.053655812,-0.380701861,,Aug,1405.842665,733.0233502,343.3724506,329.1603148,,124.6961022,,657.1328723,1668.711825,,-0.697960124,-1.317241056,-0.669277014,0.013991799,,-2.388020966,,-0.071755167,-0.904730486,,Sep,17106,33533.31877,153939.4332,37586.29992,,60.00420362,130.0865016,"121,837",,81.84127134,129.7,,-0.424937424,0.017094189,0.878855517,0.868268818,,-0.042907164,1.86414396,1.052194053,,1.49136185,0
Oct,490225,,377568,153604,223964,,112656,51263,37640,23751,,-2.274367367,,-1.355948145,4.152427448,-4.808779401,,-5.232342946,-7.238115918,-3.286312598,-3.807055202,,Sep,682657,58696.31451,623196.2257,,4323950,221955,4101995,,0.654360907,-0.428841626,0.973065845,,0.558987924,1.049396768,0.532612726,,Sep,1429.68226,734.5339499,350.2691621,333.8054411,,124.0509509,,653.3762374,1677.517801,,1.695751271,0.206077984,2.008522077,1.411204843,,-0.517378861,,-0.57167051,0.527710994,,Oct,16817,33028.10416,154254.6263,36710.04402,,58.54432209,126.6608704,"118,010",,82.12104725,130.4,,-1.689465685,-1.506604858,0.204751423,-2.331317262,,-1.459881531,-2.633348677,-3.140601649,,0.341851863,0.539707016
Nov,502579,,384376,155405,228971,,118202,53868,40278,24053,,2.520067316,,1.803118908,1.172495508,2.235627154,,4.922951285,5.081637828,7.008501594,1.271525409,,Oct,684875,62544.4589,621061.1821,,4355039,227126,4127914,,0.324906944,6.556023869,-0.342595721,,0.718995363,2.329751526,0.631863276,,Oct,1428.786467,745.019324,348.2452577,338.293673,,125.3115221,,654.414725,1688.322598,,-0.062656752,1.42748665,-0.577814039,1.344565223,,1.016172137,,0.158941747,0.644094367,,Nov,16724,33078.81562,154736.8954,36275.3652,,61.14336491,132.0084073,"123,738",,82.97099161,130.6,,-0.553011833,0.153540331,0.312644774,-1.184086914,,2.599042823,4.22193286,4.853584901,,1.034989682,0.153374233
Dec,505507,,385789,155809,229979,,119718,54555,40198,24963,,0.582594975,,0.3676088,0.259965896,0.440230422,,1.282550211,1.275339719,-0.198619594,3.783311853,,Nov,686595,63340.80929,622926.1969,,4372102,224624,4147479,,0.251140719,1.27325491,0.300294848,,0.391799017,-1.101591187,0.473968208,,Nov,1441.040003,761.6008606,347.0486977,335.5510734,,125.2041095,,651.0994216,1681.25758,,0.857618405,2.225651877,-0.343596942,-0.810715598,,-0.08571643,,-0.506605874,-0.418463767,,Dec,17075,33788.72467,155806.0029,36432.79483,,59.65976541,127.3841187,"121,852",,82.28200636,130.7,,2.098780196,2.146113879,0.690919595,0.433984963,,-1.483599498,-3.503025846,-1.524394507,,-0.830392933,0.076569678
Jan '12,493186,,375936,145854,230082,,117250,52085,39920,25243,,-2.437354972,,-2.553986765,-6.389232971,0.044786698,,-2.061511218,-4.527541014,-0.691576695,1.121660057,,Dec,682234,61115.30173,621458.2459,,4414491,223125,4191365,,-0.635163379,-3.513544559,-0.235654083,,0.969533648,-0.667337417,1.058136762,,Dec,1463.600936,757.7700895,361.1247422,344.8790886,,126.5844727,,661.7500565,1726.464104,,1.565600771,-0.502989333,4.055927787,2.779909209,,1.102490287,,1.635792412,2.688851782,,Jan '12,16440,33392.32347,154127.4967,37145.54808,,60.16951319,127.2828871,"122,003",,81.76730189,130.8,,-3.718887262,-1.173175961,-1.07730524,1.95635076,,0.509747776,-0.079469572,0.124026434,,-0.625537092,0.076511094
Feb,510840,,388467,152513,235954,,122372,55136,41078,26157,,3.579582551,,3.333280133,4.565524429,2.552133587,,4.368443497,5.857732553,2.900801603,3.620805768,,Jan '12,689083,61851.27215,628422.8729,,4439335,224273,4215063,,1.00390775,1.204232659,1.120691059,,0.562782889,0.514509804,0.565400532,,Jan '12,1475.747634,772.5602549,355.5605908,352.4666638,,126.6855654,,626.8456126,1636.2854,,0.829918706,1.951801163,-1.540783761,2.200068209,,0.079861906,,-5.274566071,-5.223317648,,Feb,15992,32736.88529,153556.4974,37327.32115,,58.12733497,129.2616798,"121,238",,82.8350588,131.1,,-2.725060827,-1.962840896,-0.37047204,0.489353566,,-2.042178217,1.554641569,-0.627138413,,1.305848284,0.229357798
Mar,506342,,383132,148530,234602,,123210,55552,40936,26720,,-0.880510532,,-1.373347028,-2.611580652,-0.572993041,,0.684797176,0.754497969,-0.345683821,2.152387506,,Feb,685194,60411.01648,627292.3176,,4457010,223819,4233191,,-0.564373232,-2.328578901,-0.17990359,,0.398145218,-0.202431858,0.430076609,,Feb,1478.586592,758.4581772,359.3221927,345.3039389,,128.0966154,,642.9161766,1663.965795,,0.19237421,-1.825369304,1.05793554,-2.032170889,,1.113820623,,2.563719631,1.691660553,,Mar,15861,32124.79122,154672.4752,37762.56272,,60.67468828,130.5513548,"123,143",,84.7358468,131,,-0.81915958,-1.869738272,0.726753875,1.166013406,,2.547353308,0.997724161,1.571588169,,2.294666081,-0.076277651
Apr,506684,,389429,146626,242802,,117255,52994,37497,26763,,0.067543281,,1.643558878,-1.281895913,3.49528137,,-4.83321159,-4.6046947,-8.400918507,0.160928144,,Mar,683096,57942.38275,625723.5962,,4503170,221484,4281687,,-0.306190655,-4.086396605,-0.250078199,,1.035671897,-1.043253701,1.145613321,,Mar,1464.164677,750.4304247,364.6806368,347.0550307,,123.8724267,,632.077601,1634.786493,,-0.97538518,-1.058430464,1.491264454,0.507116089,,-3.297658332,,-1.685845835,-1.753599865,,Apr,15215,33671.92413,155930.9037,37793.49505,,60.6383093,133.3543322,"124,020",,83.77845145,131.8,,-4.072883173,4.816009227,0.813608588,0.081912703,,-0.036378983,2.147030504,0.711859806,,-1.129858708,0.610687023
May,496447,,377341,141615,235725,,119106,53588,38622,26894,,-2.020391408,,-3.1040318,-3.417538499,-2.914720637,,1.57861072,1.120881609,3.000240019,0.489481747,,Apr,686414,55343.68216,631656.4989,,4475389,216118,4259271,,0.485729678,-4.484973638,0.948166684,,-0.616920969,-2.42274837,-0.523531963,,Apr,1476.860657,767.454372,366.0624496,346.1730465,,125.5861966,,652.6391656,1669.216529,,0.86711418,2.268557703,0.378910374,-0.254133813,,1.383495862,,3.253012696,2.106087636,,May,15507,33778.27092,156130.2242,35827.26246,,60.10388749,129.9743771,"121,748",,82.71753822,132.2,,1.919158725,0.315832234,0.127826151,-5.202568836,,-0.53442181,-2.534567117,-1.8316047,,-1.26633187,0.303490137
Jun,483497,,367290,131047,236242,,116206,52770,37177,26257,,-2.608536259,,-2.66363846,-7.462486319,0.219323364,,-2.434805971,-1.526461148,-3.741390917,-2.368558043,,May,687143,55007.48634,632155.5452,,4484674,215633,4269042,,0.106204128,-0.607469201,0.079005956,,0.207467999,-0.22441444,0.229405455,,May,1463.165249,754.5451719,360.5592971,345.5490558,,124.230874,,648.1366216,1645.796074,,-0.927332444,-1.682080463,-1.503337069,-0.180253987,,-1.079197075,,-0.689897919,-1.403080734,,Jun,15305,33313.40373,156973.2926,36128.19698,,57.38878247,125.9578822,"118,319",,82.49980642,132.6,,-1.302637519,-1.376231468,0.539977716,0.839959582,,-2.715105021,-3.090220576,-2.81662628,,-0.26322326,0.302571861
Jul,487019,,372846,143628,229218,,114172,51507,36865,25798,,0.728442989,,1.512701135,9.600372385,-2.973222374,,-1.750339914,-2.393405344,-0.839228555,-1.748105267,,Jun,687659,55895.58498,629835.2437,,4489143,220674,4268469,,0.075093539,1.614505047,-0.367045969,,0.099650499,2.337768338,-0.013422215,,Jun,1443.472928,758.331467,349.6339879,341.3866361,,122.3519962,,648.4783884,1627.709284,,-1.345871278,0.501798332,-3.030100529,-1.204581407,,-1.512408118,,0.052730674,-1.098969085,,Jul,16009,33491.74486,156780.3361,36171.04559,,59.23683259,128.5490258,"119,943",,83.3017119,132.5,,4.599803986,0.535343464,-0.122923116,0.118601577,,1.848050123,2.057150789,1.372799025,,0.972008919,-0.075414781
Aug,496238,,381283,141571,239711,,114955,52265,37119,25569,,1.892944628,,2.262864561,-1.432172,4.577738223,,0.685807378,1.471644631,0.689000407,-0.887665711,,Jul,689705,56485.21427,630904.1585,,4499426,223045,4276381,,0.297531189,1.05487632,0.169713401,,0.229063766,1.074435593,0.1853592,,Jul,1451.970457,762.6212879,349.3715187,342.2270227,,125.1942799,,641.9439075,1631.559546,,0.588686386,0.565692065,-0.075069728,0.246168554,,2.323038266,,-1.007663635,0.236544858,,Aug,16078,34316.61839,156656.2068,36497.1625,,60.10933456,127.9956385,"120,652",,83.92388606,132.5,,0.431007558,2.462915985,-0.079174072,0.901596584,,0.872501976,-0.43048733,0.591324337,,0.746892402,0
Sep,496501,,382556,145735,236821,,113944,51356,35779,26808,,0.052998763,,0.33387274,2.941280347,-1.205618432,,-0.879474577,-1.739213623,-3.610011046,4.845711604,,Aug,688036,54708.31494,633193.872,,4480761,219807,4260954,,-0.241987516,-3.145777806,0.36292573,,-0.414830692,-1.451724988,-0.36074896,,Aug,1452.910653,753.5080806,351.9560816,341.7309137,,126.6621014,,656.6886629,1677.248616,,0.064753116,-1.194984643,0.739774956,-0.144964878,,1.17243498,,2.296891544,2.80033113,,Sep,15889,35410.11804,156728.1954,35735.12907,,59.37641986,128.467515,"120,083",,83.8340968,132.6,,-1.175519343,3.186501758,0.045953229,-2.087925146,,-0.732914703,0.368666041,-0.471790719,,-0.106988913,0.075471698
Oct,498917,,378409,137193,241216,,120507,57843,37437,25224,,0.486605264,,-1.0840243,-5.861323635,1.855832042,,5.759846942,12.63143547,4.634003186,-5.908683975,,Sep,697236,58429.29768,637364.6115,,4534074,226614,4307460,,1.337139336,6.801493965,0.658682856,,1.189820211,3.096807654,1.091445718,,Sep,1465.213336,769.6992892,357.5248097,345.0984159,,125.085599,,653.3545538,1675.944493,,0.846761193,2.148777032,1.582222419,0.985425122,,-1.24465203,,-0.507715334,-0.07775368,,Oct,15687,35310.65131,157822.5267,35597.93455,,59.98678505,131.2886906,"123,326",,83.57874367,133,,-1.271319781,-0.280899186,0.69823517,-0.383920594,,0.610365193,2.196022627,2.700132933,,-0.304593407,0.301659125
Nov,491642,,376532,137582,238950,,115109,53530,36353,25225,,-1.458158371,,-0.496024143,0.283542163,-0.939407005,,-4.479407835,-7.456390574,-2.895531159,0.003964478,,Oct,687327,54541.41906,631776.0481,,4510203,224216,4285987,,-1.421183071,-6.65398827,-0.876823613,,-0.526480159,-1.058187049,-0.498507241,,Oct,1478.945071,773.0365018,358.1157095,349.7203706,,126.8340756,,648.4288036,1670.617951,,0.937183289,0.433573562,0.165275201,1.339314955,,1.397824048,,-0.753916877,-0.3178233,,Nov,15781,35513.79501,158247.8226,36504.38556,,58.39693457,128.7613289,"120,474",,84.56246292,133.2,,0.599222286,0.575304326,0.269477308,2.546358445,,-1.589850483,-1.92504151,-2.312294131,,1.176996932,0.15037594
Dec,496687,,379068,136347,242720,,117618,56053,36411,25152,,1.026153176,,0.673515133,-0.897646494,1.577735928,,2.179673179,4.713244909,0.159546667,-0.289395441,,Nov,694238,54848.92713,640121.1111,,4563246,225340,4337906,,1.005489381,0.5638065,1.320889417,,1.176066798,0.501302316,1.21136625,,Nov,1492.481757,780.8007038,358.5557263,346.8651553,,125.6765475,,646.4122584,1676.955592,,0.915293379,1.004377153,0.122870001,-0.816428074,,-0.912631808,,-0.310989445,0.379359077,,Dec,15973,35053.47363,159331.0226,36616.95627,,59.29117767,131.0152881,"123,010",,84.76509506,133.4,,1.216652937,-1.29617628,0.684495983,0.308375848,,0.894243101,1.750493899,2.104942668,,0.239624223,0.15015015
Jan '13,503689,,384532,146219,238313,,119157,57334,36363,25458,,1.409740943,,1.441430034,7.240349989,-1.81567238,,1.308473193,2.285337092,-0.131828294,1.216603053,,Dec,695923,53255.40205,643887.1243,,4597682,226921,4370760,,0.242712153,-2.905298533,0.588328239,,0.754638255,0.701606461,0.757370031,,Dec,1453.370988,769.3552689,352.7349992,338.44575,,125.9357223,,637.078248,1650.914227,,-2.6205191,-1.465858692,-1.623381445,-2.427284832,,0.206223695,,-1.44397176,-1.552895355,,Jan '13,15883,35210.92762,159158.8505,37412.20286,,58.80784634,131.604974,"122,801",,85.03404402,133.7,,-0.563450823,0.449182287,-0.108059377,2.171798723,,-0.483331335,0.450089399,-0.169708438,,0.31728739,0.224887556
Feb,503676,,379951,142961,236989,,123725,56686,39869,27168,,-0.002580958,,-1.191318278,-2.228164602,-0.555571874,,3.83359769,-1.130219416,9.641668729,6.716945557,,Jan '13,696012,55346.00914,643311.4653,,4613907,223751,4390157,,0.012788771,3.925624461,-0.089403714,,0.35289522,-1.396961938,0.443790096,,Jan '13,1454.243694,771.6512176,354.4590378,331.6598411,,127.2478614,,646.9378502,1668.899528,,0.060047013,0.29842504,0.488763141,-2.005021185,,1.041911781,,1.547628139,1.089414654,,Feb,16131,35508.43578,160672.3079,38023.03092,,59.15185723,131.3343349,"124,789",,85.35772111,134.3,,1.561417868,0.844931333,0.950909947,1.632697383,,0.344010895,-0.205645027,1.618528937,,0.380644119,0.448765894
Mar,497316,,377051,142146,234905,,120264,57687,35815,26760,,-1.262716508,,-0.763256315,-0.570085548,-0.879365709,,-2.797332795,1.765868116,-10.16830119,-1.501766784,,Feb,708690,55325.20089,654162.1881,,4638575,225928,4412647,,1.821520319,-0.037596656,1.686698173,,0.5346445,0.972956545,0.512282363,,Feb,1458.736658,776.8728487,350.5303452,340.0652586,,127.8013492,,644.8845474,1681.771582,,0.308955415,0.676682797,-1.108362946,2.534348903,,0.434968243,,-0.317387946,0.771289935,,Mar,15857,35753.34155,160927.7107,37744.36801,,58.64663255,130.3104697,"125,024",,84.77524482,134.4,,-1.698592772,0.689711507,0.158958831,-0.732879273,,-0.505224678,-0.77958685,0.188336564,,-0.682394382,0.074460164
Apr,501132,,378847,147883,230963,,122285,58768,36919,26596,,0.767318968,,0.476328136,4.035991164,-1.6781252,,1.680469633,1.873905733,3.082507329,-0.612855007,,Mar,705060,53226.00382,652540.8496,,4658207,225641,4432566,,-0.512212674,-3.794287297,-0.247849615,,0.423233428,-0.127031621,0.451407058,,Mar,1449.393222,771.7634128,344.9482199,339.4644604,,126.8329296,,640.2077589,1630.791472,,-0.64051566,-0.657692678,-1.592479891,-0.176671443,,-0.757753812,,-0.725213306,-3.031333778,,Apr,15420,34535.52624,165092.8888,37577.25248,,59.42710151,129.7813194,"123,031",,85.75240424,126.1,,-2.755880684,-3.406158002,2.588229302,-0.442756202,,0.780468953,-0.406068939,-1.593911932,,1.152647127,-6.175595238
May,498896,,378362,149985,228377,,120533,57745,37581,25204,,-0.446189826,,-0.128020019,1.42139394,-1.119659859,,-1.432718649,-1.740743262,1.793114656,-5.233869755,,Apr,709886,53849.49318,656677.0897,,4632910,219555,4413355,,0.684480753,1.171399905,0.633866844,,-0.543063028,-2.697204852,-0.433405842,,Apr,1470.137696,777.3562284,348.0573263,343.6611243,,127.1891561,,634.3941446,1629.424624,,1.431252355,0.724680064,0.901325532,1.236260154,,0.280862753,,-0.908082453,-0.083815025,,May,15769,34616.27966,165724.0485,37590.10039,,60.03026969,128.9619331,"124,761",,85.62031863,126.3,,2.263294423,0.233827093,0.382305759,0.034190661,,0.603168182,-0.631359158,1.406020016,,-0.154031384,0.158604282
Jun,520258,,395453,157468,237985,,124804,58643,39160,26999,,4.281854334,,4.517102669,4.989165583,4.207078646,,3.543427941,1.555112997,4.20159123,7.121885415,,May,720643,53100.86283,668870.0059,,4669068,221801,4447267,,1.515313726,-1.390227296,1.856759794,,0.780459797,1.022978297,0.768395019,,May,1471.66576,769.9375465,349.7203724,341.9610624,,129.142544,,638.7333348,1635.548872,,0.103940194,-0.954347781,0.477808085,-0.494691346,,1.535813277,,0.68398964,0.375853417,,Jun,15744,36100.18296,163858.6858,36975.62847,,62.51049533,132.2544064,"129,153",,84.36922178,127,,-0.158538905,4.286720919,-1.125583587,-1.634664193,,2.480225641,2.553058233,3.52078471,,-1.461214895,0.554235946
Jul,523265,,396391,150956,245435,,126874,58523,39799,28550,,0.577982463,,0.237196329,-4.135443392,3.130449398,,1.658600686,-0.204628003,1.631767109,5.74465721,,Jun,725449,54529.30711,669651.4278,,4694070,220676,4473395,,0.666904417,2.69005851,0.116827178,,0.535481599,-0.507211419,0.587506889,,Jun,1502.7405,788.9403579,364.7862106,352.1989565,,133.0872329,,636.3834835,1639.919327,,2.111535164,2.468097767,4.307967005,2.993877152,,3.054523105,,-0.367892391,0.267216397,,Jul,15821,36022.97444,164908.1553,36847.88616,,62.02022291,131.17681,"129,088",,86.6149069,127.2,,0.489075203,-0.21387293,0.640472324,-0.345477065,,-0.490272417,-0.814790515,-0.050558433,,2.661735017,0.157480315
Aug,526139,,396040,153597,242443,,130098,63206,38739,28151,,0.549243691,,-0.088548933,1.749516415,-1.219060036,,2.541103772,8.001982127,-2.663383502,-1.397548161,,Jul,729716,53608.78395,674794.3907,,4715225,217400,4497826,,0.588187454,-1.688125532,0.768005955,,0.450675001,-1.484529355,0.546140012,,Jul,1506.722781,787.9920965,364.4333531,354.3558233,,127.0446686,,646.3628161,1657.726177,,0.265001251,-0.120194307,-0.096729944,0.612400113,,-4.540303479,,1.568131939,1.085836925,,Aug,15742,35846.15758,167463.5435,36599.59894,,63.55104965,131.9553025,"130,272",,86.50097276,127.2,,-0.499336325,-0.490844715,1.549582643,-0.673816723,,1.530826739,0.593468111,0.916852404,,-0.131541021,0
Sep,515978,,390481,147444,243036,,125497,58206,39110,28179,,-1.931238703,,-1.403646096,-4.005937616,0.244593575,,-3.536564744,-7.910641395,0.957691216,0.099463607,,Aug,739366,54291.24186,683117.3407,,4734396,220646,4513750,,1.322432289,1.273033741,1.233405334,,0.406576568,1.493100276,0.354037706,,Aug,1536.157511,799.0901878,369.5979042,364.5328125,,130.7995973,,650.0762671,1667.894784,,1.953559721,1.408401349,1.417145565,2.871968929,,2.955597205,,0.57451494,0.613406939,,Sep,15860,35449.42693,166390.8159,36187.92116,,63.03013975,134.9601432,"132,964",,86.07172971,127.3,,0.749587092,-1.106759193,-0.640573789,-1.124815003,,-0.520909904,2.277165502,2.066796022,,-0.496229165,0.078616352
Oct,508917,,389944,152418,237526,,118972,55760,35605,27605,,-1.368469198,,-0.137522696,3.37348417,-2.267153837,,-5.199327474,-4.202315912,-8.961902327,-2.036977891,,Sep,745127,54873.97811,689706.6928,,4743951,216280,4527671,,0.779181082,1.073352223,0.96460034,,0.201820887,-1.978735169,0.308413182,,Sep,1514.083861,786.4211056,363.0105314,359.372294,,129.5237844,,631.1894147,1608.698328,,-1.436939234,-1.585438341,-1.782307957,-1.415652669,,-0.975395085,,-2.905328702,-3.549172077,,Oct,16069,35479.42661,167838.5929,36368.35763,,61.32629409,133.9250168,"130,735",,86.78622241,127.3,,1.31778058,0.084626693,0.870106343,0.498609652,,-1.703845655,-0.766986745,-1.676499744,,0.830113094,0
Nov,526908,,394771,153271,241500,,132137,60359,41313,30462,,3.535154062,,1.237870053,0.559645186,1.67308,,11.06562889,8.24784792,16.03145626,10.34957435,,Oct,752538,54388.20277,697326.4082,,4772641,216548,4556093,,0.994595552,-0.885256299,1.104776192,,0.604770159,0.123913446,0.627739957,,Oct,1515.433601,790.3795639,361.6642139,356.7274976,,129.8196734,,653.1054877,1679.220565,,0.089145653,0.503350979,-0.370875599,-0.735948893,,0.228443772,,3.472186391,4.383807423,,Nov,15918,35203.20679,167188.8444,38241.32747,,60.99336681,134.974099,"131,522",,87.06886936,127.3,,-0.939697554,-0.778535183,-0.387127038,5.149998418,,-0.33292728,0.783335527,0.601734228,,0.325681825,0
Dec,508389,,385604,147856,237748,,122784,58425,38016,26342,,-3.51465531,,-2.322105727,-3.532957963,-1.553623188,,-7.078259685,-3.204161765,-7.980538813,-13.5250476,,Nov,755821,53315.39847,702002.6299,,4803711,220818,4582893,,0.43625704,-1.97249448,0.670592954,,0.651002244,1.971849197,0.588223287,,Nov,1535.285565,806.5759698,365.1858976,368.6072393,,133.5635203,,643.4301587,1664.503278,,1.309985747,2.049193401,0.973744031,3.33020072,,2.883882507,,-1.481434335,-0.876435611,,Dec,15851,35443.11383,166398.556,37946.32552,,61.56472412,136.0211911,"132,578",,87.54834427,128,,-0.420907149,0.681492001,-0.472692062,-0.771421828,,0.571357311,0.775772648,0.80301037,,0.550684666,0.549882168
Jan '14,524022,,392550,150751,241799,,131471,63401,40095,27973,,3.075007524,,1.801329862,1.957986149,1.703904975,,7.075026062,8.516902011,5.46875,6.191633133,,Dec,756777,52377.51785,704690.5114,,4728169,211993,4516176,,0.126484975,-1.759117708,0.382887663,,-1.572575869,-3.996503908,-1.455783497,,Dec,1557.299152,815.2584644,368.2475876,372.3966301,,134.9076828,,643.5947363,1680.463463,,1.433843141,1.076463335,0.838392198,1.028029419,,1.006384449,,0.025578164,0.958855771,,Jan '14,15698,35777.08094,167037.6699,38052.22364,,62.68310372,136.0301379,"134,426",,87.80732494,127.9,,-0.965238786,0.942262331,0.384086251,0.279073449,,1.118379593,0.006577482,1.393765734,,0.295814465,-0.078125
Feb,513585,,383562,145757,237805,,130022,63172,38141,28706,,-1.991710272,,-2.289644631,-3.312747511,-1.65178516,,-1.102144199,-0.361193041,-4.873425614,2.620383942,,Jan '14,761360,54626.72018,709530.3573,,4783406,220730,4562676,,0.605594515,4.294213272,0.686804463,,1.168253504,4.121362498,1.029632149,,Jan '14,1585.82733,828.8974384,375.3206564,377.7764151,,135.0008284,,643.7866096,1681.512814,,1.831900965,1.672963191,1.920737283,1.44463848,,0.069043965,,0.029812748,0.062444097,,Feb,15790,36013.35787,166521.2886,38453.22105,,62.43885463,136.6251048,"134,663",,88.12667988,128.2,,0.586061919,0.660414207,-0.309140625,1.053808083,,-0.244249085,0.437378769,0.176449472,,0.363699664,0.234558249
Mar,519919,,386218,148460,237758,,133700,65651,39697,28351,,1.233291471,,0.6924565,1.85445639,-0.019764092,,2.828752057,3.924206927,4.079599381,-1.23667526,,Feb,757811,54279.99565,702856.5822,,4829630,221685,4607945,,-0.46613954,-0.634715995,-0.940590495,,0.96634072,0.43265528,0.992158987,,Feb,1561.698588,825.0408245,376.2296686,366.8086116,,135.4834634,,592.0951616,1563.965836,,-1.521523905,-0.465270338,0.242196158,-2.903252577,,0.357505221,,-8.029282882,-6.990548997,,Mar,15874,36334.7291,167208.9992,38082.36781,,61.94493848,136.8695229,"135,892",,88.59594354,128.4,,0.531982267,0.89236676,0.412986564,-0.964426995,,-0.493916151,0.178896882,0.912521714,,0.532487608,0.15600624
Apr,518831,,388281,147990,240291,,130549,63746,39318,27482,,-0.209263366,,0.534154286,-0.316583592,1.065368989,,-2.356768886,-2.901707514,-0.954732096,-3.065147614,,Mar,771655,56345.26538,714599.8561,,4848926,220990,4627937,,1.826840729,3.804845067,1.670792332,,0.399533712,-0.313507905,0.433859345,,Mar,1565.500886,819.5678253,377.1263303,370.963013,,136.4598682,,627.9495234,1621.350847,,0.243471966,-0.663361018,0.238328281,1.132580108,,0.72068189,,6.055506646,3.669198449,,Apr,15963,35913.71518,168488.4085,38721.21537,,63.18794069,137.6466191,"137,990",,87.48007979,129,,0.560665239,-1.158709394,0.765155756,1.677541604,,1.243002211,0.567764203,1.54394013,,-1.259497559,0.46728972
May,534885,,398861,151681,247180,,136023,67911,38442,29667,,3.094263835,,2.724830728,2.494087438,2.866940501,,4.193061609,6.533743294,-2.227987181,7.950658613,,Apr,770959,57796.8109,714557.4659,,4881416,227508,4653907,,-0.090195748,2.576162367,-0.005932019,,0.670045284,2.949454726,0.561157164,,Apr,1597.698705,837.3393928,382.3616981,382.3360692,,136.2341049,,635.1891793,1636.184869,,2.056710359,2.168407172,1.388226556,3.06581946,,-0.165442987,,1.152904112,0.914917471,,May,16650,36877.23689,169265.8669,37646.38738,,64.03074076,138.3354765,"137,696",,89.38544064,129,,4.303702312,2.68287952,0.46143143,-2.775811608,,0.842800067,0.500453573,-0.213116537,,2.178051118,0
Jun,531368,,396139,150421,245718,,135229,66666,39226,29334,,-0.657524515,,-0.682443257,-0.830690726,-0.591471802,,-0.583724811,-1.833281795,2.039436034,-1.122459298,,May,782031,59477.75326,722375.3624,,4946648,227750,4718898,,1.436133439,2.908365229,1.094089264,,1.336333556,0.106369886,1.396482568,,May,1618.375708,833.5860759,392.1989847,388.416194,,136.2656622,,626.7798791,1607.008343,,1.294174106,-0.448243194,2.572769878,1.59025666,,0.023164018,,-1.32390483,-1.783204742,,Jun,16516,36728.10737,169949.6937,37528.18235,,63.54978103,136.6951892,"138,050",,90.30978086,129.2,,-0.804804805,-0.404394521,0.403995667,-0.313987708,,-0.480959725,-1.18573149,0.257471251,,1.034106017,0.15503876
Jul,535120,,399584,143638,255945,,135536,67024,38694,29815,,0.706101986,,0.869644241,-4.509343775,4.162088248,,0.22702231,0.53700537,-1.356243308,1.639735461,,Jun,781485,56459.41612,724554.4779,,4947066,221657,4725410,,-0.069818204,-5.074732933,0.301659715,,0.008450167,-2.675301866,0.137998321,,Jun,1616.412899,832.510688,395.1374426,382.921417,,135.9530141,,629.4525894,1624.61506,,-0.121282638,-0.129007426,0.74922628,-1.414662197,,-0.229440126,,0.426419286,1.095620794,,Jul,16604,36543.4662,171132.7079,37719.86057,,63.19567085,135.3291546,"137,162",,87.71897607,129.5,,0.532816663,-0.502724429,0.696096684,0.510758078,,-0.35411018,-0.999328924,-0.643664377,,-2.868797566,0.232198142
Aug,539785,,400638,149205,251432,,139146,68739,39486,30920,,0.87176708,,0.263774325,3.87571534,-1.763269452,,2.663498997,2.558784913,2.046828966,3.70618816,,Jul,787857,56659.63717,730590.9359,,4959236,227121,4732115,,0.815370736,0.354628254,0.833126866,,0.246004399,2.465069905,0.14189245,,Jul,1615.257534,836.4594888,395.108752,379.5254702,,136.5257789,,632.8845817,1610.512276,,-0.071477112,0.474324333,-0.007260911,-0.886852134,,0.421296119,,0.545234452,-0.868069277,,Aug,15906,36537.36446,171937.7549,38061.98746,,65.83675647,140.0033248,"141,676",,89.54968879,129.8,,-4.203806312,-0.016697201,0.470422662,0.907020541,,2.641085619,3.453926976,3.291689204,,2.087020169,0.231660232
Sep,537411,,403376,147781,255594,,134035,65205,38465,30363,,-0.439804737,,0.683409961,-0.954391609,1.655318337,,-3.67312032,-5.141186226,-2.585726587,-1.801423027,,Aug,808646,57988.72617,748522.8392,,5023460,222786,4800674,,2.638676816,2.345742178,2.454438245,,1.295038187,-1.908674231,1.448802491,,Aug,1659.498192,871.4901254,405.3629685,387.2053756,,140.5154758,,654.0171321,1676.040944,,2.738922895,4.187965721,2.595289627,2.023554681,,2.92230301,,3.3390844,4.068808969,,Sep,15973,36524.61753,172135.458,38343.9843,,63.445306,137.5678781,"140,445",,89.55254933,129.8,,0.421224695,-0.034887377,0.114985275,0.740888383,,-2.391450471,-1.739563496,-0.869133277,,0.003194362,0
Oct,549273,,411550,152137,259413,,137722,67833,38758,31129,,2.2072492,,2.026397208,2.947604902,1.49416653,,2.750774052,4.030365769,0.761731444,2.522807364,,Sep,797636,55033.25023,741504.6087,,5006535,219195,4787340,,-1.361535208,-5.096638836,-0.937610737,,-0.336919175,-1.611860709,-0.277752666,,Sep,1628.422257,848.3291793,399.4159298,381.5995264,,137.0669993,,642.6214333,1636.740966,,-1.872610406,-2.65762577,-1.46708979,-1.447771532,,-2.454161368,,-1.742415941,-2.344810156,,Oct,16095,36285.954,173235.5311,38539.64131,,64.1926535,140.0359961,"144,631",,92.8035184,130,,0.763788894,-0.653431979,0.639074059,0.510267807,,0.747347494,1.79410929,2.980209978,,3.630236209,0.154083205
Nov,534770,,401147,151849,249298,,133623,64977,38934,29710,,-2.640399219,,-2.527760904,-0.189303062,-3.899187782,,-2.976285561,-4.2103401,0.454099799,-4.55845032,,Oct,800325,56142.98171,744961.2016,,5045269,219559,4825710,,0.337121193,2.016474527,0.466159331,,0.773668815,0.166062182,0.801488927,,Oct,1623.330419,841.2309337,397.9429083,374.9579105,,139.5872711,,630.7646301,1619.527855,,-0.312685306,-0.836732457,-0.368793878,-1.740467552,,1.838715209,,-1.845068129,-1.051669803,,Nov,16589,35975.68856,172793.7295,37805.55449,,65.74174679,146.2043925,"149,510",,91.6055833,130.3,,3.069276173,-0.855056599,-0.255029425,-1.904757794,,1.549093294,4.404864877,3.373760451,,-1.290829407,0.230769231
Dec,557734,,413857,157490,256367,,143876,71281,41395,31198,,4.294182546,,3.168414571,3.714874645,2.835562259,,7.673080233,9.701894517,6.320953408,5.008414675,,Nov,814476,55808.57562,758841.7265,,5048407,213566,4834841,,1.768156686,-0.595632934,1.863254738,,0.062196882,-2.729562441,0.18921568,,Nov,1627.548965,854.0875874,403.5243165,377.0138054,,141.150221,,643.8683231,1661.18339,,0.259869775,1.528314432,1.40256508,0.548300182,,1.119693731,,2.077429896,2.572078936,,Dec,16725,36359.68191,173616.8916,38162.37428,,64.95250706,143.8372035,"148,482",,91.46443444,130.8,,0.819820363,1.067369002,0.476384248,0.943829022,,-0.789239725,-1.619095694,-0.68795551,,-0.154083244,0.383729854
Jan '15,554152,,419452,158955,260496,,134700,65448,38977,30273,,-0.642241642,,1.351916242,0.930217792,1.610581705,,-6.377714143,-8.183106298,-5.841285179,-2.96493365,,Dec,820383,57738.86761,763371.5865,,5079354,221572,4857782,,0.725251573,3.458773088,0.596943974,,0.613005251,3.748724048,0.47449337,,Dec,1658.648517,859.6684406,414.4423444,386.2961917,,140.6613127,,657.9909574,1708.7318,,1.910821322,0.653428674,2.705667884,2.46208127,,-0.346374458,,2.193404118,2.862321562,,Jan '15,15836,35709.92423,174871.0762,38475.72068,,65.90508286,144.4223814,"150,965",,92.71196337,131.2,,-5.315396114,-1.787027946,0.72238629,0.821087268,,0.952575801,0.406833498,1.672688004,,1.363949751,0.305810398
Feb,561378,,423706,162977,260728,,137672,67126,40326,30218,,1.303974361,,1.014180407,2.530275864,0.089060868,,2.206384558,2.563867498,3.461015471,-0.181680045,,Jan '15,817610,56832.26686,760877.8223,,5076987,214640,4862348,,-0.338012855,-1.570174114,-0.326677629,,-0.046600414,-3.128554149,0.093993514,,Jan '15,1647.328896,844.0291288,429.7964513,377.0569592,,140.4920707,,643.8598612,1663.265795,,-0.682460533,-1.819226004,3.704763083,-2.391748272,,-0.120318772,,-2.147612526,-2.660804076,,Feb,15997,35889.61551,175238.1386,37222.23641,,66.19014577,145.2750877,"152,280",,93.71427903,131.4,,1.016670876,0.503197037,0.209904532,-3.257857788,,0.285062901,0.590425281,0.871005365,,1.081107141,0.152439024
Mar,560008,,421672,162124,259547,,138336,69430,40295,28608,,-0.244042339,,-0.480049846,-0.523386736,-0.452962474,,0.48230577,3.432351101,-0.076873481,-5.327950228,,Feb,849746,58890.41741,786856.3825,,5078177,216444,4861733,,3.930480302,3.621447232,3.414288013,,0.023439099,0.840477078,-0.01264821,,Feb,1655.876823,853.5568688,419.4056404,388.2599445,,141.2627362,,656.8197288,1731.477704,,0.518896238,1.128840186,-2.417612081,2.971165244,,0.548547339,,2.012839809,4.101082896,,Mar,15915,36032.09303,176230.5775,37416.60895,,64.27995873,143.9465886,"151,280",,93.48151885,131.3,,-0.512596112,0.396988146,0.566337316,0.522194673,,-1.910187035,-0.914471357,-0.656686002,,-0.248372161,-0.076103501
Apr,560354,,423045,159189,263855,,137308,69027,39898,28382,,0.061784832,,0.32560853,-1.810342701,1.659814985,,-0.743118205,-0.580440732,-0.9852339,-0.789988814,,Mar,827444,55868.28826,768101.3166,,5098955,217024,4881931,,-2.624548983,-5.131784223,-2.383543726,,0.409162579,0.267967696,0.415448565,,Mar,1682.946588,847.2289013,431.7878873,402.1813759,,143.4579291,,648.5737757,1680.125877,,1.634769216,-0.74136449,2.952331987,3.585595578,,1.553978726,,-1.255436268,-2.965780452,,Apr,15909,35874.7881,176346.5343,37579.07052,,64.21298182,144.5920851,"153,938",,95.00610564,131.7,,-0.037700283,-0.436568952,0.065798306,0.4341964,,-0.066976912,0.448427731,1.757174543,,1.63089647,0.304645849
May,581414,,437424,167807,269617,,143989,70653,42050,31284,,3.758338479,,3.398929192,5.413690644,2.18377518,,4.865703382,2.355599983,5.393754073,10.22479036,,Apr,833800,56225.73157,780536.1208,,5151216,215977,4935239,,0.76814866,0.639796411,1.618901554,,1.024935501,-0.482435122,1.09194497,,Apr,1673.834399,843.5312103,425.7553776,396.1197039,,142.3527865,,658.8572024,1679.95655,,-0.541442534,-0.436445332,-1.397100258,-1.507198587,,-0.770360089,,1.585544637,-0.010078242,,May,16132,36280.1126,177334.0685,39325.13337,,65.46314966,148.7950574,"160,925",,95.48319807,132.1,,1.401722296,1.129831081,0.559996387,4.646370507,,1.250167844,2.906778997,4.538743693,,0.502170289,0.303720577
Jun,591663,,452636,180173,272463,,139027,66800,40192,32033,,1.76277145,,3.477632686,7.36918007,1.055571422,,-3.446096577,-5.45341316,-4.418549346,2.394195116,,May,834551,55191.20602,778290.6349,,5249630,215854,5033776,,0.090069561,-1.839950359,-0.287685066,,1.910500356,-0.056950509,1.996600367,,May,1690.790449,856.5514568,427.4993681,409.7935968,,141.1212302,,658.2729163,1696.611666,,1.0130064,1.543540576,0.409622663,3.451959775,,-0.865143754,,-0.088681751,0.991401631,,Jun,16419,36342.50545,177616.1667,39640.67077,,67.5791735,153.9211333,"164,570",,99.49087074,132.2,,1.779072651,0.171975331,0.159077308,0.802381007,,2.116023835,3.445057892,2.265148971,,4.197254337,0.075700227
Jul,581608,,437068,161893,275175,,144539,72246,40239,32052,,-1.699447152,,-3.439408266,-10.14580431,0.995364508,,3.964697505,8.152694611,0.116938694,0.059313833,,Jun,841517,55772.02233,782734.6663,,5219040,220294,4998746,,0.834700336,1.052371121,0.570998961,,-0.582707734,2.056945899,-0.695899063,,Jun,1690.15359,856.386816,419.2472677,412.9777737,,142.6785052,,665.8698576,1722.144431,,-0.03766634,-0.019221357,-1.930318731,0.777019695,,1.103501565,,1.154071685,1.504926873,,Jul,16371,35980.04445,179548.4534,39707.85553,,67.44212212,153.0863281,"165,824",,98.85026358,132.2,,-0.292344235,-0.997347296,1.087900217,0.169484409,,-0.137051376,-0.542359038,0.761493932,,-0.643885372,0
Aug,580116,,439513,163839,275674,,140602,70036,38737,31827,,-0.256530172,,0.55940952,1.2020285,0.181339148,,-2.723832322,-3.058992885,-3.732697135,-0.701984276,,Jul,849012,58121.89271,791786.5196,,5239668,216976,5022691,,0.890653427,4.213349779,1.156439553,,0.395245103,-1.506169029,0.479020138,,Jul,1698.883174,861.0971985,418.7651679,410.8544112,,143.7065122,,661.0956145,1690.590711,,0.516496493,0.550029784,-0.114991775,-0.51415902,,0.720505882,,-0.716993434,-1.832234231,,Aug,16148,35906.6668,178809.3005,40121.59188,,66.53859176,154.1230888,"166,860",,99.78488812,132.5,,-1.362164804,-0.203939868,-0.411673207,1.041950884,,-0.903530359,0.677239261,0.624916839,,0.945495246,0.226928896
Sep,577413,,436528,161101,275427,,140885,68704,40056,32123,,-0.465941294,,-0.679160798,-1.671152778,-0.089598584,,0.201277364,-1.901879034,3.405013295,0.930027964,,Aug,858586,59439.68441,798564.4561,,5294767,221073,5073695,,1.127663684,2.267289713,0.856030806,,1.05157426,1.888227269,1.015471587,,Aug,1695.855784,871.0778824,420.5973856,410.1735367,,140.8575209,,665.3232928,1695.9523,,-0.178198844,1.159065886,0.437528679,-0.165721621,,-1.9825068,,0.639495755,0.317142914,,Sep,15993,35887.11194,179376.2128,40234.55742,,66.62916694,151.767115,"168,123",,100.9992035,132.6,,-0.959871191,-0.054460243,0.317048535,0.281557982,,0.090575179,-1.528631307,0.756974536,,1.21693314,0.075471698
Oct,576222,,434678,162153,272525,,141543,68536,40212,32793,,-0.20626484,,-0.423798702,0.653006499,-1.053636717,,0.467047592,-0.244527247,0.389454763,2.085732964,,Sep,860941,59475.97927,802408.6575,,5304805,222505,5082300,,0.27428819,0.061061671,0.481388989,,0.189583413,0.647749838,0.169600262,,Sep,1700.302273,876.7885011,420.8863043,408.031396,,143.7516927,,668.6510461,1710.391049,,0.262197339,0.655580723,0.068692471,-0.522252285,,2.054680376,,0.500170861,0.851365303,,Oct,16170,36092.37128,180062.9097,41659.74459,,65.81368782,153.8855085,"170,389",,98.06540068,133,,1.106734196,0.571958377,0.382824963,3.542196695,,-0.815479128,1.395818526,1.348031825,,-2.90477817,0.301659125
Nov,594346,,448768,164564,284203,,145577,71575,42645,31356,,3.145315521,,3.2414799,1.486867341,4.285111458,,2.850017309,4.434165986,6.050432707,-4.382032751,,Oct,865277,57284.07617,808671.0629,,5336047,220116,5115932,,0.503634976,-3.685358573,0.780450878,,0.588937765,-1.073683737,0.661747634,,Oct,1712.182958,875.2410083,425.3093431,412.3541597,,142.5468937,,671.0547669,1717.814223,,0.698739605,-0.176495565,1.050886838,1.059419391,,-0.83811115,,0.359488083,0.434004474,,Nov,16019,36322.74799,179354.0121,41101.81984,,64.55211645,152.5063945,"168,695",,100.8138941,133.4,,-0.933828077,0.6382975,-0.393694413,-1.339241879,,-1.261571363,-0.896194906,-0.994491946,,2.802714672,0.30075188
Dec,609739,,460193,166283,293909,,149546,72243,43729,33572,,2.589905543,,2.545858885,1.044578401,3.415164513,,2.726392219,0.933286762,2.541915817,7.067227963,,Nov,866018,57823.5867,810882.2124,,5349634,222845,5126790,,0.085637316,0.941815889,0.273430023,,0.254626693,1.239800832,0.212238943,,Nov,1716.806916,874.6797963,427.8425613,414.0185619,,143.5726392,,673.8509949,1702.782427,,0.270062121,-0.064120847,0.595617828,0.403634143,,0.719584597,,0.416691478,-0.875053683,,Dec,16283,36615.01863,180263.5496,41443.99005,,66.79382256,154.8092315,"173,069",,101.1984144,133.8,,1.648042949,0.804649041,0.507118548,0.832494054,,2.241706106,1.509993786,2.593123311,,0.381416,0.299850075
Jan '16,615687,,464010,172190,291819,,151677,73452,44684,33538,,0.975499353,,0.829434607,3.552377573,-0.711104458,,1.424979605,1.673518542,2.183905417,-0.101274872,,Dec,887029,59287.84829,831609.1481,,5416814,225591,5191223,,2.426162043,2.532291193,2.556096971,,1.255786844,1.232246629,1.256790311,,Dec,1750.998151,885.1382315,425.4832454,436.4695804,,145.0244834,,687.8709429,1751.681267,,1.991559759,1.195687289,-0.55144488,5.422708196,,1.011226212,,2.08057094,2.871702187,,Jan '16,15851,37298.6156,182231.6062,41391.09226,,65.55386692,155.2470784,"174,815",,101.3025332,134.2,,-2.653073758,1.866985176,1.091766273,-0.127636811,,-1.239955637,0.282829971,1.008392826,,0.102885833,0.298953662
Feb,630115,,480922,180698,300224,,149192,75673,43080,30438,,2.343398513,,3.644749036,4.941053487,2.880209993,,-1.638349915,3.023743397,-3.589651777,-9.243246467,,Jan '16,903394,59058.20684,845648.648,,5474412,227934,5246478,,1.84492277,-0.387333092,1.68823298,,1.06331877,1.038605264,1.064392726,,Jan '16,1761.037087,897.8799052,433.5214502,440.9360054,,145.0356131,,669.185804,1703.795384,,0.573326446,1.439512301,1.889194197,1.023307293,,0.007674364,,-2.716372767,-2.733709788,,Feb,15877,36623.77612,182772.5888,42291.67365,,66.08442058,156.2893439,"178,031",,100.3730945,134.4,,0.164027506,-1.809288278,0.296865407,2.175785514,,0.530553657,0.671359167,1.840075447,,-0.917488074,0.149031297
Mar,641341,,489990,179550,310440,,151350,72463,43700,35185,,1.781579553,,1.885544849,-0.635314171,3.402792582,,1.446458255,-4.241935697,1.439182916,15.59563703,,Feb,895815,59948.58856,832877.783,,5476575,227976,5248599,,-0.838947347,1.507634204,-1.510185696,,0.039511093,0.018426387,0.040427121,,Feb,1840.719848,906.0867563,453.0512262,456.3791142,,151.6581193,,691.3927848,1790.001701,,4.524763374,0.914025477,4.504915722,3.502346962,,4.56612416,,3.31850747,5.059663678,,Mar,16021,37052.74002,183195.0661,42710.35968,,69.64594736,159.6780417,"184,188",,101.9038875,134.4,,0.90697235,1.171271631,0.231149168,0.989996359,,3.561526778,2.168220621,3.458399686,,1.525102844,0
Apr,658043,,492082,182401,309681,,165960,79978,47177,38803,,2.604230823,,0.426947489,1.587858535,-0.244491689,,9.653121903,10.37080993,7.956521739,10.28279096,,Mar,918814,61982.00001,854189.1167,,5548424,230916,5317508,,2.567382774,3.391925465,2.558758817,,1.311933097,1.289609433,1.312902738,,Mar,1808.937023,929.375469,439.8542871,443.9940876,,151.0530694,,700.4883953,1788.077177,,-1.726651941,2.570251974,-2.912902191,-2.713758415,,-0.398956423,,1.315548942,-0.10751517,,Apr,16279,37848.22129,183040.6964,43570.26639,,68.67784783,161.3826529,"184,945",,101.9559044,134.7,,1.610386368,2.146889182,-0.084265195,2.013344575,,-0.968099524,1.067530127,0.410650553,,0.051045133,0.223214286
May,632525,,479937,177970,301966,,152587,73913,45283,33389,,-3.877862085,,-2.468084588,-2.429262997,-2.491273278,,-8.057965775,-7.583335417,-4.014668165,-13.95252944,,Apr,929299,63290.69122,864936.1426,,5579218,231745,5347472,,1.141144998,2.111405274,1.25815532,,0.555004448,0.359005006,0.563497037,,Apr,1780.219636,896.6321078,437.6966784,450.2612479,,146.5365521,,691.7142584,1746.984976,,-1.587528257,-3.523157469,-0.490528065,1.41154138,,-2.990020208,,-1.252574194,-2.298122351,,May,16624,37546.45672,183752.8319,43201.73424,,66.90365127,155.3596844,"180,972",,99.14074042,135.2,,2.119294797,-0.797301852,0.389058531,-0.845834035,,-1.774196565,-3.732104063,-2.147907056,,-2.761158405,0.371195249
Jun,626967,,464766,171947,292818,,162200,82870,42536,36791,,-0.878700447,,-3.161039886,-3.384278249,-3.02948014,,6.300012452,12.11830125,-6.066294194,10.1889844,,May,923662,63331.7916,857259.2895,,5551567,231323,5320243,,-0.606586255,0.06493905,-0.887562985,,-0.49560709,-0.182096701,-0.509193877,,May,1823.374237,918.8132298,447.8199114,458.7691285,,153.1170825,,702.8980768,1790.812753,,2.424116671,2.473826425,2.312842094,1.889543154,,4.490709139,,1.61682634,2.508766672,,Jun,16474,37452.77847,184503.5421,43595.47357,,68.15867614,156.2172107,"181,916",,100.0747433,135.5,,-0.902309913,-0.24949956,0.408543504,0.911397035,,1.255024878,0.551961926,0.521412799,,0.942097991,0.221893491
Jul,638183,,472450,176274,296175,,165733,80986,47435,37309,,1.78892988,,1.653305104,2.516473099,1.146445915,,2.178175092,-2.273440328,11.51730299,1.407953032,,Jun,931757,63249.6591,867606.2408,,5557042,231530,5325512,,0.87640284,-0.129686052,1.206980367,,0.098620804,0.089485265,0.09903683,,Jun,1852.917787,921.6032837,447.4929133,476.6749614,,154.3014429,,692.3111382,1765.288704,,1.620268024,0.303658438,-0.073019995,3.903016091,,0.773499827,,-1.506184026,-1.425277346,,Jul,16663,37791.75893,184761.7394,44863.66537,,69.30783352,161.8443365,"187,303",,101.7943425,136.3,,1.147262353,0.905087608,0.139941616,2.908998795,,1.149157378,3.602116433,2.961322176,,1.718314824,0.590405904
Aug,636063,,468845,174578,294267,,167217,80708,47371,39137,,-0.332193117,,-0.763043708,-0.962138489,-0.644213725,,0.895416121,-0.343269207,-0.134921471,4.899622075,,Jul,933559,60870.34165,872514.677,,5596614,228520,5368094,,0.193398064,-3.76178699,0.565744684,,0.712105469,-1.30004751,0.799585092,,Jul,1886.936063,938.170026,458.7826684,495.6367092,,155.7540475,,702.1860459,1793.109855,,1.835930109,1.797600184,2.522890244,3.977919832,,0.941407023,,1.426368456,1.576011337,,Aug,16763,37549.65795,186544.0303,45525.63185,,67.44129777,158.8890344,"185,585",,102.110427,136.4,,0.600132029,-0.640618457,0.964642828,1.475506904,,-1.866535751,-1.826015129,-0.917073104,,0.310512841,0.073367572
Sep,640433,,471308,174836,296472,,169124,82350,47749,39024,,0.687038863,,0.525333532,0.147784944,0.749319496,,1.140434286,2.034494722,0.797956556,-0.288729335,,Aug,923904,59302.64842,864298.6384,,5561899,226041,5335858,,-1.034214227,-2.575463169,-0.941650477,,-0.620285766,-1.084806581,-0.600511094,,Aug,1874.200357,926.7837845,453.7438616,493.9184349,,155.5509458,,699.683392,1776.842933,,-0.674941035,-1.213665029,-1.098299285,-0.346680199,,-0.130398974,,-0.356408954,-0.90719044,,Sep,16852,37749.42881,186955.6303,46276.61027,,69.10439589,162.0916258,"190,368",,104.0017922,136.5,,0.530931218,0.532017786,0.220645008,1.649572747,,1.663098119,2.01561511,2.577211196,,1.852274305,0.073313783
Oct,639564,,472880,171744,301135,,166683,78811,46629,41241,,-0.135689448,,0.333539851,-1.768514494,1.572829812,,-1.443319694,-4.297510625,-2.345598861,5.681119311,,Sep,938127,60446.62276,878553.3694,,5619628,226892,5392736,,1.539445657,1.929044276,1.649283061,,1.037936863,0.376480373,1.065957902,,Sep,1920.842531,944.7356825,472.51053,494.7697286,,161.9007554,,700.4682157,1773.818577,,2.48864396,1.93701037,4.135960824,0.17235513,,4.082141449,,0.112168416,-0.170209521,,Oct,16737,38633.82403,186626.7402,44768.33996,,68.26662212,161.2567888,"189,645",,104.03835,136.9,,-0.682411583,2.34280425,-0.175918826,-3.259249742,,-0.837773767,-0.515040191,-0.379668712,,0.035151117,0.293040293
Nov,661448,,491956,178488,313468,,169491,78771,46922,43796,,3.421706037,,4.034004399,3.926774734,4.095505338,,1.684634906,-0.050754336,0.628364323,6.195291094,,Oct,940836,61546.06955,880121.1276,,5622592,229023,5393569,,0.288766873,1.818872153,0.178447687,,0.052743705,0.93921337,0.015446705,,Oct,1905.838588,949.9591672,471.4651111,494.8600408,,162.3217445,,684.5445619,1734.783572,,-0.781112589,0.552904349,-0.221247736,0.018253378,,0.260029114,,-2.273287143,-2.200619942,,Nov,16526,38577.2312,187083.5145,45465.19488,,68.61505283,161.3334427,"194,881",,103.873417,136.9,,-1.260679931,-0.146485174,0.244752872,1.556579753,,0.348430711,0.047535293,2.760880961,,-0.158530923,0
Dec,653116,,483612,170947,312665,,169503,79347,47233,42922,,-1.259660623,,-1.696086642,-4.224933889,-0.256166499,,0.007080022,0.731233576,0.662802097,-1.995616038,,Nov,946973,62691.72606,887528.9005,,5658707,230674,5428033,,0.652292217,1.861461687,0.841676522,,0.642319414,0.720888295,0.638983204,,Nov,1896.550567,948.3995542,467.4558992,487.6872347,,159.3250564,,713.2836588,1797.716774,,-0.487345623,-0.164176843,-0.850372975,-1.449461575,,-1.846140912,,4.198279921,3.627726435,,Dec,16429,38099.51087,188988.0137,46924.95789,,69.94038776,165.2307598,"196,733",,102.9307679,137.2,,-0.586953891,-1.238347892,1.017994125,3.210726382,,1.325334921,2.415690807,0.950003954,,-0.907497972,0.219138057
Jan '17,647768,,474718,172831,301887,,173049,81870,48094,43083,,-0.818843819,,-1.839077608,1.102095971,-3.44713991,,2.091998372,3.179704337,1.822878073,0.375099017,,Dec,936594,62415.65424,879066.0664,,5615894,227182,5388712,,-1.096018577,-0.440364044,-0.953527717,,-0.756586266,-1.513824705,-0.72440606,,Dec,1932.926276,955.7590339,481.384463,491.6323069,,159.8665711,,686.2436683,1735.193592,,1.917993107,0.77598937,2.979653019,0.808934894,,0.339880475,,-3.790916863,-3.477921709,,Jan '17,16205,38403.91825,189575.5681,46438.80517,,68.68835117,163.5318146,"196,042",,103.2175396,137.7,,-1.363442693,0.798979738,0.310895074,-1.036021645,,-1.252036587,-1.028225729,-0.35090025,,0.278606422,0.364431487
Feb,644772,,471391,170654,300737,,173381,79776,50084,43518,,-0.462511269,,-0.700837129,-1.259611991,-0.380937238,,0.191853175,-2.557713448,4.137730278,1.009678992,,Jan '17,953684,62300.24365,893909.6893,,5735936,231050,5504886,,1.82469672,-0.184906479,1.688567379,,2.137540345,1.702599678,2.155876952,,Jan '17,1940.584845,956.6486202,470.0327041,519.7531535,,159.8002057,,696.2724883,1746.067552,,0.396216269,0.093076413,-2.358148182,5.719893951,,-0.041513051,,1.461408023,0.626671264,,Feb,16520,38545.2055,189664.779,46304.1663,,70.09984894,164.3204806,"198,285",,103.5031961,138,,1.943844492,0.367898014,0.047058242,-0.289927509,,1.411497774,0.482270665,1.143929158,,0.276751848,0.217864924
Mar,647166,,476111,175134,300977,,171055,79660,48666,42727,,0.371294039,,1.001291921,2.625194839,0.079803948,,-1.34155415,-0.14540714,-2.831243511,-1.817638678,,Feb,963289,61015.8674,902724.4045,,5798454,229762,5568692,,1.007147021,-2.061591048,0.986085652,,1.089935453,-0.557455096,1.159079407,,Feb,1912.459196,952.4691893,469.0419906,495.0680753,,157.3332573,,660.1685569,1708.780165,,-1.449338759,-0.436882547,-0.210775438,-4.749384968,,-1.543770471,,-5.18531638,-2.135506537,,Mar,16431,38135.62955,190602.4716,45721.60289,,69.4528749,164.2342874,"196,431",,103.1845462,138.1,,-0.53874092,-1.062585982,0.494394646,-1.258123088,,-0.646974043,-0.052454344,-0.93504382,,-0.307864758,0.072463768
Apr,674379,,490994,186306,304688,,183384,85907,51038,46437,,4.204948962,,3.125951721,6.37911542,1.23298458,,7.207623279,7.842078835,4.87403937,8.683034147,,Mar,970447,60977.98275,908596.0034,,5751420,226909,5524511,,0.74307918,-0.06208983,0.650430951,,-0.811147247,-1.241719693,-0.793382001,,Mar,1961.37228,956.3153119,489.063446,508.5323284,,159.3356926,,709.6089416,1776.15423,,2.557601427,0.40380546,4.268584873,2.719677095,,1.272734952,,7.48905475,3.942816421,,Apr,17034,38417.99767,190345.0718,45600.61226,,70.52974181,165.2394292,"202,083",,105.8849894,138.3,,3.669892277,0.740431262,-0.135045337,-0.264624644,,1.076866914,0.612017051,2.877570336,,2.617100464,0.144822592
May,653667,,486141,191088,295052,,167525,80737,43758,43028,,-3.071270013,,-0.988403117,2.566745032,-3.162579426,,-8.647973651,-6.018135891,-14.26388181,-7.341128841,,Apr,977680,61206.57948,915920.5386,,5825352,229870,5595483,,0.745326638,0.374884037,0.806137734,,1.285456461,1.304928407,1.284674788,,Apr,1989.735598,987.2895977,493.1710304,520.7280981,,164.4398915,,714.5650644,1805.063118,,1.446095591,3.238919779,0.839887835,2.398228994,,3.20342467,,0.69843015,1.627611344,,May,17130,39240.18925,192031.3742,45709.95929,,70.53140207,167.8989658,"203,022",,109.9334085,138.4,,0.563578725,2.140120844,0.885918603,0.239792898,,0.001660262,1.609504821,0.46449532,,3.823411686,0.07230658
Jun,660639,,488076,191991,296084,,172563,81149,47419,43992,,1.06659813,,0.39803267,0.472557146,0.349768854,,3.007312341,0.510298872,8.366470131,2.240401599,,May,979779,60405.3603,914748.3638,,5820734,230039,5590695,,0.214691924,-1.309040927,-0.127977782,,-0.079274179,0.073519816,-0.085569021,,May,1992.302638,966.8184724,505.9306575,525.4852364,,158.5731692,,723.3514618,1827.682551,,0.129014104,-2.073467126,2.587262072,0.91355513,,-3.567700157,,1.229614747,1.253110363,,Jun,17279,39269.92518,193426.0205,46762.52125,,69.20712534,167.4688084,"204,619",,106.2966501,138.8,,0.869819031,0.075779291,0.726259587,2.302697212,,-1.324276736,-0.256200138,0.786713058,,-3.308146666,0.289017341
Jul,658478,,491259,192652,298606,,167218,80331,44840,42045,,-0.327107543,,0.652152534,0.344286972,0.851785304,,-3.097419493,-1.00802228,-5.438748181,-4.425804692,,Jun,991844,59606.46037,928762.0006,,5861327,227903,5633424,,1.231400142,-1.322564638,1.531966307,,0.697386275,-0.928538204,0.764287803,,Jun,1993.27382,953.4829401,497.7322056,528.0575931,,159.5237833,,726.8163856,1826.110477,,0.048746733,-1.379321215,-1.620469469,0.489520258,,0.599479772,,0.47900972,-0.086014627,,Jul,17307,39883.05801,193618.8644,46999.91244,,70.93554134,172.4673389,"208,427",,107.3633342,139,,0.162046415,1.561329233,0.099699045,0.507652684,,1.728416005,2.984753153,1.860906973,,1.003497405,0.144092219
Aug,656026,,488381,189759,298622,,167645,80437,46457,40748,,-0.372373868,,-0.585841684,-1.501671408,0.005358231,,0.255355285,0.13195404,3.606155219,-3.084790106,,Jul,996074,61868.73024,934328.4522,,5876104,231383,5644720,,0.426478357,3.795343425,0.599341021,,0.252110145,1.526965419,0.200517483,,Jul,2027.519987,987.2760763,503.8979233,541.6371045,,158.2150681,,745.9432696,1908.809953,,1.718086408,3.54417837,1.238762061,2.571596661,,-0.820388755,,2.631597798,4.528722515,,Aug,17387,39391.39858,194825.7018,47518.20026,,69.95397038,173.5458462,"211,245",,109.0332157,139.3,,0.462240712,-1.232752574,0.623305689,1.102742098,,-0.981570966,0.625339993,1.352164842,,1.55535545,0.215827338
Sep,665815,,486991,193979,293011,,178823,88216,49410,41195,,1.492166469,,-0.284613857,2.223873439,-1.878964041,,6.667660831,9.670922585,6.35641561,1.096986355,,Aug,1006770,63366.54882,941513.0386,,5920929,232854,5688075,,1.073815801,2.420962215,0.768957254,,0.762835375,0.63574247,0.768062898,,Aug,2058.616158,990.1566845,510.2107702,548.3817254,,162.8176613,,736.6904954,1869.236122,,1.533704798,0.291773328,1.252802705,1.245228753,,2.909073864,,-1.240412588,-2.073220082,,Sep,17300,39229.10049,195473.4576,46562.38918,,70.4512054,174.0167842,"212,169",,107.7174291,139.9,,-0.500373843,-0.412014045,0.332479661,-2.011463129,,0.497235021,0.27136228,0.437505496,,-1.206775907,0.430725054
Oct,691358,,507945,190657,317287,,183413,94865,48743,39802,,3.836350938,,4.302748921,-1.712556514,8.285013191,,2.566783915,7.537181464,-1.349929164,-3.381478335,,Sep,1008143,62237.03012,943124.6286,,5932199,230896,5701303,,0.13637673,-1.782515732,0.171170229,,0.190341752,-0.840870245,0.232556709,,Sep,2043.86685,986.5868062,506.3174909,556.1472773,,162.4551037,,739.9475667,1872.629556,,-0.716467107,-0.360536713,-0.763072725,1.416085097,,-0.222677085,,0.442122085,0.181541259,,Oct,16802,39283.92954,194763.9927,47349.66269,,70.39900463,172.9145414,"214,007",,106.2760492,140.5,,-2.878612717,0.139766265,-0.362946902,1.690792764,,-0.052200766,-0.633411738,0.865892979,,-1.338112034,0.42887777
Nov,676420,,496292,187405,308887,,180127,92890,49989,37246,,-2.160675077,,-2.29414602,-1.705680882,-2.647445373,,-1.791585111,-2.081905866,2.556264489,-6.42178785,,Oct,1013475,63803.75753,948814.807,,5939477,232273,5707203,,0.528893222,2.517355672,0.603332601,,0.122686377,0.596372393,0.103485116,,Oct,2075.301706,997.0565618,515.0595673,565.5534867,,162.2724905,,740.2802235,1887.623943,,1.538008998,1.061209778,1.726599728,1.691316266,,-0.112408435,,0.044956796,0.800712885,,Nov,16762,39805.79579,195376.1619,46617.01403,,70.01275377,172.6352819,"213,611",,105.5673389,140.7,,-0.238066897,1.328447192,0.314313297,-1.547315481,,-0.386250867,-0.161501439,-0.18494264,,-0.666858041,0.142348754
Dec,674542,,492470,185269,307200,,182071,88336,48735,44998,,-0.277638154,,-0.770111144,-1.139777487,-0.546154419,,1.079238537,-4.902572936,-2.508551881,20.81297321,,Nov,1005307,63332.11274,949307.5179,,5948190,228477,5719714,,-0.805939959,-0.739211615,0.051929089,,0.146696418,-1.634283795,0.219214211,,Nov,2073.14726,991.4024646,519.7468368,557.3664125,,165.8530341,,715.9669715,1801.238305,,-0.103813629,-0.567078884,0.910044151,-1.44762155,,2.206500709,,-3.284330881,-4.576422008,,Dec,16074,40277.8522,195818.5364,47957.15424,,69.93818025,177.6364213,"210,000",,106.822303,141.1,,-4.104522133,1.185898665,0.226421984,2.874787752,,-0.074573518,2.896939324,-1.690231101,,1.18878066,0.284292822
Jan '18,672584,,494150,179107,315042,,178433,86513,47141,44772,,-0.290271028,,0.341137531,-3.325974664,2.552734375,,-1.998121612,-2.063711284,-3.270749974,-0.502244544,,Dec,1015735,63940.32658,956417.5555,,5975922,230000,5745922,,1.037295075,0.960356146,0.74897096,,0.46622586,0.666587884,0.458204728,,Dec,2097.949662,1010.752275,514.7973772,568.1545088,,164.2516426,,728.2885749,1825.612028,,1.196364658,1.951761379,-0.952282774,1.935548324,,-0.965548506,,1.720973726,1.353164803,,Jan '18,15210,40439.76948,196387.7657,48400.10602,,71.41466498,180.7125902,"222,823",,108.0061807,141.9,,-5.375139978,0.402000793,0.290692236,0.923640666,,1.476484732,1.731721956,6.105877178,,1.108268342,0.566973777
Feb,678104,,492803,178785,314018,,185300,92042,50554,42695,,0.820715331,,-0.272589295,-0.179780801,-0.325036027,,3.84850336,6.390947025,7.239982181,-4.639060127,,Jan '18,1012000,61865.77942,952651.1043,,5988224,230429,5757795,,-0.36771402,-3.244505099,-0.393808249,,0.205859447,0.186521739,0.206633505,,Jan '18,2099.819936,1026.769865,522.8173448,562.009504,,168.5905054,,728.3501772,1824.158071,,0.089147719,1.584719689,1.557888191,-1.081572824,,2.641594748,,0.0084585,-0.079642177,,Feb,15546,40855.06,197968.6184,49246.38895,,70.29004454,181.2182754,"223,291",,107.8124445,141.8,,2.209072978,1.026935926,0.80496492,1.748514622,,-1.124620435,0.279828391,0.210271681,,-0.179375149,-0.070472163
Mar,683212,,499151,181127,318023,,184061,90315,52805,40921,,0.753276784,,1.288141509,1.309953296,1.275404595,,-0.66864544,-1.876317333,4.452664478,-4.155053285,,Feb,1024574,61954.39336,963982.3199,,6055781,229695,5826087,,1.242490119,0.143235783,1.189440245,,1.12816421,-0.318536295,1.186079046,,Feb,2129.974827,1021.514909,522.8298584,582.4742856,,169.0990538,,705.3151077,1794.629444,,1.436070331,-0.51179495,0.002393506,3.641358618,,0.301647102,,-3.16263664,-1.61875374,,Mar,15820,42098.87324,196875.5569,48885.58709,,71.41647665,183.4521194,"215,979",,109.7651569,142.2,,1.762511257,3.044453344,-0.552138746,-0.732646324,,1.126432101,1.232681433,-3.274820052,,1.811212442,0.282087447
Apr,673795,,493882,180022,313859,,179913,87345,51438,41113,,-1.378342301,,-1.055592396,-0.610069178,-1.309339262,,-2.253600708,-3.288490284,-2.588770003,0.469196745,,Mar,1026932,61640.9412,961281.788,,6069055,230830,5838225,,0.230144431,-0.505940164,-0.280143302,,0.219195509,0.494133525,0.208338804,,Mar,2127.820222,1032.120708,515.014635,588.5294715,,167.1422515,,726.0054975,1782.115368,,-0.101156337,1.038242232,-1.494792866,1.039562788,,-1.15719291,,2.933495914,-0.697306938,,Apr,15437,41565.05329,196644.8558,47364.57566,,69.5724147,178.262497,"224,820",,106.6738645,143,,-2.420986094,-1.268014824,-0.117181163,-3.11136987,,-1.844061945,-2.828870251,4.093431947,,-2.816278434,0.562587904
May,678020,,491575,168889,322686,,186444,90056,53154,43190,,0.627045318,,-0.467115627,-6.184244148,2.812409394,,3.630087876,3.103783846,3.336055057,5.051930046,,Apr,1024942,63571.67698,963233.2657,,6046684,231009,5815676,,-0.193781088,3.132229551,0.203007871,,-0.368607633,0.077546246,-0.386230404,,Apr,2161.417501,1031.642479,527.9818384,598.3974096,,171.7765326,,734.0614984,1841.164916,,1.578952865,-0.046334665,2.517832021,1.676710951,,2.772656868,,1.109633593,3.313452603,,May,15699,41208.74541,198238.6515,47954.90209,,70.74949849,187.0608161,"232,160",,107.8316724,143.3,,1.697220963,-0.857229459,0.810494473,1.246345849,,1.177083788,4.935597362,3.264929398,,1.085371706,0.20979021
Jun,687290,,502316,168584,333731,,184973,89953,52011,42968,,1.367216306,,2.185017546,-0.180591986,3.422832103,,-0.788976851,-0.114373279,-2.150355571,-0.514007872,,May,1043723,64003.92636,974195.9832,,6120949,231736,5889213,,1.83239637,0.679940194,1.138116579,,1.228193833,0.314706353,1.264461775,,May,2146.273308,1037.268274,524.2722029,590.2829179,,168.5847115,,748.8627545,1889.551747,,-0.70066021,0.545324113,-0.702606651,-1.356037238,,-1.858124065,,2.016350956,2.628055244,,Jun,15951,41291.46479,199139.4341,47530.78455,,69.20850978,185.9837098,"223,829",,110.1957719,143.5,,1.605197783,0.20073259,0.454393005,-0.884409135,,-1.540988708,-0.575805379,-3.588550659,,2.192398057,0.139567341
Jul,688021,,505783,189329,316454,,182237,86787,52734,42655,,0.106359761,,0.69020298,12.30543824,-5.17692393,,-1.479134793,-3.519615799,1.390090558,-0.728449078,,Jun,1044564,63662.45833,975762.636,,6127070,231145,5895926,,0.080576935,-0.533511069,0.160814947,,0.100000833,-0.255031588,0.113988066,,Jun,2197.195113,1052.213194,535.314201,614.3802344,,171.6375403,,744.2614211,1876.234388,,2.372568492,1.440796094,2.106157466,4.082333369,,1.810857426,,-0.614442808,-0.704789332,,Jul,16148,40665.44803,196898.6045,47749.40409,,68.96681558,188.5880623,"237,325",,109.6899147,144,,1.235032286,-1.516092403,-1.125256561,0.459953556,,-0.241694199,1.400312169,6.029595779,,-0.459053212,0.348432056
Aug,695740,,509332,197861,311471,,186407,88487,53336,44524,,1.12191343,,0.701684319,4.506441169,-1.57463644,,2.288229064,1.958818717,1.141578488,4.381666862,,Jul,1054506,65230.76866,990234.7678,,6203654,235588,5968066,,0.951784668,2.463477491,1.483161102,,1.249928596,1.922170066,1.223556741,,Jul,2186.968584,1051.309601,521.9156238,614.5940505,,173.1915406,,750.8589359,1900.199761,,-0.465435615,-0.085875551,-2.50293701,0.034801925,,0.905396492,,0.886451271,1.27731229,,Aug,16097,40716.22697,196228.9177,48639.99722,,69.16349513,190.1318579,"241,078",,108.5428,144.7,,-0.315828586,0.124869982,-0.340117631,1.865139793,,0.196679545,0.81860727,1.581496461,,-1.045779517,0.486111111
Sep,707594,,521758,198912,322846,,185835,90741,51142,43926,,1.703797396,,2.439666072,0.531180981,3.652025389,,-0.306855429,2.54726683,-4.113544323,-1.343095858,,Aug,1053114,64237.97645,986867.3071,,6177019,231196,5945824,,-0.132004939,-1.521969198,-0.340066907,,-0.429343738,-1.864271525,-0.372683546,,Aug,2200.052312,1039.366456,525.8899122,616.8036671,,173.4439665,,747.3819078,1880.148553,,0.59825861,-1.136025464,0.761481022,0.359524564,,0.14574956,,-0.463073421,-1.055215771,,Sep,16178,40472.1061,194564.9494,47912.08713,,70.16253301,186.4390013,"232,998",,104.7692121,145,,0.503199354,-0.59956653,-0.847973022,-1.496525764,,0.999037883,-1.942260853,-3.351704302,,-3.476589749,0.207325501
Oct,721573,,528240,191741,336499,,193333,91684,53543,48082,,1.97556791,,1.242338402,-3.605111808,4.228951265,,4.03476202,1.039221521,4.694771421,9.461366844,,Sep,1054426,64213.18554,985721.5569,,6201718,232819,5968898,,0.124582904,-0.038592305,-0.116099715,,0.399853068,0.702001765,0.388070686,,Sep,2168.858047,1039.235753,526.0051928,611.7113318,,172.7221048,,738.3211731,1835.77258,,-1.417887419,-0.012575241,0.021921047,-0.825600683,,-0.416193028,,-1.212329942,-2.360237573,,Oct,15898,40982.95656,194720.6725,47902.26453,,73.25968689,187.0334403,"249,425",,103.56582,145.5,,-1.730745457,1.262228521,0.080036571,-0.020501306,,3.097153876,0.318838347,7.050518746,,-1.148612419,0.344827586
Nov,716831,,528565,188949,339616,,188266,90484,52216,45551,,-0.657175365,,0.061525064,-1.456130927,0.926302901,,-2.620866588,-1.308843419,-2.478381861,-5.26392413,,Oct,1061236,65068.95691,995957.4589,,6228415,232401,5996014,,0.645849021,1.332703501,1.038417177,,0.43047749,-0.179538612,0.454288212,,Oct,2190.994311,1039.924235,545.2593527,613.0171753,,170.3451526,,752.2643804,1900.98152,,1.020641429,0.066248858,3.660450533,0.213473809,,-1.376171402,,1.888501618,3.552125171,,Nov,15814,41505.44634,198043.0341,49289.29621,,71.81185723,184.9624863,"252,400",,103.2153968,145.7,,-0.528368348,1.27489527,1.706219251,2.89554511,,-1.447829657,-1.107264047,1.192667552,,-0.338357954,0.137457045
Dec,705256,,524815,189456,335359,,180440,87641,46394,46381,,-1.614746014,,-0.709468088,0.268326374,-1.253474512,,-4.156884408,-3.141991954,-11.14983913,1.822133433,,Nov,1072339,66221.17128,1015211.891,,6250998,233273,6017726,,1.046232883,1.770758939,1.933258493,,0.362580207,0.375213532,0.362107227,,Nov,2167.671072,1032.932594,540.8759241,583.5151211,,172.0721597,,751.8282565,1892.347843,,-1.064504757,-0.672322109,-0.803916252,-4.812598302,,1.013828132,,-0.057974825,-0.454169435,,Dec,15592,41091.84979,199181.9393,49750.60646,,72.08400303,187.105144,"259,699",,103.2317656,145.4,,-1.403819401,-0.996487415,0.575079667,0.935923792,,0.272145802,1.15842827,2.891719605,,0.015858931,-0.205902539
Jan '19,729489,,536908,192974,343934,,192580,95075,49573,47919,,3.436057261,,2.304240542,1.856895532,2.556961346,,6.727998227,8.482331329,6.852179161,3.316013023,,Dec,1066904,65959.76553,1006527.921,,6287346,230525,6056821,,-0.506835991,-0.394746496,-0.855384974,,0.58147515,-1.178018888,0.649664009,,Dec,2159.854768,1042.440932,523.914914,582.3788311,,170.0214808,,737.1838898,1834.342808,,-0.360585345,0.920518719,-3.135841202,-0.194731886,,-1.191755153,,-1.947834031,-3.065241687,,Jan '19,15676,40211.30664,199365.328,50536.16224,,71.97136346,190.7628813,"257,255",,102.8054479,146.2,,0.538737814,-2.142865686,0.092070924,1.578987352,,-0.112639566,1.954910075,-0.941078398,,-0.412971474,0.550206327
Feb,666275,,477686,169682,308004,,188589,90894,51477,46211,,-8.665517917,,-11.03019512,-12.0700198,-10.44677176,,-2.072385502,-4.397580857,3.840800436,-3.564348171,,Jan '19,1089545,65706.86391,1029931.506,,6316155,231858,6084297,,2.122121578,-0.383418002,2.325179867,,0.458206054,0.57824531,0.453637312,,Jan '19,2199.25315,1072.841629,538.4628919,596.8063126,,170.1191017,,765.3922701,1904.466997,,1.824121817,2.916299227,2.776782544,2.477336181,,0.057416816,,3.826505255,3.822850784,,Feb,15994,40461.595,199085.2355,51112.4124,,71.39102625,189.3396288,"261,021",,104.1762561,146,,2.028578719,0.622432797,-0.140492075,1.140272887,,-0.580337213,-0.746084627,1.463908362,,1.333400337,-0.136798906
Mar,722918,,532471,191574,340896,,190447,92832,51394,46205,,8.501444599,,11.46883099,12.90178098,10.67908209,,0.985211227,2.132153938,-0.161237057,-0.012983922,,Feb,1083713,63349.52737,1014052.288,,6325364,229250,6096113,,-0.53526931,-3.587656446,-1.541774116,,0.145800728,-1.124826402,0.194204852,,Feb,2191.792877,1048.687631,541.0867816,589.2398239,,162.5851181,,662.5945211,1684.668871,,-0.339218456,-2.251403872,0.487292573,-1.267829883,,-4.428652376,,-13.43072736,-11.54118849,,Mar,16199,39982.03972,198378.1011,51040.57261,,70.39658505,184.200559,"270,740",,101.4985268,146.4,,1.281730649,-1.185211012,-0.355191761,-0.140552529,,-0.994441204,-2.714207153,3.723388868,,-2.570383507,0.273972603
Apr,718287,,524837,191777,333060,,193449,93525,54227,45693,,-0.640598242,,-1.433693103,0.105964275,-2.298648268,,1.576291567,0.746509824,5.512316613,-1.108105183,,Mar,1091020,62470.5597,1015919.691,,6381184,230025,6151159,,0.674256007,-1.387488912,0.184152513,,0.882478858,0.338058888,0.902968826,,Mar,2197.119834,1059.677637,542.1364901,602.4721928,,167.5558198,,761.1112211,1895.710477,,0.243041053,1.047977039,0.194000021,2.245667791,,3.057291935,,14.86832397,12.52718616,,Apr,15450,39626.48604,197090.1283,51144.72512,,72.24295184,188.4188357,"270,157",,103.7941075,147.1,,-4.623742206,-0.889283506,-0.649251527,0.204058275,,1.84636679,2.290045524,-0.215255508,,2.261688746,0.478142077
May,733135,,534160,174119,360040,,198974,95856,57137,45966,,2.067140294,,1.776361042,-9.207569208,8.100642527,,2.856049915,2.492381716,5.366330426,0.597465695,,Apr,1089829,63554.00737,1021121.752,,6392861,225448,6167413,,-0.109163902,1.734333215,0.512054388,,0.182991119,-1.989783719,0.264242885,,Apr,"2,231","1,064",552.1031006,623.0255669,,166.8721487,,755.5854231,"1,875",,1.562910386,0.398814613,1.838395077,3.411505855,,-0.408025867,,-0.726017151,-1.066238961,,May,15560,40011.11751,197503.2793,51553.75491,,71.59922306,193.6046313,"265,396",,101.834159,147.1,,0.71197411,0.970642393,0.209625398,0.799749703,,-0.643728775,2.752270255,-1.76244374,,-1.888304228,0
Jun,727389,,532847,172294,360553,,194541,92781,56657,45076,,-0.783757425,,-0.2458065,-1.048133748,0.142484168,,-2.227929277,-3.207936905,-0.840086109,-1.936213723,,May,1102077,62177.60298,1024764.158,,6411501,227168,6184333,,1.123846035,-2.165723996,0.35670634,,0.291575243,0.762925375,0.274345175,,May,"2,188","1,044",526.1122067,624.7925558,,163.3017351,,752.300975,"1,874",,-1.925435295,-1.84676159,-4.707616008,0.283614182,,-2.139610252,,-0.434689177,-0.099591846,,Jun,15681,40952.79358,195881.149,50573.68696,,70.46706677,196.5176454,"279,985",,117.3625508,148,,0.777634961,2.353536031,-0.821318151,-1.901060254,,-1.132156288,1.504620063,5.497125427,,15.24870624,0.611828688
Jul,723390,,528596,174013,354582,,194794,93005,56426,45347,,-0.549774605,,-0.797789985,0.997713211,-1.656067208,,0.130049707,0.241428741,-0.40771661,0.601206851,,Jun,1096689,61823.04115,1029509.357,,6435666,229966,6205699,,-0.488895059,-0.570240434,0.463052703,,0.376900822,1.231687562,0.345485924,,Jun,"2,216","1,062",530.4296926,631.7555436,,159.0714415,,758.2275426,"1,908",,1.2556771,1.706251361,0.820639752,1.114447948,,-2.590476808,,0.787792098,1.840530473,,Jul,15759,41503.39161,198032.9597,50952.8625,,69.99711674,189.0777668,"272,886",,102.358987,148.7,,0.497417257,1.34447002,1.098528749,0.749748644,,-0.469950036,-3.7858578,-2.535352149,,-12.78394488,0.472972973
Aug,716881,,526564,170066,356497,,190317,91986,54496,43785,,-0.899791261,,-0.384414562,-2.26822134,0.540072536,,-2.29832541,-1.095640019,-3.420409031,-3.444549805,,Jul,1089466,61326.2226,1034302.342,,6426119,221475,6204643,,-0.658618806,-0.803613897,0.465560172,,-0.148345175,-3.692284946,-0.017016617,,Jul,"2,192","1,051",526.3816649,619.6003189,,158.2580826,,756.6840945,"1,887",,-1.094936205,-1.080270382,-0.763160075,-1.924039262,,-0.511316772,,-0.203560024,-1.12493857,,Aug,15879,40478.73156,197120.3745,50895.72881,,68.90839429,186.6043467,"264,749",,100.7504451,149.7,,0.761469636,-2.468858599,-0.460824904,-0.112130476,,-1.088722444,-1.308149635,-2.981771567,,-1.571471039,0.672494956
Sep,722727,,532362,174225,358137,,190364,88859,54656,46826,,0.815477046,,1.101100721,2.445521151,0.460031922,,0.024695639,-3.399430348,0.29359953,6.945300902,,Aug,1073753,60882.94238,1024397.862,,6424399,222613,6201786,,-1.442266211,-0.722823291,-0.957600118,,-0.026765766,0.513827746,-0.046046163,,Aug,"2,188","1,036",527.1598063,613.2733501,,153.4431774,,753.1969595,"1,859",,-0.147019234,-1.43507375,0.147828363,-1.021137123,,-3.04243869,,-0.460844235,-1.463438604,,Sep,16126,40091.79431,196525.2006,50153.16027,,69.98539792,193.3978053,"275,236",,112.1865636,149.9,,1.555513571,-0.955902592,-0.301934246,-1.458999712,,1.077003626,3.640568278,3.961164453,,11.35093591,0.133600534
Oct,703677,,525244,184486,340757,,178433,84795,50089,43523,,-2.635850051,,-1.337060121,5.88951069,-4.852891491,,-6.267466538,-4.573537852,-8.355898712,-7.053773545,,Sep,1089381,62101.4851,1029110.276,,6412759,221367,6191392,,1.455455771,2.001451767,0.460017928,,-0.181184263,-0.55971574,-0.167596883,,Sep,"2,216","1,078",534.4200985,603.1872821,,151.1427976,,738.3899607,"1,805",,1.253665566,4.134163801,1.377246911,-1.644628437,,-1.499173728,,-1.965886687,-2.904171537,,Oct,16059,40277.54397,195037.6569,49753.10432,,70.11352993,185.3081858,"265,016",,103.040593,150.6,,-0.41547811,0.463310916,-0.756922626,-0.797668479,,0.128132006,-4.18289105,-3.7134193,,-8.15246519,0.466977985
Nov,713391,,529017,193253,335763,,184374,87121,51510,45732,,1.380462911,,0.718332813,4.752122112,-1.465560502,,3.32954106,2.743086267,2.836950229,5.075477334,,Oct,1107706,62283.96069,1045995.902,,6481968,217390,6264577,,1.682147935,0.293834495,1.640798517,,1.079239061,-1.796564077,1.182044361,,Oct,"2,165","1,036",530.9484588,603.2430676,,154.0900025,,746.9673086,"1,852",,-2.278965152,-3.905168666,-0.649608738,0.00924844,,1.949947255,,1.161628452,2.583776653,,Nov,16782,40658.18783,194899.6159,48859.68855,,70.18532591,185.2973489,"271,019",,101.3885605,150.9,,4.502148328,0.945052314,-0.070776558,-1.79569855,,0.071795985,-0.005848068,2.265399194,,-1.603283235,0.199203187
Dec,731098,,537180,192075,345104,,193917,95213,51953,46747,,2.482089065,,1.543050601,-0.609563629,2.782021843,,5.175892479,9.28823131,0.860027179,2.219452462,,Nov,1120796,62597.79112,1067271.661,,6509494,216994,6292500,,1.181721504,0.503870379,2.034019361,,0.424654981,-0.182161093,0.445728419,,Nov,"2,164","1,062",530.0212226,580.4155139,,159.0873681,,765.3569196,"1,897",,-0.082601668,2.453232198,-0.174637703,-3.784138583,,3.243147198,,2.461903061,2.439156145,,Dec,17164,40393.01224,195521.9712,49481.14132,,71.74201878,189.890365,"280,408",,102.0038028,150.5,,2.276248361,-0.652207112,0.319320948,1.27191308,,1.556692868,2.478727399,3.464093774,,0.606816332,-0.265076209
Jan '20,491086,,368022,150287,217734,,123063,64936,23624,34495,,-32.82897778,,-31.49000335,-21.75608486,-36.90771478,,-36.53831278,-31.7992291,-54.5281312,-26.2091685,,Dec,1113253,63242.99562,1059335.206,,6508240,220709,6287531,,-0.673003829,1.030714496,-0.743620915,,-0.01926417,1.712028904,-0.078967024,,Dec,"2,231","1,068",532.4295855,599.0544718,,158.8582068,,764.2468042,"1,884",,3.094267832,0.556135625,0.454389902,3.211312834,,-0.144047451,,-0.145045452,-0.68323616,,Jan '20,17044,40649.20994,195109.0382,51564.63852,,70.86836303,190.1026119,"281,401",,102.2522715,151.3,,-0.69913773,0.63426243,-0.21119521,4.210689452,,-0.873655744,0.111773389,0.354160583,,0.243587648,0.531561462
Feb,453828,,347432,146427,201004,,106395,51998,20523,33865,,-7.586858514,,-5.594774225,-2.568419091,-7.683687435,,-13.5442822,-19.92423309,-13.12648154,-1.826351645,,Jan '20,1093114,61399.45243,1044939.263,,6453310,216281,6237029,,-1.809022747,-2.91501561,-1.358960038,,-0.844006982,-2.006261639,-0.803208764,,Jan '20,"2,160","1,049",518.3342035,601.3052486,,157.0910735,,677.4266496,"1,664",,-3.171806736,-1.694436752,-2.647370177,0.375721556,,-1.112396562,,-11.36022476,-11.65118249,,Feb,17115,40183.12401,194357.6318,51426.18761,,68.72502584,187.5063426,"279,094",,101.477716,151.4,,0.416568881,-1.146605129,-0.385121274,-0.268499717,,-2.14333719,-1.365719983,-0.81983581,,-0.757494613,0.066093853
Mar,183439,,140308,66275,74032,,43131,18000,9273,15854,,-59.57962047,,-59.61569458,-54.73853866,-63.16889216,,-59.46144086,-65.38328397,-54.81654729,-53.18470397,,Feb,1127484,64539.87423,1047540.424,,6494021,221216,6272805,,3.144228324,5.11473909,0.248929334,,0.630854554,2.28175383,0.57360644,,Feb,"2,086","1,023",517.0509178,507.6729652,,162.9747957,,752.4714577,"1,860",,-3.401135871,-2.484943382,-0.247578815,-15.57150609,,3.745421091,,11.07792381,11.72451391,,Mar,15513,31926.62971,157409.3239,45178.89569,,38.64174784,166.8800976,"131,355",,96.99275612,150.9,,-9.360210342,-20.54716877,-19.01047441,-12.14807515,,-30.08327801,-11.0002919,-52.93528413,,-4.419650041,-0.330250991
Apr,14481,,12229,10031,2197,,2252,825,101,1324,,-92.10582264,,-91.28417482,-84.8645794,-97.03236438,,-94.77869746,-95.41666667,-98.91081635,-91.64879526,,Mar,735595,46637.3262,677668.5178,,4164756,120999,4043758,,-34.75783248,-27.73874018,-35.30860458,,-35.86783905,-45.30278099,-35.53509156,,Mar,"1,102",576.8680796,232.8505307,300.4267086,,78.48968412,,526.4094506,"1,091",,-47.19425286,-43.6311368,-54.96564794,-40.82278767,,-51.83937261,,-30.04260225,-41.33150757,,Apr,15116,22030.64788,93449.83781,22776.71241,,16.47603107,113.4086165,"20,476",,89.74431503,151.7,,-2.559143944,-30.99601153,-40.63259057,-49.58550433,,-22.16571677,-32.04185629,-84.41185629,,-7.473177766,0.530152419
May,13354,,11557,8970,2586,,1797,843,67,885,,-7.782611698,,-5.495134516,-10.57721065,17.70596268,,-20.20426288,2.181818182,-33.66336634,-33.1570997,,Apr,439050,18267.95498,424569.9999,,2518823,22947,2495877,,-40.31362367,-60.82975491,-37.34842496,,-39.52051453,-81.03538046,-38.27827976,,Apr,68.853,42.861,5.933,20.059,,4.261,,273.8042952,413.5396154,,x,x,x,x,,x,,x,x,,May,12752,13695.06541,89930.73735,21511.4872,,20.05324384,106.0224733,"30,090",,73.99470963,151.7,,-15.63905795,-37.83630202,-3.765764124,-5.554907073,,3.577212772,-6.512858924,46.95552869,,-17.54941847,0
Jun,14985,,12776,9782,2993,,2209,980,122,1105,,12.21356897,,10.54772,9.052396878,15.73859242,,22.92710072,16.2514828,82.08955224,24.85875706,,May,564610,21619.60991,531646.5557,,3215174,38402,3176772,,28.59810955,18.34718194,25.22000044,,27.64588858,67.35085196,27.28079148,,May,88.798,61.322,6.176,21.3,,6.635,,378.0381333,626.1724589,,28.96751049,43.07179021,4.095735715,6.18674909,,55.71462098,,38.0687374,51.41776884,,Jun,14447,18231.37723,121146.8773,24563.63597,,25.84887198,109.0771429,"94,206",,73.56313141,152.4,,13.29203262,33.12369591,34.7113133,14.18846005,,5.795628138,2.881152895,213.0763777,,-0.583255509,0.461437047
Jul,13710,,11276,8546,2729,,2434,1212,329,889,,-8.508508509,,-11.74076393,-12.63545287,-8.820581356,,10.18560435,23.67346939,169.6721311,-19.54751131,,Jun,785411,53821.27808,727812.3984,,4085871,108977,3976893,,39.10681709,148.9465735,36.89779244,,27.08086716,183.7794907,25.18660452,,Jun,193.102,145.599,13.702,33.801,,13.437,,532.3860984,"1,009",,117.462105,137.4335475,121.8588083,58.69014085,,102.5169555,,40.82867612,61.15594008,,Jul,12218,23161.84566,137709.5725,29861.64253,,36.05060583,125.4658953,"136,113",,72.07462099,152.6,,-15.42880875,27.04386159,13.67158237,21.56849485,,10.20173385,15.024919,44.48486062,,-2.02344625,0.131233596
Aug,16704,,12820,9389,3430,,3884,2721,359,800,,21.8380744,,13.69279886,9.864263983,25.68706486,,59.5727198,124.5049505,9.118541033,-10.01124859,,Jul,834219,47505.07318,793851.1984,,4723429,126514,4596914,,6.214326003,-11.73551638,9.073601954,,15.60396792,16.09238647,15.59058793,,Jul,331.695,268.989,18.229,44.477,,34.055,,606.2987965,"1,199",,71.77191329,84.74646117,33.03897241,31.58486435,,153.4419885,,13.88328853,18.80495074,,Aug,12224,25046.48266,143977.8649,30414.7281,,42.26729647,128.371176,"175,563",,74.0625647,152.9,,0.049107874,8.136817007,4.551820392,1.852160596,,6.216690641,2.315593988,28.98354295,,2.758174361,0.196592398
Sep,22003,,17595,12963,4632,,4407,3456,473,476,,31.72294061,,37.24648986,38.06582171,35.04373178,,13.46549949,27.01212789,31.75487465,-40.5,,Aug,859013,45985.99446,823121.0417,,5012524,144768,4867757,,2.97212123,-3.197718919,3.687069241,,6.120447666,14.4284427,5.891843963,,Aug,417.445,345.601,21.598,50.246,,46.889,,651.7618731,"1,318",,25.85206289,28.48146207,18.4815404,12.97074893,,37.68609602,,7.498460648,9.90194503,,Sep,13959,26384.19979,147402.663,32089.70295,,41.44871951,128.1570118,"200,219",,75.67490233,152.9,,14.19339005,5.340938086,2.378697676,5.507117612,,-0.818576964,-0.166832018,14.04381856,,2.176994042,0
Oct,34959,,28002,19789,8213,,6956,4529,1292,1130,,58.88287961,,59.14748508,52.65756384,77.31001727,,57.83980032,31.0474537,173.1501057,137.394958,,Sep,893494,45524.85431,847991.1247,,5175409,142550,5032859,,4.014025399,-1.002783905,3.021436912,,3.249560501,-1.532106543,3.391746959,,Sep,355.353,287.632,20.776,46.945,,37.661,,686.2457789,"1,413",,-14.87429482,-16.77338897,-3.805907954,-6.569677188,,-19.68052208,,5.290874957,7.246541971,,Oct,14428,26569.75191,149524.0456,32332.61806,,40.84084108,136.5187168,"95,516",,78.85174589,153.4,,3.35983953,0.703269866,1.4391752,0.756987699,,-0.607878432,6.52457868,-52.29417981,,4.198014758,0.327011118
Nov,40615,,30184,19921,10263,,10430,6181,2696,1551,,16.17895249,,7.79230055,0.667037243,24.96042859,,49.94249569,36.47604328,108.6687307,37.25663717,,Oct,902261,43872.39399,856200.5946,,4791620,109544,4682075,,0.981204127,-3.62979815,0.968107991,,-7.415626475,-23.15398106,-6.969875373,,Oct,333.694,267.116,25.092,41.486,,38.463,,688.216392,"1,383",,-6.095066033,-7.132725149,20.77396997,-11.62850144,,2.129523911,,0.287158507,-2.147760152,,Nov,14198,26560.69094,148738.1787,32894.20674,,36.52605229,137.7923567,"66,590",,80.64258413,153.6,,-1.59412254,-0.034102606,-0.525578887,1.736910646,,-4.314788788,0.932941555,-30.28400047,,2.271145954,0.130378096
Dec,32990,,26061,16935,9126,,6928,4336,1944,647,,-18.77385203,,-13.65955473,-14.98920737,-11.07863198,,-33.57622244,-29.84953891,-27.89317507,-58.28497743,,Nov,851612,42765.9554,819730.8528,,4658782,99677,4559105,,-5.613564146,-2.52194717,-4.259485682,,-2.772298304,-9.007339517,-2.62639962,,Nov,276.041,207.087,25.919,43.035,,25.495,,575.4998693,"1,107",,-17.27720606,-22.47300798,3.295871194,3.733789712,,-33.71551881,,-16.37806423,-19.96527934,,Dec,14198,26344.97485,146636.229,32933.54423,,34.65320122,129.3675587,"107,768",,81.36868224,154,,0,-0.812162926,-1.41318778,0.119587894,,-1.872851072,-6.114125742,61.83754973,,0.900390436,0.260416667
Jan '21,40903,,30796,22608,8188,,10106,6019,2607,1477,,23.98605638,,18.1689114,33.49867139,-10.27832566,,45.87182448,38.81457565,34.10493827,128.2843895,,Dec,830070,40674.23283,788246.0289,,4313341,80687,4232654,,-2.529555713,-4.891092807,-3.84087336,,-7.414835036,-19.05153646,-7.160418547,,Dec,293.525,214.042,30.217,49.266,,22.162,,497.2722056,889.6261896,,6.333841712,3.358491842,16.58242988,14.47891251,,-13.0731516,,-13.59299417,-19.61132694,,Jan '21,14545,25739.99824,146580.1173,32630.93307,,37.0352419,133.6425695,"66,024",,83.20001913,154.1,,2.444006198,-2.296364338,-0.038265881,-0.918853926,,2.382040682,3.30454621,-38.73444817,,2.250665537,0.064935065
Feb,33019,,25255,20490,4764,,7764,5314,908,1539,,-19.27486981,,-17.99259644,-9.36836518,-41.8172936,,-23.17435187,-11.71290912,-65.17069428,4.197698037,,Jan '21,879091,43819.83306,851158.1705,,4263685,69815,4193870,,5.905646512,7.733643661,7.981282406,,-1.151218974,-13.47428954,-0.916304522,,Jan '21,251.676,183.265,22.535,45.876,,18.396,,568.0036686,"1,075",,-14.25738864,-14.37895366,-25.42277526,-6.881013275,,-16.99305117,,14.22389232,20.87909623,,Feb,14603,26117.63481,147587.5201,32850.46538,,38.88517598,134.219515,"73,571",,84.09103979,154.6,,0.398762461,1.467119622,0.687271067,0.672773638,,1.849934086,0.431707877,11.43037246,,1.070938048,0.324464633
Mar,33859,,27551,22207,5343,,6308,4070,738,1495,,2.543989824,,9.091269056,8.379697413,12.15365239,,-18.75321999,-23.40986075,-18.72246696,-2.85899935,,Feb,920807,42656.38227,863442.4217,,4648112,88356,4559756,,4.745356283,-2.655078079,1.443239539,,9.016308663,26.55733009,8.724304759,,Feb,177.806,140.387,11.018,26.401,,13.388,,577.3703038,"1,115",,-29.35122936,-23.3967206,-51.10716663,-42.45139071,,-27.22330942,,1.649044838,3.679493221,,Mar,14372,26213.00506,149660.4148,33690.98893,,45.72955441,143.5218134,"169,289",,83.72166012,153.6,,-1.58186674,0.365156527,1.404518973,2.558635137,,6.844378427,6.930660128,130.1019858,,-0.439261632,-0.64683053
Apr,32928,,26635,20562,6072,,6292,4263,816,1210,,-2.749638205,,-3.324743204,-7.407574188,13.64402021,,-0.253646164,4.742014742,10.56910569,-19.06354515,,Mar,951827,40898.80458,891852.8164,,5081391,98608,4982783,,3.368784121,-4.120315877,3.290363545,,9.321612732,11.60306035,9.277404317,,Mar,202.133,171.709,9.704,20.72,,16.9,,636.0497368,"1,256",,13.68176552,22.31118266,-11.92593937,-21.51812431,,26.23244697,,10.16322327,12.65547695,,Apr,14109,26443.56745,142736.5411,34366.0908,,37.66135258,141.9321695,"77,289",,83.88755416,154.6,,-1.829947119,0.879572523,-4.626389464,2.003805441,,-8.068201829,-1.107597379,-54.3451511,,0.198149489,0.651041667
May,24296,,20659,14928,5730,,3637,1835,388,1411,,-26.21477162,,-22.43664351,-27.40005836,-5.632411067,,-42.19643992,-56.95519587,-52.45098039,16.61157025,,Apr,805574,35117.6516,771533.5666,,4517523,77290,4440234,,-15.36550234,-14.13526152,-13.4909312,,-11.09672529,-21.61893558,-10.88847337,,Apr,189.686,154.062,11.313,24.311,,15.698,,559.840181,"1,026",,-6.157826777,-10.27727143,16.58079143,17.33108108,,-7.112426036,,-11.98169757,-18.32199226,,May,12912,24490.78629,138307.9265,32572.85455,,32.40758316,128.6784615,"72,506",,76.84753812,155.3,,-8.483946417,-7.384711467,-3.102649546,-5.21803967,,-5.253769418,-9.338057788,-6.188092242,,-8.392205632,0.452781371
Jun,22156,,17700,13082,4617,,4456,2104,611,1732,,-8.808034244,,-14.32305533,-12.36602358,-19.42408377,,22.51855925,14.65940054,57.4742268,22.74982282,,May,863739,37207.88596,813305.8291,,4481694,76748,4404947,,7.220317438,5.952090374,5.414186031,,-0.793111623,-0.701255014,-0.794710369,,May,200.491,158.401,13.888,28.202,,12.746,,479.6557795,847.7831234,,5.696255918,2.816398593,22.76142491,16.00510057,,-18.8049433,,-14.32273069,-17.3627815,,Jun,12923,25700.05729,150904.7999,33909.07778,,41.25230727,132.8556897,"205,239",,76.46218341,155.7,,0.085192069,4.937656886,9.10784636,4.102260158,,8.844724107,3.246252782,183.0648168,,-0.501453552,0.257566001
Jul,26034,,20489,11715,8774,,5544,3146,1255,1139,,17.50315942,,15.75706215,-10.44947256,90.03682045,,24.41651706,49.52471483,105.400982,-34.23787529,,Jun,993383,43275.70952,940844.0782,,5396240,137091,5259149,,15.00962675,16.30789659,15.68146255,,20.4062571,78.62485016,19.39187918,,Jun,317.293,260.22,17.611,39.462,,26.332,,643.6456503,"1,258",,58.25797667,64.27926591,26.80731567,39.92624637,,106.5903028,,34.18907427,48.42030813,,Jul,12870,28738.01407,160271.0594,39070.35397,,56.23029462,157.1593475,"259,835",,78.81770608,156.1,,-0.410121489,11.82081716,6.206733972,15.22092763,,14.97798735,18.29327591,26.60130584,,3.080637467,0.256904303
Aug,72771,,61774,22798,38976,,10996,7405,2141,1448,,179.5229316,,201.498365,94.605207,344.2215637,,98.34054834,135.3782581,70.59760956,27.12906058,,Jul,1085497,50133.76685,1040000.804,,6073082,167694,5905388,,9.272757839,15.84735966,10.53912421,,12.54284465,22.32312843,12.28790057,,Jul,693.774,575.396,56.448,61.93,,68.292,,771.6416104,"1,657",,118.6540516,121.1190531,220.5269434,56.93578633,,159.3498405,,19.88609106,31.71497594,,Aug,12723,29930.78971,164465.7512,40023.83066,,60.13747434,165.4663016,"300,346",,94.79963457,156.8,,-1.142191142,4.150515184,2.617248408,2.440409636,,3.907179718,5.285688828,15.59130365,,20.27707896,0.448430493
Sep,112262,,92359,31911,60447,,19903,9156,7211,3529,,54.26749667,,49.51112118,39.97280463,55.08774631,,81.00218261,23.64618501,236.8052312,143.7154696,,Aug,1097986,50197.07662,1054748.219,,6358318,191212,6167106,,1.15053289,0.126281679,1.418019605,,4.696725649,14.02435388,4.431851049,,Aug,"1,052",837.619,111.269,102.764,,123.024,,792.0540377,"1,751",,51.5839452,45.57261434,97.11770125,65.93573389,,80.14408716,,2.645324859,5.642861257,,Sep,12665,30480.02753,166901.8237,41701.79337,,58.40271614,164.6112409,"326,812",,96.39859345,156.8,,-0.455867327,1.835026173,1.481203566,4.192409095,,-1.734758199,-0.516758216,8.811796277,,1.686671989,0
Oct,175684,,137326,45826,91500,,38358,15624,14958,7775,,56.49462864,,48.68718804,43.60565322,51.37227654,,92.72471487,70.64220183,107.4330883,120.3173704,,Sep,1088293,48471.09177,1043474.338,,6230958,168490,6062469,,-0.882798141,-3.438417063,-1.06886942,,-2.00304546,-11.88314541,-1.696695338,,Sep,948.217,701.673,125.78,120.764,,104.378,,794.7585938,"1,755",,-9.835306423,-16.23005209,13.04136822,17.51586159,,-15.15639225,,0.341461059,0.20853142,,Oct,12849,30686.97293,170664.1831,42682.74344,,60.00056071,170.0632925,"166,596",,97.95816343,157.6,,1.45282274,0.678954114,2.254235044,2.352297066,,1.597844572,3.312077308,-49.02398547,,1.617834786,0.510204082
Nov,210418,,164064,53225,110838,,46354,19254,18259,8840,,19.77072471,,19.47045716,16.14585606,21.13442623,,20.84571667,23.23348694,22.06845835,13.6977492,,Oct,1105362,47992.56291,1052556.397,,6223167,167274,6055893,,1.568419534,-0.987245885,0.870367272,,-0.125036953,-0.721704552,-0.108470658,,Oct,967.176,667.03,156.582,143.564,,99.127,,777.310014,"1,712",,1.999436838,-4.937200092,24.48878995,18.87979862,,-5.030753607,,-2.195456576,-2.426187175,,Nov,13336,31259.02141,171892.6314,43067.12773,,62.16550179,179.7310691,"140,136",,100.7334235,157.8,,3.790178224,1.864141112,0.71980436,0.900561368,,2.164941078,5.684810952,-15.88260134,,2.833107486,0.126903553
Dec,222709,,172462,51526,120936,,50246,18159,21771,10314,,5.841230313,,5.118734153,-3.192108971,9.11059384,,8.396254908,-5.687129947,19.23435018,16.67420814,,Nov,1120590,50973.01962,1078724.375,,6366997,181251,6185747,,1.377648227,6.210247024,2.486135444,,2.31120264,8.355751641,2.144258493,,Nov,945.603,598.476,186.694,160.433,,77.826,,760.9354715,"1,691",,-2.230514405,-10.27749876,19.23081836,11.75016021,,-21.48859544,,-2.106565238,-1.215714035,,Dec,13149,31763.12522,173495.2315,42932.74031,,63.28973619,187.4856855,"267,207",,102.5824842,157.9,,-1.402219556,1.612666634,0.932326243,-0.312041766,,1.124234396,4.314566445,90.67650787,,1.835598028,0.063371356
Jan '22,176063,,138691,66738,71952,,37372,11325,16484,9560,,-20.94482037,,-19.58170496,29.52295928,-40.50406827,,-25.62194005,-37.63423096,-24.28459878,-7.310451813,,Dec,1085731,48919.21525,1056575.983,,6046240,149734,5896505,,-3.110772004,-4.029198949,-2.053202141,,-5.037806677,-17.38859372,-4.675942938,,Dec,"1,141",712.504,208.391,220.2,,97.641,,713.1789525,"1,568",,20.67432104,19.05306144,11.62169111,37.25355756,,25.46064297,,-6.276027435,-7.283313593,,Jan '22,13246,32213.50283,171598.8499,41869.24271,,54.82724305,180.4685769,"227,052",,100.7293655,158.8,,0.737698684,1.417925995,-1.093045361,-2.477124884,,-8.462493131,-3.742743649,-15.0276217,,-1.806467041,0.569981001
Feb,239788,,191663,88708,102954,,48125,13540,20760,13821,,36.1944304,,38.19425918,32.91977584,43.08705804,,28.77287809,19.5584989,25.94030575,44.57112971,,Jan '22,1027259,47961.58726,1004887.389,,5200543,102576,5097967,,-5.385496039,-1.95757021,-4.892084932,,-13.98715565,-31.49451694,-13.54256462,,Jan '22,776.628,462.723,132.29,181.615,,57.181,,677.2836286,"1,440",,-31.94040838,-35.05678565,-36.51837171,-17.52270663,,-41.43751088,,-5.033144043,-8.170399679,,Feb,13699,32719.12988,174575.2607,42981.22641,,60.02557077,191.731357,"238,593",,100.6668862,159.7,,3.419900347,1.569612136,1.734516732,2.655848604,,5.198327715,6.240853807,5.083226856,,-0.062026846,0.56675063
Mar,291837,,226603,100148,126455,,65234,18745,28316,18165,,21.70625719,,18.22991396,12.89624386,22.8266993,,35.55116883,38.44165436,36.39691715,31.43043195,,Feb,1164330,52118.97202,1099143.4,,6304741,154764,6149977,,13.343373,8.668155064,9.379758644,,21.23235977,50.87739822,20.63587308,,Feb,813.356,488.348,154.505,170.503,,61.004,,794.5787567,"1,769",,4.729162482,5.537870389,16.79265251,-6.118437354,,6.685787237,,17.318465,22.8739924,,Mar,14279,32809.22102,177490.2254,43754.24007,,68.53104693,194.9851453,"332,533",,105.3920718,160.7,,4.233885685,0.275347004,1.669746747,1.798491393,,8.505476156,1.697055913,39.37234314,,4.693882705,0.626174076
Apr,377189,,303270,136671,166599,,73918,21819,31343,20748,,29.24646292,,33.83317961,36.46902584,31.74568028,,13.31207652,16.39903974,10.69006922,14.21965318,,Mar,1194640,53384.80337,1121594.569,,6774600,195683,6578916,,2.603213865,2.428734309,2.042606,,7.452471085,26.43961128,6.97464397,,Mar,"1,213",680.174,284.79,247.976,,94.642,,806.2213408,"1,817",,49.12781119,39.28059499,84.32413191,45.43791018,,55.14064651,,1.465252373,2.688671112,,Apr,14426,34450.82687,181814.9637,45299.93255,,71.13011741,202.4507639,"325,668",,109.1802164,163.5,,1.029483857,5.003489262,2.436606491,3.532669003,,2.599070484,3.82881403,-2.064614493,,3.594335504,1.7423771
May,402138,,328268,140980,187287,,73869,22595,31768,19501,,6.614455883,,8.242819929,3.152826862,12.41784164,,-0.066289672,3.556533297,1.355964649,-6.010217852,,Apr,1232088,58419.90262,1167414.62,,6922126,214002,6708125,,3.134668185,9.431708898,4.085259683,,2.177634104,9.361569477,1.963986164,,Apr,"1,377",776.205,310.852,290.206,,116.422,,787.8371907,"1,776",,13.54724883,14.11859318,9.15130447,17.02987386,,23.01303861,,-2.280285718,-2.232618637,,May,14749,34364.31313,182248.0948,45415.63037,,69.34751803,206.1225964,"320,332",,110.9063951,163.9,,2.239012893,-0.251122387,0.238226279,0.255403968,,-1.782599375,1.81369158,-1.638263456,,1.581036172,0.244648318
Jun,441516,,355932,151682,204249,,85584,24305,36571,24700,,9.7921609,,8.427260653,7.591147681,9.056688398,,15.85915607,7.568046028,15.11898766,26.66017127,,May,1224597,57985.77656,1151012.317,,7032158,216515,6815643,,-0.607992286,-0.743113298,-1.40501098,,1.589569447,1.174288091,1.602802572,,May,"1,586",964.371,326.488,295.148,,140.444,,777.750245,"1,748",,15.15690574,24.24179179,5.030046453,1.702928265,,20.63355723,,-1.280333788,-1.596987289,,Jun,16256,35094.45338,183827.2336,46260.78916,,67.93518563,208.548883,"341,968",,112.4683595,164.5,,10.21764187,2.124704893,0.866477561,1.860942541,,-1.412332408,1.177108514,6.754165393,,1.408362792,0.366076876
Jul,474501,,376173,164696,211476,,98328,27194,40841,30291,,7.470850434,,5.686760392,8.579791933,3.538328217,,14.89063376,11.88644312,11.67591808,22.63562753,,Jun,1237488,56687.52377,1174926.165,,7124859,212933,6911925,,1.052672838,-2.238915934,2.077636225,,1.318243987,-1.654388841,1.412662019,,Jun,"1,882","1,069",433.524,379.823,,151.895,,780.8462164,"1,787",,18.67768803,10.83804884,32.78405332,28.68899671,,8.153427701,,0.398067565,2.236765685,,Jul,16941,35113.39484,184988.2128,47059.9702,,67.97037647,217.2560317,"335,380",,115.4419165,166.3,,4.21382874,0.053972819,0.631559973,1.727556004,,0.035190846,4.175111632,-1.926639066,,2.64390535,1.094224924
Aug,501329,,400621,168704,231916,,100708,29052,41043,30610,,5.653939612,,6.499137365,2.433574586,9.665399383,,2.420470263,6.832389498,0.494601014,1.053118088,,Jul,1225396,55338.36897,1180229.312,,7145230,214273,6930956,,-0.977140788,-2.379985419,0.451360016,,0.28591443,0.629305932,0.275335742,,Jul,"2,102","1,136",524.278,441.517,,162.002,,761.2648312,"1,755",,11.65473053,6.260700353,20.9340198,16.2428289,,6.653938576,,-2.5077134,-1.775827078,,Aug,16969,34608.14132,185512.6097,46606.43296,,67.58203866,216.4467023,"334,193",,116.8957795,166.8,,0.165279499,-1.438919616,0.283475844,-0.963743143,,-0.388337809,-0.372523319,-0.353720132,,1.259389189,0.300661455
Sep,521169,,419242,171990,247251,,101927,32533,38485,30906,,3.957481015,,4.648033927,1.947790212,6.612307905,,1.210430155,11.98196338,-6.232487879,0.967004247,,Aug,1246226,56397.42797,1197179.197,,7210163,212964,6997199,,1.699858658,1.913787898,1.436151807,,0.90876011,-0.610902914,0.955755599,,Aug,"2,149","1,174",524.348,450.556,,169.326,,778.2333843,"1,791",,2.271115954,3.401097014,0.013351695,2.047259788,,4.52093184,,2.228994745,2.018380188,,Sep,16880,34446.90756,186097.3055,47012.00479,,69.4082402,218.6640884,"350,231",,117.579103,166.6,,-0.524485827,-0.46588388,0.315178418,0.870205688,,1.826201542,1.024448987,4.798927578,,0.584557842,-0.119904077
Oct,584336,,468615,195636,272978,,115720,39770,39910,36038,,12.12025274,,11.77673038,13.74847375,10.40521575,,13.53223385,22.24510497,3.702741328,16.60518993,,Sep,1275017,56971.71797,1217174.051,,7307037,209812,7097225,,2.310255122,1.01829111,1.670163869,,1.343575728,-1.480062358,1.429514867,,Sep,"1,892","1,039",442.957,410.317,,151.005,,795.005055,"1,848",,-11.96972094,-11.54933415,-15.52232487,-8.930965296,,-10.81995677,,2.155095249,3.185664073,,Oct,16965,34645.35343,184198.9237,47200.34891,,70.6216426,215.7507802,"308,535",,132.3988481,167.5,,0.503554502,0.576091966,-1.020101662,0.400629826,,1.213402395,-1.332321291,-11.90537099,,12.60406374,0.540216086
Nov,596857,,472191,199640,272550,,124666,44933,39718,40012,,2.14277402,,0.763099773,2.046658079,-0.156789192,,7.730729347,12.98214735,-0.481082435,11.02724901,,Oct,1274337,56069.5796,1215984.967,,7344007,210981,7133025,,-0.053332622,-1.583484577,-0.097692225,,0.505950634,0.557165462,0.504422503,,Oct,"1,897","1,038",465.0824752,402.7523217,,144.2189113,,810.0816271,"1,887",,x,x,x,x,,x,,x,x,,Nov,17022,34904.92868,184840.3326,47829.68311,,70.94944889,217.12473,"310,045",,113.3920601,168,,0.335985853,0.749235386,0.348215312,1.333325322,,0.327806287,0.636822667,0.489580148,,-14.35570492,0.298507463
Dec,576007,,443126,190327,252799,,132881,48842,39273,44762,,-3.493299065,,-6.155348154,-4.664896814,-7.246743717,,6.589607431,8.699619433,-1.120398812,11.87143857,,Nov,1256295,54996.9119,1204298.026,,7254717,208294,7046423,,-1.415795037,-1.913101033,-0.961109004,,-1.215821281,-1.273574398,-1.214099208,,Nov,"1,903","1,023",466.8537241,417.0931856,,143.9348746,,782.7967,"1,812",,0.300595216,-1.464304603,0.380846191,3.560715375,,-0.196948323,,-3.368170084,-3.965498994,,Dec,17323,34977.82706,186505.9875,48952.49875,,71.38912589,223.1215387,"408,494",,114.8489982,167.5,,1.768299847,0.208848378,0.901131736,2.347528911,,0.439677007,2.76191878,31.75319655,,1.284867812,-0.297619048
Jan '23,638581,,506257,216825,289432,,132323,45797,42194,44329,,10.86340965,,14.24673795,13.92235468,14.49095922,,-0.419924594,-6.234388436,7.437679831,-0.967338367,,Dec,1241744,55668.42799,1203574.986,,7282678,207074,7075604,,-1.158247068,1.221006903,-0.060038256,,0.385418204,-0.585710582,0.414125011,,Dec,"1,856",930.0908451,452.7586909,428.9808135,,125.5996587,,712.7610242,"1,657",,-2.469288834,-9.078617128,-3.019154075,2.850113191,,-12.73854994,,-8.946853737,-8.570638345,,Jan '23,17131,35915.78037,186843.8992,49284.88458,,71.76472862,228.5086946,"409,159",,117.7332306,168.4,,-1.108353057,2.681565402,0.181180072,0.678996668,,0.375602722,2.414449051,0.162791968,,2.511325689,0.537313433
Feb,643620,,504274,216491,287783,,139345,54069,41496,43778,,0.789093318,,-0.391698288,-0.154041278,-0.569736588,,5.306711607,18.06231849,-1.654263639,-1.242978637,,Jan '23,1338884,58300.69758,1317230.64,,7662088,217980,7444108,,7.822868482,4.728478392,9.443171782,,5.209759377,5.266716246,5.208092482,,Jan '23,"1,954","1,021",483.6612152,462.7361738,,139.0201197,,811.9437834,"1,875",,5.284147603,9.733424138,6.825385113,7.868734278,,10.68510943,,13.91528939,13.17775089,,Feb,17264,36919.6532,188805.7492,49749.25867,,72.08953375,227.5227505,"394,775",,118.7197333,169.8,,0.776370323,2.795074552,1.049994166,0.942224148,,0.324805133,-0.431468964,-3.515577718,,0.837913579,0.831353919
Mar,630909,,497085,220599,276486,,133823,52877,40239,40704,,-1.974923091,,-1.425613853,1.897538466,-3.92552722,,-3.962826079,-2.204590431,-3.029207634,-7.021791768,,Feb,1332542,56066.32531,1263863.185,,7658086,210102,7447985,,-0.473678078,-3.83249663,-4.051489058,,-0.052231193,-3.614093036,0.052081458,,Feb,"1,966","1,006",482.891594,465.0390584,,135.0444329,,774.3973862,"1,849",,0.611956485,-1.40250614,-0.159124015,0.497666862,,-2.859792345,,-4.62426069,-1.382535683,,Mar,17226,37411.29644,187567.8055,49823.46286,,68.26356098,227.5863169,"377,942",,122.0982687,170.5,,-0.220111214,1.331657236,-0.655670559,0.149156372,,-3.82597277,0.027938493,-4.263941436,,2.84580778,0.412249706
Apr,622143,,488946,220045,268901,,133196,52008,37697,43487,,-1.389423831,,-1.637345726,-0.251134411,-2.743357711,,-0.468529326,-1.643436655,-6.317254405,6.837165881,,Mar,1323828,55356.29792,1254741.229,,7592030,206836,7385194,,-0.653938112,-1.266406136,-0.72175185,,-0.862565398,-1.554483061,-0.843060237,,Mar,"2,055","1,051",500.991877,488.0494775,,135.3174588,,797.7897349,"1,890",,4.550042416,4.443245507,3.748311869,4.948061614,,0.202174812,,3.020716374,2.186458753,,Apr,17365,37000.36843,187034.0497,50156.51748,,68.37141103,229.1305192,"401,689",,120.73014,171.8,,0.806919772,-1.098406219,-0.284566836,0.66846943,,0.107850052,0.67851277,6.283128022,,-1.120514427,0.762463343
May,629346,,498293,233558,264734,,131053,51779,37198,42073,,1.157772409,,1.911663047,6.14101661,-1.549640946,,-1.608907174,-0.440316874,-1.323712762,-3.251546439,,Apr,1321676,55044.43936,1261411.007,,7684988,206673,7478315,,-0.162558882,-0.563365995,0.53156607,,1.224415604,-0.078806397,1.260914744,,Apr,"2,050","1,060",495.5222586,500.71326,,146.7401254,,797.711507,"1,849",,-0.2337282,0.827258331,-1.091757904,2.59477431,,8.441384239,,-0.009805572,-2.166807178,,May,17571,37007.94456,188097.8193,51688.32851,,66.68629769,205.4587124,"393,146",,120.3551856,172.6,,1.18629427,0.020475814,0.568757167,3.054061787,,-1.68511334,-10.33114525,-2.126599854,,-0.310572309,0.465657742
Jun,638196,,502025,240904,261120,,136170,57994,38353,39822,,1.406221697,,0.748956939,3.145257281,-1.36514388,,3.904527176,12.00293555,3.105005645,-5.35022461,,May,1335721,57653.89924,1266091.248,,7676519,209916,7466603,,1.062665888,4.740642115,0.371032214,,-0.110201864,1.569145462,-0.15661282,,May,"2,054","1,105",483.9482466,494.5305758,,144.0975354,,810.2434779,"1,919",,0.190456635,4.29201267,-2.335719888,-1.234775411,,-1.800863949,,1.570990366,3.787985785,,June,17726,37322.8756,189127.7826,51624.968,,67.998592,229.5489008,"369,549",,125.8598806,174.4,,0.882135337,0.850982273,0.547567883,-0.122581844,,1.312294306,11.72507512,-6.002296423,,4.573708158,1.042873696
Jul,649728,,514054,235811,278242,,135673,55605,37901,42159,,1.806968392,,2.396095812,-2.114120147,6.55713848,,-0.364984945,-4.119391661,-1.1785258,5.868615338,,Jun,1343045,54871.50177,1281415.268,,7701923,207985,7493938,,0.548318099,-4.8260352,1.21034087,,0.330931246,-0.919891766,0.366096872,,June,"2,093","1,078",489.227578,518.2852668,144.9123473,144.9123473,,791.2260516,"1,862",,1.886244052,-2.431368834,1.090887604,4.803482775,,0.565458606,,-2.347124896,-2.955823074,,July,17669,37539.80571,188713.3061,51535.92067,,68.8156489,231.4462189,"388,499",,129.0651974,175.6,,-0.321561548,0.581225584,-0.219151527,-0.172488885,,0.817056903,0.826542022,5.127978822,,2.546734396,0.688073394
Aug,645657,,511925,233694,278230,,133732,51722,37953,44055,,-0.626569888,,-0.414158824,-0.897752861,-0.004312792,,-1.430645744,-6.983184965,0.137199546,4.497260371,,Jul,1341375,54567.94992,1292172.836,,7762347,210355,7551992,,-0.124344307,-0.553204925,0.839506734,,0.784531344,1.139505253,0.774679481,,July,"2,091","1,079",499.0698512,516.6256441,,150.0100291,,787.1071741,"1,878",,-0.107248998,0.025859732,2.011798515,-0.320214139,,3.517769131,,-0.52056899,0.874020535,,Aug,17589,37061.84397,187715.7685,50688.17289,,66.57775511,227.5382512,"379,607",,126.4556984,176,,-0.452770389,-1.273213133,-0.528599535,-1.644964862,,-2.237893793,-1.688499264,-2.28882333,,-2.02184565,0.227790433
Sep,667076,,524628,246115,278513,,142447,59014,39271,44160,,3.317396079,,2.481418176,5.315070134,0.101714409,,6.516764873,14.0984494,3.472716254,0.238338441,,Aug,1333982,55204.55322,1282910.585,,7717851,208938,7508913,,-0.551150871,1.166624924,-0.716796601,,-0.57322869,-0.673623161,-0.570432278,,Aug,"2,106","1,081",496.8969915,512.2066467,,150.7765753,,778.8389689,"1,846",,0.739971308,0.233631128,-0.435381883,-0.855357739,,0.510996634,,-1.050454807,-1.708372982,,Sep,17550,37178.07202,188307.9518,50962.83543,,68.62203604,239.4052041,"368,346",,152.2604999,176.6,,-0.22172949,0.313605701,0.315468063,0.541867131,,2.04428093,5.215366123,-2.966434093,,20.40619903,0.340909091
Oct,682170,,524664,247193,277471,,157506,64946,42739,49820,,2.262710696,,0.006862005,0.438006623,-0.374129753,,10.57165121,10.0518521,8.830943954,12.81702899,,Sep,1356571,55983.53634,1296692.155,,7798228,211242,7586986,,1.693351185,1.411084899,1.074242465,,1.041442754,1.102719467,1.039737709,,Sep,"2,126","1,120",500.2558167,522.4424488,,149.3767315,,785.81384,"1,871",,0.941591501,3.594034081,0.675960071,1.998373556,,-0.928422607,,0.895547266,1.341056505,,Oct,17482,36802.60574,187959.8712,50654.60961,,68.46987263,236.4528172,"393,271",,157.45251,177.7,,-0.387464387,-1.009913284,-0.184846457,-0.604805096,,-0.152163407,-1.233217529,6.766696398,,3.409952136,0.622876557
Nov,674702,,522328,232180,290148,,152373,62108,43470,46793,,-1.09474178,,-0.445237333,-6.073392046,4.568765745,,-3.25892347,-4.369784128,1.710381619,-6.075873143,,Oct,1356848,55963.07809,1299793.149,,7794354,209161,7585193,,0.02041913,-0.036543327,0.239146465,,-0.049677952,-0.985126064,-0.023632573,,Oct,"2,166","1,119",528.5369961,530.6220177,,150.6082116,,797.4856832,"1,900",,1.87990159,-0.044721514,5.653343437,1.565640163,,0.824412232,,1.485319109,1.548707559,,Nov,17295,36619.71613,187247.3844,50965.02833,,68.64300877,230.1063869,"377,612",,120.7908465,178.3,,-1.069671662,-0.496947438,-0.379063223,0.612814355,,0.173136137,-2.684015506,-3.98167496,,-23.28426745,0.337647721
Dec,672994,,522067,237940,284126,,150927,60246,41156,49523,,-0.253148798,,-0.049968602,2.480833836,-2.075492507,,-0.948987025,-2.998003478,-5.32321141,5.834205971,,Nov,1351291,56118.0831,1296821.012,,7844466,204993,7639474,,-0.409552138,0.276977289,-0.228662287,,0.642926919,-1.992723309,0.715617915,,Nov,"2,147","1,067",553.6273724,524.2534048,,148.6712723,,806.2279377,"1,893",,-0.863099654,-4.683522312,4.747137188,-1.200216463,,-1.286078118,,1.096227144,-0.380049144,,Dec,17343,36456.03784,187311.6124,50540.01297,,67.12858015,233.1131702,"361,525",,120.578809,180.1,,0.27753686,-0.446967654,0.034301145,-0.833935294,,-1.514428613,1.306692689,-4.260134903,,-0.17554105,1.009534492
Jan '24,638358,,485376,217415,267961,,152981,65572,41204,46204,,-5.146554055,,-7.028025139,-8.626124233,-5.689377248,,1.36092283,8.840420941,0.11662941,-6.701936474,,Dec,1374784,57600.63816,1324671.687,,7934074,208226,7725847,,1.738559644,2.641849069,2.147611313,,1.142308476,1.577127024,1.13061449,,Dec,"2,129","1,026",532.9422027,541.2510256,,147.7751608,,790.604455,"1,844",,-0.861247843,-3.889920704,-3.73629823,3.24225281,,-0.602746938,,-1.937849325,-2.606734031,,Jan '24,17211,36597.07814,186516.9081,50669.38431,,67.81234529,232.4742265,"382,555",,123.1599262,180.3,,-0.761113994,0.386877742,-0.424268607,0.255978061,,0.683765131,-0.274091655,5.816761894,,2.140606032,0.111049417
Feb,704510,,549536,252267,297268,,154974,65090,42444,47438,,10.36283715,,13.21861814,16.03017271,10.93703935,,1.302776162,-0.735069847,3.009416561,2.670764436,,Jan '24,1303560,55332.13078,1280331.211,,7738682,207380,7531301,,-5.18074112,-3.93833723,-3.347280421,,-2.462694449,-0.40628932,-2.518118725,,Jan '24,"2,136","1,067",535.6053939,546.8373907,,150.8596303,,764.2829129,"1,804",,0.349410239,4.038361721,0.499714834,1.032120928,,2.087271994,,-3.32929343,-2.162370118,,Feb,17201,36275.42905,185420.0384,49952.97575,,67.73398316,236.4110537,"387,590",,125.5103072,180.5,,-0.058102376,-0.878892813,-0.588080548,-1.413888442,,-0.078362123,1.693446738,1.316405777,,1.908397525,0.110926234
Mar,683658,,539800,248759,291041,,143858,63121,39778,40957,,-2.959787654,,-1.771676469,-1.390590129,-2.094742791,,-7.172816085,-3.025042249,-6.281217604,-13.66204309,,Feb,1385247,56108.02165,1319241.613,,7924371,207549,7716822,,6.266454939,1.402242877,3.039088836,,2.399491283,0.081492912,2.463332696,,Feb,"2,214","1,048",545.2417417,570.8921708,,157.9233331,,816.1495252,"1,960",,3.644712828,-1.813918606,1.799150622,4.398890886,,4.682301535,,6.786310597,8.641594378,,Mar,17364,37125.33913,187607.011,50474.51727,,65.22495774,236.0785527,"386,489",,120.2943403,179.1,,0.947619324,2.342935974,1.179469376,1.044064981,,-2.50902542,-0.140645289,-0.284211767,,-4.155807643,-0.775623269
Apr,703660,,553998,257605,296393,,149661,64608,43875,41176,,2.925731872,,2.63023342,3.556052243,1.838916166,,4.033838924,2.355792842,10.29966313,0.534707132,,Mar,1372537,54573.51193,1303344.105,,7914650,205208,7709442,,-0.9175259,-2.734920369,-1.205049064,,-0.122672197,-1.127926417,-0.095635224,,Mar,"2,133","1,042",545.5471663,551.9917685,,156.0683191,,805.096368,"1,889",,-3.650889456,-0.558962444,0.056016364,-3.310678144,,-1.174629486,,-1.354305412,-3.582587582,,Apr,17615,36643.53819,184642.1447,51098.00574,,65.97419287,235.9692995,"389,697",,124.5130315,178.4,,1.445519466,-1.297768437,-1.58036006,1.235253959,,0.749235123,-0.046278321,0.830003274,,3.506973988,-0.390843104
May,712334,,553996,258050,295945,,158338,69363,44612,44362,,1.23269761,,-0.000361012,0.172745094,-0.151150668,,5.797769626,7.359769688,1.67977208,7.737517,,Apr,1363273,54967.52245,1308809.198,,7883779,203009,7680770,,-0.674954482,0.721981246,0.419313159,,-0.390048833,-1.071595649,-0.371907591,,Apr,"2,200","1,068",567.1107427,561.0625953,,150.7672317,,816.1020161,"1,899",,3.142313031,2.524291944,3.952651158,1.643290218,,-3.396645408,,1.366997609,0.509621682,,May,17767,37126.79655,186376.5164,51943.04974,,65.06114548,241.4476606,"397,730",,122.8276453,179.7,,0.862900937,1.31880922,0.939315176,1.653770994,,-0.913047381,2.321641457,2.06137598,,-1.353582171,0.728699552
Jun,696276,,548494,255498,292995,,147781,65223,40901,41642,,-2.254279594,,-0.993147965,-0.988955629,-0.996806839,,-6.667382435,-5.968599974,-8.318389671,-6.131373698,,May,1368593,53551.48008,1309998.291,,7911878,200978,7710900,,0.390237319,-2.576143713,0.090853041,,0.356415369,-1.000448256,0.392278378,,May,"2,202","1,075",585.8683197,555.7218681,,155.0491125,,813.8990774,"1,905",,0.075658091,0.625996925,3.307568619,-0.951895063,,2.840060666,,-0.269934231,0.324864008,,Jun,17865,37104.99278,184024.5727,51443.12264,,68.55412627,239.480594,"393,135",,121.5626362,180.8,,0.551584398,-0.058727866,-1.261931387,-0.96245234,,3.492980785,-0.81469687,-1.155401548,,-1.029905817,0.61213133
Jul,690375,,548906,254755,294151,,141468,62477,39892,39096,,-0.847508747,,0.075114769,-0.290804625,0.394545982,,-4.271861741,-4.210171259,-2.466932349,-6.1140195,,Jun,1374256,54101.09266,1315535.624,,7954389,203532,7750857,,0.413782622,1.026325648,0.422697745,,0.537306061,1.270785857,0.518188538,,Jun,"2,157","1,074",548.6955928,545.3486494,,153.4931102,,814.6643554,"1,916",,-2.057131842,-0.048750819,-6.34489451,-1.866620563,,-1.003554444,,0.094026161,0.552106514,,Jul,18094,37068.42988,186191.018,50975.17408,,69.12856193,238.2189154,"393,480",,121.2968911,180.8,,1.281835992,-0.098539029,1.17725875,-0.909642611,,0.574435663,-0.526839619,0.087876799,,-0.218607556,0
Aug,691979,,547103,256142,290960,,144875,64460,39959,40454,,0.232337498,,-0.328471542,0.544444663,-1.084816982,,2.408318489,3.17396802,0.167953474,3.473501125,,Jul,1388291,53442.74931,1337625.022,,7986458,201979,7784478,,1.021279878,-1.216876238,1.679118168,,0.403161072,-0.763024979,0.433771388,,Jul,"2,155","1,064",545.1886709,544.7593616,,155.9076983,,827.7515129,"1,934",,-0.065013303,-0.987319338,-0.639137967,-0.108057092,,1.573092127,,1.606447779,0.956866436,,Aug,16677,36891.50662,186208.0557,50733.96088,,68.31374899,241.1064121,"397,134",,119.6747535,181,,-7.831325301,-0.477288238,0.009150643,-0.473197398,,-0.814812939,1.212118978,0.928618725,,-1.337328259,0.110619469
Sep,708683,,555441,261729,293712,,153241,65066,44371,43803,,2.413946088,,1.524027468,2.181211984,0.945834479,,5.774633305,0.940117903,11.04131735,8.278538587,,Aug,1381014,53239.73175,1327555.926,,7995188,200557,7794630,,-0.524169645,-0.379878587,-0.752759254,,0.109310035,-0.704033588,0.130413369,,Aug,"2,189","1,072",552.7592281,554.7660739,,154.8860434,,815.5691053,"1,897",,1.576210646,0.835438485,1.388612334,1.83690507,,-0.655294722,,-1.471746939,-1.919352304,,Sep,16740,36601.32243,184268.8241,50121.51933,,69.38002402,241.450754,"396,524",,123.0633579,181.4,,0.377765785,-0.786588076,-1.041432719,-1.207162891,,1.066275026,0.142817415,-0.153578697,,2.831511465,0.220994475
Oct,689985,,543709,253679,290029,,146276,60636,42593,43043,,-2.638415201,,-2.112195535,-3.075700438,-1.253949447,,-4.545128262,-6.808471398,-4.007121769,-1.735040979,,Sep,1401473,53534.59786,1349680.484,,8077356,205043,7872313,,1.48144769,0.553845964,1.666563176,,1.027718172,2.236770594,0.996622033,,Sep,"2,146","1,037",558.2863481,559.2175747,,157.4537077,,816.1164607,"1,913",,-1.984587171,-3.284249711,0.999914561,0.802410427,,1.657776414,,0.067113311,0.84867171,,Oct,16660,36888.10267,183257.3512,51778.23513,,68.88909674,237.978039,"391,528",,117.9665432,181.8,,-0.477897252,0.783524258,-0.548911547,3.305398193,,-0.490927277,-1.438270497,-1.259990232,,-4.141618432,0.220507166
Nov,709833,,562277,260987,301290,,147555,60715,44473,42365,,2.876584274,,3.415062101,2.880806058,3.882715177,,0.87437447,0.130285639,4.413870824,-1.575169017,,Oct,1389859,52422.31597,1339967.234,,8104111,200350,7903761,,-0.828699518,-2.077687951,-0.719670369,,0.331234627,-2.288788205,0.399475986,,Oct,"2,174","1,073",549.6273137,566.9616927,,158.7508392,,809.2215845,"1,865",,1.310000283,3.476943665,-1.551002346,1.384813048,,0.823817751,,-0.84483975,-2.498715317,,Nov,16650,36891.92198,184197.9095,52766.09754,,70.33759455,247.5820027,"410,080",,118.9678755,182.1,,-0.06002401,0.010353776,0.513244482,1.907871929,,1.44849781,4.035651247,4.738488429,,0.848827413,0.165016502
Dec,806324,,656191,279474,376716,,150133,62081,48886,39161,,13.59347903,,16.70244381,7.08349458,25.03435229,,1.747145132,2.249855884,9.922874553,-7.562846689,,Nov,1427999,54402.86252,1370034.853,,8211191,205959,8005232,,2.744163257,3.778059995,2.243907078,,1.321304706,2.799600699,1.283831837,,Nov,"2,221","1,119",540.8746111,577.9587044,,160.9119242,,819.7310161,"1,923",,2.143011952,4.223151461,-1.592479567,1.939639291,,1.361306161,,1.298708765,3.117711788,,Dec,16706,37583.54257,185925.6502,52287.95757,,71.04126131,294.53249,"425,712",,190.7626921,177.5,,0.336336336,1.874720931,0.937980611,-0.906149962,,0.703666758,18.96361073,3.811891416,,60.34806986,-2.526084569
Jan' 25,733182,,579714,267183,312530,,153467,69092,43989,40385,,-9.071043402,,-11.65468591,-4.397904635,-17.03829941,,2.220697648,11.29331035,-10.01718283,3.125558591,,Dec,1460139,56540.98303,1401902.439,,8271535,205778,8065757,,2.250701856,3.930161785,2.326042001,,0.73489948,-0.087881569,0.756068032,,Dec,"2,278","1,119",556.408871,581.4501499,,159.9620504,,817.4560655,"1,911",,2.605380169,0.032954874,2.872063062,0.604099478,,-0.590306658,,-0.277524033,-0.646955235,,Jan '25,16670,37625.2301,187205.1322,52242.92618,,67.74685995,245.2369145,"402,981",,118.6721312,174.6,,-0.21549144,0.110919654,0.688168642,-0.086121917,,-3.294401359,-16.73688886,-5.33963611,,-37.79070221,-1.633802817
Feb,692289,,537107,243794,293313,,155182,68356,45092,41730,,-5.577469169,,-7.349658625,-8.753925212,-6.14884971,,1.117504089,-1.065246338,2.507445043,3.330444472,,Jan '25,1423515,54994.38766,1393928.063,,8117986,200468,7917517,,-2.508254351,-2.735352813,-0.56882535,,-1.856354353,-2.580450777,-1.837893207,,Jan '25,"2,214","1,096",523.3894805,593.257136,,160.1581901,,842.1651118,"1,969",,-2.846553859,-2.077940817,-5.934375278,2.030610203,,0.122616418,,3.022675746,3.052167013,,Feb,17263,37140.4514,185965.7621,52325.60753,,69.17276614,245.5408991,"402,364",,118.3905642,179.1,,3.557288542,-1.288440506,-0.662038538,0.158263239,,1.425906186,0.123955504,-0.153109896,,-0.237264699,2.577319588
Mar,700286,,547448,249600,297847,,152838,68053,42516,42267,,1.155153411,,1.925314695,2.381518823,1.545788969,,-1.510484463,-0.443267599,-5.712765014,1.286843997,,Feb,1415843,54286.98608,1359726.233,,8059574,196856,7862718,,-0.538947605,-1.286315952,-2.453629439,,-0.719538073,-1.801783826,-0.692123553,,Feb,"2,204","1,089",521.8040241,593.1385047,,159.1127918,,757.1794515,"1,812",,-0.450017293,-0.642018369,-0.302920951,-0.019996607,,-0.652728585,,-10.09132997,-7.990297472,,Mar,17377,36699.72121,184582.7509,52793.4001,,72.16755845,241.9496436,"404,252",,117.6977248,184.3,,0.660371894,-1.18665812,-0.74369131,0.894003137,,2.994792316,-1.462589548,0.469415507,,-0.58521502,2.903405918
Apr,668143,,517406,253563,263842,,150737,67197,43270,40268,,-4.589981807,,-5.487644489,1.587740385,-11.41693554,,-1.374658135,-1.257843152,1.773449995,-4.72945797,,Mar,1447468,54948.0918,1380904.235,,8279818,201749,8078069,,2.233651613,1.217797803,1.557519499,,2.732700264,2.485573211,2.738887494,,Mar,"2,205","1,081",521.1572827,603.3123529,,159.0527337,,833.6608521,"1,933",,0.052373725,-0.751261011,-0.123943348,1.71525675,,-0.037745629,,10.10082887,6.690088826,,Apr,17321,36865.46866,183803.1584,52875.28533,,71.86688765,242.7063673,"405,316",,120.0510673,184.4,,-0.322265063,0.451631343,-0.422353919,0.155105046,,-0.3006708,0.312760811,0.263187185,,1.999479997,0.05425936
May,687097,,527788,257950,269837,,159309,69433,43803,46062,,2.836817867,,2.006548049,1.730142016,2.272193207,,5.686725887,3.327529503,1.231800324,14.3885964,,Apr,1453696,56298.77276,1398842.836,,8347842,203536,8144305,,0.430268579,2.458103483,1.29904743,,0.821563952,0.885754081,0.819948431,,Apr,"2,205","1,089",517.8254242,601.3751045,,161.2481168,,833.7482755,"1,969",,0.007390275,0.784721149,-0.639319187,-0.321102069,,1.380286284,,0.010486683,1.864744959,,May,17376,37013.30087,185066.0095,52126.17003,,73.61134719,242.9162518,"407,057",,121.5524396,185,,0.31753363,0.401004572,0.687067168,-1.416758863,,1.744459534,0.086476723,0.429355739,,1.250611373,0.32537961
Jun,686132,,532746,253208,279538,,153386,68197,43772,41404,,-0.140445963,,0.939392332,-1.838340764,3.595133358,,-3.717931818,-1.780133366,-0.070771408,-10.11245712,,May,"1,448,260",53860.95991,"1,385,573",,"8,365,381",203630,"8,161,752",,-0.373943383,-4.330134975,-0.948612504,,0.210102204,0.046183476,0.214223313,,May,"2,236","1,109",526.543786,615.7093725,,164.7372543,,823.9892126,"1,912",,1.426159445,1.808104404,1.683648854,2.383581884,,2.163831489,,-1.170504716,-2.883498504,,Jun,17295,37424.72115,185526.4395,52050.0915,,70.76797133,245.2260577,"414,815",,123.1092757,185.1,,-0.466160221,1.111547107,0.248792309,-0.145950738,,-2.843375862,0.950865146,1.905996774,,1.280793831,0.054054054
Jul,683803,,529414,256222,273192,,154388,69796,43974,40614,,-0.339439058,,-0.625438764,1.19032574,-2.270174359,,0.653253882,2.344677918,0.461482226,-1.90802821,,Jun,"1,444,680",53307.27339,"1,387,661",,"8,348,766",204183,"8,144,583",,-0.247193184,-1.027992304,0.150664396,,-0.198616178,0.271570987,-0.210359246,,Jun,"2,258","1,104",533.3403819,614.7534309,,168.6689733,,843.0081485,"1,983",,0.948065748,-0.429236535,1.290794044,-0.155258584,,2.386660531,,2.308153499,3.679211431,,Jul,17291,37506.21221,185894.4193,52412.06264,,70.95369927,250.1024006,"420,229",,122.9353597,185.3,,-0.023128072,0.2177466,0.19834359,0.695428425,,0.185727945,1.98850927,1.305032323,,-0.141269645,0.108049703
Aug,688696,,532711,265502,267208,,155984,69830,44946,41206,,0.715556966,,0.622764037,3.621859169,-2.19040089,,1.0337591,0.048713393,2.210397053,1.457625449,,Jul,"1,439,388",53503.82708,"1,386,517",,"8,348,359",203474,"8,144,884",,-0.366309494,0.368718337,-0.08244237,,-0.004874972,-0.347237527,0.003695708,,Jul,"2,261","1,108",526.8404577,616.3956608,,167.5483722,,833.5818243,"1,943",,0.145668407,0.387542598,-1.21871968,0.267136356,,-0.66437894,,-1.118177112,-1.997581825,,Aug,17262,37377.81126,185917.0374,52712.1913,,71.37812467,251.4606088,"423,779",,127.3264321,185.5,,-0.16771731,-0.34234582,0.012167177,0.572632805,,0.424425403,0.543060818,0.844906472,,3.571854737,0.107933081
Sep,701090,,542488,260269,282219,,158601,71187,44957,42455,,1.799632929,,1.8353291,-1.970983269,5.617721026,,1.677736178,1.943290849,0.024473813,3.031111974,,Aug,"1,456,071",54061.06141,"1,400,141",,"8,419,408",204067,"8,215,341",,1.159034256,1.041484986,0.982637705,,0.851053482,0.291437727,0.865046083,,Aug,"2,227","1,099",521.0744749,604.5390833,,171.6330733,,826.4053802,"1,931",,-1.48174989,-0.836562329,-1.094445708,-1.923533581,,2.437923488,,-0.860916574,-0.622219099,,Sep,17258,37240.98924,185002.4495,52519.37329,,70.27597808,248.3020821,"422,441",,125.3158147,186.4,,-0.023172286,-0.366051443,-0.491933352,-0.365793958,,-1.102146589,-1.256072165,-0.315749119,,-1.579104476,0.485175202
Oct,701348,,538262,257689,280573,,163085,73548,46964,42570,,0.03679984,,-0.779003407,-0.991282097,-0.583235005,,2.827220509,3.316616798,4.464265854,0.270875044,,Sep,"1,444,750",54439.78292,"1,388,478",,"8,383,397",198029,"8,185,367",,-0.777503295,0.700543976,-0.833011156,,-0.427714158,-2.958832148,-0.364853997,,Sep,"2,269","1,148",509.6487754,619.2570594,,168.3165926,,823.7250122,"1,906",,1.874559554,4.44645354,-2.192719099,2.434578099,,-1.932308639,,-0.32434058,-1.269165356,,Oct,17284,37223.08814,184050.1518,53336.52769,,71.9208693,252.446616,"428,791",,126.0095169,186.7,,0.150654769,-0.048068266,-0.514748717,1.555910418,,1.64489122,1.669149873,1.503182547,,0.553563099,0.160944206
Nov,712075,,555583,267247,288336,,156491,68266,44816,43407,,1.529483224,,3.217949623,3.709122236,2.766837864,,-4.043290309,-7.181704465,-4.573716038,1.966173362,,Oct,"1,457,190",57199.85954,"1,401,475",,"8,479,527",201845,"8,277,681",,0.861048624,5.069962584,0.936058985,,1.146671212,1.926990491,1.127793048,,Oct,"2,309","1,160",500.5553198,652.2058786,,168.2520356,,825.4157144,"1,918",,1.750695764,1.066753139,-1.78425927,5.320701427,,-0.03835452,,0.2052508,0.604558983,,Nov,16291,37044.76352,184489.9878,53748.42645,,69.83159434,248.1864147,"425,585",,125.2201782,187.8,,-5.745197871,-0.479069916,0.238976181,0.772263919,,-2.089274961,-1.687565221,-0.747643661,,-0.626411946,0.589180503
Dec,705683,,549808,270351,279457,,155874,68611,44413,42847,,-0.897658252,,-1.039448651,1.161472346,-3.079393485,,-0.394271875,0.505376029,-0.899232417,-1.290114498,,Nov,"1,472,175",53730.08901,"1,420,804",,"8,533,388",199354,"8,334,035",,1.028349083,-6.066047294,1.379216339,,0.635188732,-1.234115286,0.680794537,,Nov,"2,249","1,138",477.3104649,645.6687088,,169.3358671,,839.2781319,"1,963",,-2.602715897,-1.935322007,-4.643813386,-1.002316914,,0.644171379,,1.679446762,2.342730876,,Dec,16584,37367.24225,182799.7017,53382.93797,,71.10634362,249.3857439,"421,185",,126.5194957,188.3,,1.798539071,0.870510956,-0.916193973,-0.679998471,,1.274749272,0.483237283,-1.033984529,,1.037626298,0.266240682
Jan' 26,743620,,582476,269335,313141,,161143,70419,45933,44788,,5.375926585,,5.941710561,-0.375807746,12.05337494,,3.38029434,2.635145968,3.422421363,4.530072117,,Dec,"1,475,515",53530.90844,"1,420,339",,"8,504,437",198141,"8,306,296",,0.226875202,-0.370705828,-0.032771118,,-0.339267358,-0.608465343,-0.332839975,,Dec,"2,279","1,128",482.0271279,644.4337077,,167.992999,,832.0848851,"1,936",,1.32801355,-0.81107115,0.988175056,-0.191274729,,-0.793020464,,-0.857075447,-1.388365527,,Jan '26,16501,37411.30533,185696.1684,53711.45603,,72.5332813,255.7978817,"439,909",,125.2795677,188.6,,-0.500482393,0.117919009,1.584502981,0.61539899,,1.426937687,2.571172533,4.445721295,,-0.980029187,0.159320234
Feb,737328,,580077,282045,298031,,157251,69303,43269,44677,,-0.846131088,,-0.411862463,4.719030204,-4.82530234,,-2.415246086,-1.584799557,-5.799751812,-0.247834241,,Jan '26,1483009,53772.63968,1447257.829,,8599135,200487,8398648,,0.507890465,0.451573204,1.895267327,,1.113512864,1.18400533,1.111831314,,Jan '26,2291.871328,1155.29697,491.4326602,647.2345904,,171.7293829,,838.6612546,"1,968",,0.584842607,2.383020476,1.951245445,0.434626968,,2.22413073,,0.790348398,1.667575769,,Feb,16186,37684.8054,184987.7065,54096.53339,,72.29668576,256.7066938,443287.5156,,127.0184036,189.2,,-1.908975214,0.731062613,-0.381516676,0.716937095,,-0.236595544,0.355285214,0.767892513,,1.387964498,0.318133616
Mar,727230,,566650,272620,294030,,160579,67386,46649,46541,,-1.369539744,,-2.314692705,-3.341665337,-1.342477796,,2.11636174,-2.766114021,7.811597217,4.172169125,,Feb,1505393,53522.40545,1452928.066,,8642675,201564,8441111,,1.509363733,-0.465356046,0.391791758,,0.506329997,0.537191938,0.505593281,,Feb,2289.754022,1159.987343,493.9469326,636.9013808,,171.6039846,,833.8893143,1979.107816,,-0.092383288,0.405988463,0.511620933,-1.596516886,,-0.073020895,,-0.568994973,0.566792609,,Mar,16183,37531.48529,184632.2374,54003.0607,,74.09519652,259.4309637,446667.0078,,130.1650363,189.1,,-0.018534536,-0.406848605,-0.192158244,-0.172788677,,1.798510765,1.061238386,0.762370257,,2.477304567,-0.052854123
Apr,721694,,563247,250414,312832,,158447,65952,45620,46873,,-0.761244723,,-0.600547075,-8.145403859,6.394585587,,-1.327695402,-2.128038465,-2.205835066,0.71334952,,Mar,1507705,53141.88236,1442411.76,,8679969,202457,8477512,,0.153581158,-0.710960367,-0.723800865,,0.43150992,0.443035463,0.431234704,,Mar,2314.374631,1162.527725,492.7486808,656.9740401,,173.5408786,,820.5036075,1934.827144,,1.075251267,0.219000867,-0.242587145,3.151611827,,1.12869994,,-1.605213849,-2.237405726,,Apr,16291,37483.63417,185761.9967,53583.62952,,74.38498607,261.2544811,451389.3838,,126.8664032,189.5,,0.66736699,-0.127495953,0.611897074,-0.776680379,,0.289789542,0.702891189,1.057247559,,-2.534192903,0.211528292
May,761737,,589569,287725,301844,,172168,69270,53012,49879,,5.548473453,,4.673260577,14.89972605,-3.512428396,,8.659678,5.030931587,16.20341955,6.413073624,,Apr,1507818,53578.91131,1445574.692,,8735377,201748,8533629,,0.007494835,0.822381403,0.219280789,,0.638343294,-0.35019782,0.661951289,,Apr,2311.089567,1143.110569,490.8463683,664.5793889,,176.6190416,,829.9712041,1927.437183,,-0.141941731,-1.670253147,-0.386061407,1.157633074,,1.773739407,,1.153876287,-0.381944261,,May,16559,37360.37437,186754.1005,54480.00963,,74.71161861,267.8756946,454635.3613,,129.089129,190.3,,1.645080106,-0.328836313,0.534072541,1.672861867,,0.326632546,2.534392327,0.719108073,,1.752020832,0.422163588
June,749846,,587961,289831,298130,,161885,67117,46557,48198,,-1.561037471,,-0.272741613,0.73194891,-1.230436914,,-5.972654616,-3.108127617,-12.17648834,-3.370155777,,May,1529159,54275.52683,1471492.039,,8801118,206742,8594376,,1.415356495,1.300167358,1.79287494,,0.752583432,2.475365307,0.711854242,,May,2025.964272,1162.600438,216.4369786,667.306748,,173.6029083,,831.5929806,1959.368343,,-12.33726722,1.704985443,-55.90535196,0.410388766,,-1.707705638,,0.195401547,1.656664101,,June,16324,36388.00729,187342.452,53625.00067,,x,x,x,,147.1789697,190.7,,-1.419167824,-2.602669509,0.315040751,-1.569399426,,x,x,x,,14.01345006,0.21019443
,,,,,,,,,,,,,,,,,,,,,,,June,1536430,55074.45952,1480235.99,,8849068,212284,8636784,,0.475490122,1.471994361,0.59422349,,0.544817147,2.680635768,0.493438965,,June,2315.28339,1136.350599,517.7441106,661.3956306,,152.5003728,,827.3966072,1949.615038,,14.28056372,-2.257855613,139.2124091,-0.885817113,,-12.15563473,,-0.504618671,-0.497778019,,July,x,x,x,x,,x,x,x,,126.304686,190.8,,x,x,x,x,,x,x,x,,-14.18292554,0.052438385
,Data Source: Statistics Canada,,,,,,,,,,,,,,,,,,,,,,,,,,,,,,,,,,,,,,,,,,,,,,,,,,,,,,,,,,,,,,,,,,,,,,,,,,,,,,,,,,,
,"Data current as of August  31, 2026",,,,,,,,,,,,,,,,,,,,,,,1Data Source: Statistics Canada & BC Stats,,,,,,,,,,,,,,,,,"Data Source: Vancouver Airport Authority, Victoria Airport Authority and BC Ferries.",,,,,,,,,,,,,,,,,,,,,1Data Source: Statistics Canada (Employment data from Survey of Employment Payroll & Hours) and BC Stats.,,,,,,,,,,,,,,,,,,,,,,
,"Other† is the sum of overseas travellers from Africa, Oceania, and Americas other than U.S.",,,,,,,,,,,,,,,,,,,,,,,x = Data currently not available.,,,,,,,,,,,,,,,,,x = Data currently not available.,,,,,,,,,,,,,,,,,,,,,2Data Source: CBRE Hotels and BC Stats.,,,,,,,,,,,,,,,,,,,,,,
,,,,,,,,,,,,,,,,,,,,,,,,2Seasonally adjusted totals are calculated by Statistics Canada; Food Services and Drinking Places receipts are BC Stats estimates and may not sum exactly to provincial totals.,,,,,,,,,,,,,,,,,1 Airport data from April 2020 to September 2022 is not seasonally adjusted due to COVID-19 disruptions.,,,,,,,,,,,,,,,,,,,,,3Occupancy Rate change expressed as percentage point change.,,,,,,,,,,,,,,,,,,,,,,
,,,,,,,,,,,,,,,,,,,,,,,,,,,,,,,,,,,,,,,,,2 2020 and 2022 annual data for air passenger traffic does not sum to the totals shown in the months below. ,,,,,,,,,,,,,,,,,,,,,"4 Municipal and Regional District Tax (MRDT) tax data are used to generate the monthly room revenue estimates reported in these tables. Users should note that the MRDT is only charged in some communities, so it is not possible to report total room revenues for the province as a whole. ",,,,,,,,,,,,,,,,,,,,,,
,,,,,,,,,,,,,,,,,,,,,,,,"Data current as of August  31, 2026",,,,,,,,,,,,,,,,,"   Monthly figures are unadjusted from April 2020 to September 2022, while the annual total is the sum of non-seasonally adjusted numbers. ",,,,,,,,,,,,,,,,,,,,,"  Furthermore, different communities may impose the tax or opt out of the program at any given time. This means that changes month to month can indicate growth or a reduction in the number of properties in a region, or that existing properties are newly or no longer subject to the tax. ",,,,,,,,,,,,,,,,,,,,,,
,,,,,,,,,,,,,,,,,,,,,,,,,,,,,,,,,,,,,,,,,   Annual data is comparable to previous years because seasonal adjustments sum to zero over a calendar year.,,,,,,,,,,,,,,,,,,,,,  Data from April 2020 to December 2021 is not seasonally adjusted due to COVID-19 disruptions.,,,,,,,,,,,,,,,,,,,,,,
,,,,,,,,,,,,,,,,,,,,,,,,,,,,,,,,,,,,,,,,,"Data current as of August  31, 2026",,,,,,,,,,,,,,,,,,,,,5 Unadjusted data as there is no identifiable seasonality.,,,,,,,,,,,,,,,,,,,,,,
,,,,,,,,,,,,,,,,,,,,,,,,,,,,,,,,,,,,,,,,,,,,,,,,,,,,,,,,,,,,,,x = Data currently not available.,,,,,,,,,,,,,,,,,,,,,,
,,,,,,,,,,,,,,,,,,,,,,,,,,,,,,,,,,,,,,,,,,,,,,,,,,,,,,,,,,,,,,"Data current as of August  31, 2026",,,,,,,,,,,,,,,,,,,,,,
